时间,币种,合约,保证金模式,类型,总额,手续费
2026-08-10 08:00:09,USDT,BTCUSDT,Single-asset,contract_margin_settle_fee,0.01180634,0.0
2026-08-10 00:00:07,USDT,BTCUSDT,Single-asset,contract_margin_settle_fee,-0.01245889827,0.0
2026-08-09 16:00:09,USDT,BTCUSDT,Single-asset,contract_margin_settle_fee,0.0300704313,0.0
2026-08-09 08:00:10,USDT,BTCUSDT,Single-asset,contract_margin_settle_fee,0.00649941292,0.0
2026-08-09 00:00:07,USDT,BTCUSDT,Single-asset,contract_margin_settle_fee,-0.01302194894,0.0
2026-08-08 16:00:08,USDT,BTCUSDT,Single-asset,contract_margin_settle_fee,-0.0005909085,0.0
2026-08-08 08:00:10,USDT,BTCUSDT,Single-asset,contract_margin_settle_fee,0.0017713332,0.0
2026-08-08 00:00:08,USDT,BTCUSDT,Single-asset,contract_margin_settle_fee,-0.0684862724,0.0
2026-08-07 20:11:03,USDT,BTCUSDT,Single-asset,open_short,0.0,-0.05866911
2026-08-07 16:00:09,USDT,BTCUSDT,Single-asset,contract_margin_settle_fee,0.00946320832,0.0
2026-08-07 08:00:10,USDT,BTCUSDT,Single-asset,contract_margin_settle_fee,0.00177470208,0.0
2026-08-07 00:00:10,USDT,BTCUSDT,Single-asset,contract_margin_settle_fee,0.00326838556,0.0
2026-08-06 16:00:07,USDT,BTCUSDT,Single-asset,contract_margin_settle_fee,-0.02652056354,0.0
2026-08-06 08:00:09,USDT,BTCUSDT,Single-asset,contract_margin_settle_fee,-0.037751004,0.0
2026-08-06 00:00:04,USDT,BTCUSDT,Single-asset,contract_margin_settle_fee,-0.00947153984,0.0
2026-08-05 16:00:09,USDT,BTCUSDT,Single-asset,contract_margin_settle_fee,0.0005901294,0.0
2026-08-05 12:28:08,USDT,BTCUSDT,Single-asset,open_short,0.0,-0.05897614
2026-08-05 10:40:48,USDT,SOXLUSDT,Single-asset,close_short,0.3528,-0.00660432
2026-08-05 10:10:38,USDT,SOXLUSDT,Single-asset,open_short,0.0,-0.00667488
2026-08-04 21:30:04,USDT,SOXLUSDT,Single-asset,close_long,-0.2058,-0.01094604
2026-08-04 21:02:16,USDT,SOXLUSDT,Single-asset,open_long,0.0,-0.01106952
2026-08-04 11:11:37,USDT,SOXLUSDT,Single-asset,close_short,0.105599999999,-0.02224896
2026-08-04 10:33:35,USDT,SOXLUSDT,Single-asset,open_short,0.0,-0.00561552
2026-08-04 10:31:35,USDT,SOXLUSDT,Single-asset,open_short,0.0,-0.01120416
2026-08-04 09:02:08,USDT,SOXLUSDT,Single-asset,open_short,0.0,-0.0054504
2026-08-03 16:17:58,USDT,SOXLUSDT,Single-asset,close_short,0.0238,-0.00324212
2026-08-03 16:07:43,USDT,SOXLUSDT,Single-asset,open_short,0.0,-0.00974064
2026-08-03 15:40:56,USDT,SOXLUSDT,Single-asset,close_long,-0.3768,-0.01689696
2026-08-03 15:11:28,USDT,SOXLUSDT,Single-asset,open_long,0.0,-0.01712304
2026-08-02 10:06:46,USDT,BTCUSDT,Single-asset,close_short,1.06857,-0.352295532
2026-08-02 08:00:09,USDT,BTCUSDT,Single-asset,contract_margin_settle_fee,0.04379832675,0.0
2026-08-02 00:00:11,USDT,BTCUSDT,Single-asset,contract_margin_settle_fee,0.00058565727,0.0
2026-08-01 16:00:09,USDT,BTCUSDT,Single-asset,contract_margin_settle_fee,0.01289391246,0.0
2026-08-01 08:00:11,USDT,BTCUSDT,Single-asset,contract_margin_settle_fee,0.0350763264,0.0
2026-08-01 00:00:11,USDT,BTCUSDT,Single-asset,contract_margin_settle_fee,0.058313139,0.0
2026-07-31 19:28:09,USDT,SOXLUSDT,Single-asset,close_short,0.0855,-0.01471512
2026-07-31 19:05:46,USDT,SOXLUSDT,Single-asset,open_short,0.0,-0.00492214
2026-07-31 17:34:50,USDT,SOXLUSDT,Single-asset,close_long,-0.069,-0.0038136
2026-07-31 17:34:50,USDT,SOXLUSDT,Single-asset,close_long,-0.069,-0.0038136
2026-07-31 16:50:26,USDT,SOXLUSDT,Single-asset,open_long,0.0,-0.00257
2026-07-31 16:00:09,USDT,BTCUSDT,Single-asset,contract_margin_settle_fee,0.059442066,0.0
2026-07-31 11:21:44,USDT,SOXLUSDT,Single-asset,close_short,-0.234,-0.00881856
2026-07-31 11:12:30,USDT,SOXLUSDT,Single-asset,open_short,0.0,-0.00289272
2026-07-31 08:00:15,USDT,BTCUSDT,Single-asset,contract_margin_settle_fee,0.00301071225,0.0
2026-07-31 00:00:02,USDT,BTCUSDT,Single-asset,contract_margin_settle_fee,-0.02948173935,0.0
2026-07-30 18:40:34,USDT,SOXLUSDT,Single-asset,close_long,0.3405,-0.0029184
2026-07-30 17:49:59,USDT,SOXLUSDT,Single-asset,open_long,0.0,-0.0028503
2026-07-30 16:00:10,USDT,BTCUSDT,Single-asset,contract_margin_settle_fee,0.04700941215,0.0
2026-07-30 15:55:22,USDT,SOXLUSDT,Single-asset,close_long,-0.0504,-0.0131904
2026-07-30 15:55:22,USDT,SOXLUSDT,Single-asset,close_long,-0.0042,-0.0010992
2026-07-30 15:40:41,USDT,SOXLUSDT,Single-asset,open_long,0.0,-0.00477412
2026-07-30 11:25:32,USDT,SOXLUSDT,Single-asset,close_short,0.2907,-0.0106476
2026-07-30 10:57:34,USDT,SOXLUSDT,Single-asset,open_short,0.0,-0.00360734
2026-07-30 10:30:05,USDT,SOXLUSDT,Single-asset,close_long,-0.2574,-0.00520074
2026-07-30 09:35:56,USDT,SOXLUSDT,Single-asset,open_long,0.0,-0.00535518
2026-07-30 08:00:10,USDT,BTCUSDT,Single-asset,contract_margin_settle_fee,0.02616907656,0.0
2026-07-30 00:00:11,USDT,BTCUSDT,Single-asset,contract_margin_settle_fee,0.01843502637,0.0
2026-07-29 18:49:09,USDT,SOXLUSDT,Single-asset,close_long,-0.368,-0.00645
2026-07-29 17:50:33,USDT,SOXLUSDT,Single-asset,open_long,0.0,-0.0022236
2026-07-29 16:00:09,USDT,BTCUSDT,Single-asset,contract_margin_settle_fee,0.01020224043,0.0
2026-07-29 13:03:25,USDT,SOXLUSDT,Single-asset,close_short,-0.1976,-0.00490896
2026-07-29 11:59:19,USDT,SOXLUSDT,Single-asset,open_short,0.0,-0.0015968
2026-07-29 08:00:10,USDT,BTCUSDT,Single-asset,contract_margin_settle_fee,0.01961091,0.0
2026-07-29 00:00:10,USDT,BTCUSDT,Single-asset,contract_margin_settle_fee,0.02673959715,0.0
2026-07-28 16:00:11,USDT,BTCUSDT,Single-asset,contract_margin_settle_fee,0.03128648247,0.0
2026-07-28 10:38:42,USDT,SOXLUSDT,Single-asset,close_short,0.022,-0.0071376
2026-07-28 10:05:35,USDT,SOXLUSDT,Single-asset,open_short,0.0,-0.0023836
2026-07-28 09:50:37,USDT,BTCUSDT,Single-asset,open_short,0.0,-0.117645558
2026-07-28 09:49:14,USDT,,Single-asset,trans_from_exchange,375.96952837,0.0
2026-07-28 09:34:22,USDT,SOXLUSDT,Single-asset,close_short,0.0384,-0.00584544
2026-07-28 08:56:47,USDT,SOXLUSDT,Single-asset,open_short,0.0,-0.00195616
2026-07-27 12:28:14,USDT,SKHYNIXUSDT,Single-asset,close_short,0.0021,-0.00721614
2026-07-27 12:00:05,USDT,SKHYNIXUSDT,Single-asset,contract_main_settle_fee,0.0729165504,0.0
2026-07-27 11:45:50,USDT,SKHYNIXUSDT,Single-asset,open_short,0.0,-0.02164968
2026-07-27 11:23:45,USDT,HYPEUSDT,Single-asset,close_long,0.08217,-0.009895094
2026-07-27 09:59:59,USDT,HYPEUSDT,Single-asset,open_long,0.0,-0.00987866
2026-07-24 19:17:28,USDT,SOXLUSDT,Single-asset,close_long,0.0023,-0.00719164
2026-07-24 19:05:14,USDT,SOXLUSDT,Single-asset,open_long,0.0,-0.00218862
2026-07-24 19:05:14,USDT,SOXLUSDT,Single-asset,open_long,0.0,-0.00500256
2026-07-24 12:11:58,USDT,SOXLUSDT,Single-asset,close_short,0.154,-0.01996764
2026-07-24 11:36:19,USDT,SOXLUSDT,Single-asset,open_short,0.0,-0.00668668
2026-07-24 11:15:45,USDT,SOXLUSDT,Single-asset,close_short,0.2835,-0.0045825
2026-07-24 10:06:15,USDT,SOXLUSDT,Single-asset,open_short,0.0,-0.0139176
2026-07-23 11:36:59,USDT,SOXLUSDT,Single-asset,close_short,-6.612,-0.21961872
2026-07-23 11:36:59,USDT,SOXLUSDT,Single-asset,close_short,-2.262,-0.07513272
2026-07-23 11:36:59,USDT,SOXLUSDT,Single-asset,close_short,-2.03,-0.0674268
2026-07-23 11:36:59,USDT,SOXLUSDT,Single-asset,close_short,-1.74,-0.0577944
2026-07-23 11:36:59,USDT,SOXLUSDT,Single-asset,close_short,-1.45,-0.048162
2026-07-23 11:36:59,USDT,SOXLUSDT,Single-asset,close_short,-0.116,-0.00385296
2026-07-23 11:36:59,USDT,SOXLUSDT,Single-asset,close_short,-0.116,-0.00385296
2026-07-23 11:14:05,USDT,SOXLUSDT,Single-asset,open_short,0.0,-0.02963632
2026-07-23 11:14:05,USDT,SOXLUSDT,Single-asset,open_short,0.0,-0.063056
2026-07-23 11:14:05,USDT,SOXLUSDT,Single-asset,open_short,0.0,-0.063056
2026-07-22 21:24:23,USDT,SOXLUSDT,Single-asset,close_short,-0.107,-0.0088266
2026-07-22 20:02:30,USDT,SOXLUSDT,Single-asset,open_short,0.0,-0.0029208
2026-07-22 18:21:18,USDT,SOXLUSDT,Single-asset,close_short,-0.312,-0.0135063
2026-07-22 17:41:37,USDT,SOXLUSDT,Single-asset,open_short,0.0,-0.0044397
2026-07-22 17:21:14,USDT,SOXLUSDT,Single-asset,close_short,-0.339,-0.0134541
2026-07-22 15:37:13,USDT,SOXLUSDT,Single-asset,open_short,0.0,-0.0132507
2026-07-21 15:23:00,USDT,SOXLUSDT,Single-asset,close_long,0.195,-0.00389064
2026-07-21 13:48:35,USDT,SOXLUSDT,Single-asset,open_long,0.0,-0.00385164
2026-07-21 11:41:28,USDT,SOXLUSDT,Single-asset,close_long,0.6744,-0.00353256
2026-07-21 10:05:10,USDT,SOXLUSDT,Single-asset,open_long,0.0,-0.01019304
2026-07-20 15:31:24,USDT,CLUSDT,Single-asset,user_grants_recycle,-2.965845216,0.0
2026-07-20 15:31:24,USDT,CLUSDT,Single-asset,close_long,2.83536,-0.035856
2026-07-17 20:00:04,USDT,CLUSDT,Single-asset,contract_margin_settle_fee,0.00023097888,0.0
2026-07-17 15:35:28,USDT,HYPEUSDT,Single-asset,close_short,0.36566,-0.005497496
2026-07-17 14:10:58,USDT,HYPEUSDT,Single-asset,open_short,0.0,-0.016711884
2026-07-17 12:48:13,USDT,HYPEUSDT,Single-asset,close_short,0.05184,-0.011545728
2026-07-17 12:00:04,USDT,HYPEUSDT,Single-asset,contract_margin_settle_fee,0.000959904,0.0
2026-07-17 11:40:35,USDT,HYPEUSDT,Single-asset,open_short,0.0,-0.011576832
2026-07-17 03:00:11,USDT,,Single-asset,trans_from_strategy,19.43821232,0.0
2026-07-17 01:00:02,USDT,,Single-asset,trans_from_strategy,0.1832642,0.0
2026-07-16 23:00:01,USDT,,Single-asset,trans_from_strategy,0.27148697,0.0
2026-07-16 22:00:02,USDT,,Single-asset,trans_from_strategy,0.64686733,0.0
2026-07-16 21:00:01,USDT,,Single-asset,trans_from_strategy,0.44199299,0.0
2026-07-16 20:00:02,USDT,,Single-asset,trans_from_strategy,0.11895204,0.0
2026-07-16 18:00:01,USDT,,Single-asset,trans_from_strategy,0.19138334,0.0
2026-07-16 16:17:02,USDT,HYPEUSDT,Single-asset,close_short,0.71732,-0.010366064
2026-07-16 16:00:14,USDT,HYPEUSDT,Single-asset,contract_margin_settle_fee,0.0026260785,0.0
2026-07-16 15:31:03,USDT,HYPEUSDT,Single-asset,open_short,0.0,-0.031528584
2026-07-16 15:28:47,USDT,HYPEUSDT,Single-asset,close_long,-0.2482,-0.029159412
2026-07-16 14:53:36,USDT,HYPEUSDT,Single-asset,open_long,0.0,-0.009769444
2026-07-16 14:43:40,USDT,,Single-asset,trans_to_strategy,-17.43,0.0
2026-07-16 14:36:09,USDT,CLUSDT,Single-asset,open_long,0.0,-0.034154784
2026-07-16 14:36:09,USDT,CLUSDT,Single-asset,user_grants_issue,3.0,0.0
2026-07-15 13:23:08,USDT,SOLUSDT,Single-asset,close_long,-0.1267,-0.03265206
2026-07-15 12:57:39,USDT,SOLUSDT,Single-asset,open_long,0.0,-0.01090936
2026-07-13 21:41:24,USDT,HYPEUSDT,Single-asset,close_short,0.44446,-0.009030206
2026-07-13 21:02:02,USDT,HYPEUSDT,Single-asset,open_short,0.0,-0.009119098
2026-07-13 15:22:59,USDT,HYPEUSDT,Single-asset,close_short,-0.15732,-0.029811
2026-07-13 14:31:56,USDT,HYPEUSDT,Single-asset,open_short,0.0,-0.029716608
2026-07-13 13:40:25,USDT,SOXLUSDT,Single-asset,close_short,-0.4056,-0.0126036
2026-07-13 13:30:09,USDT,SOXLUSDT,Single-asset,open_short,0.0,-0.00412008
2026-07-10 14:55:18,USDT,SOXLUSDT,Single-asset,close_long,0.0486,-0.020412
2026-07-10 14:55:18,USDT,SOXLUSDT,Single-asset,close_long,0.0054,-0.002268
2026-07-10 14:55:18,USDT,SOXLUSDT,Single-asset,close_long,0.0054,-0.002268
2026-07-10 14:45:19,USDT,SOXLUSDT,Single-asset,open_long,0.0,-0.00830412
2026-07-10 14:28:43,USDT,SOLUSDT,Single-asset,close_long,-0.0354,-0.02838996
2026-07-10 14:28:43,USDT,SOLUSDT,Single-asset,close_long,-0.0059,-0.00473166
2026-07-10 14:04:42,USDT,HYPEUSDT,Single-asset,close_long,-0.16744,-0.022831872
2026-07-10 12:00:01,USDT,HYPEUSDT,Single-asset,contract_margin_settle_fee,-0.001916264,0.0
2026-07-10 11:36:17,USDT,HYPEUSDT,Single-asset,open_long,0.0,-0.007644112
2026-07-10 10:36:39,USDT,SOLUSDT,Single-asset,open_long,0.0,-0.0284112
2026-07-10 10:36:39,USDT,SOLUSDT,Single-asset,open_long,0.0,-0.0047352
2026-07-10 10:32:55,USDT,KORUUSDT,Single-asset,close_short,-0.169,-0.00664992
2026-07-10 10:02:19,USDT,KORUUSDT,Single-asset,open_short,0.0,-0.00218284
2026-07-09 22:15:22,USDT,SOXLUSDT,Single-asset,close_long,-0.3955,-0.00833658
2026-07-09 21:55:37,USDT,SOXLUSDT,Single-asset,open_long,0.0,-0.00285796
2026-07-09 21:48:44,USDT,SOXLUSDT,Single-asset,close_long,0.0522,-0.00723168
2026-07-09 20:39:11,USDT,SOXLUSDT,Single-asset,open_long,0.0,-0.0020001
2026-07-09 20:39:11,USDT,SOXLUSDT,Single-asset,open_long,0.0,-0.00040002
2026-07-09 17:53:59,USDT,SOLUSDT,Single-asset,close_short,-0.1582,-0.032781
2026-07-09 17:45:48,USDT,SOLUSDT,Single-asset,open_short,0.0,-0.01089536
2026-07-09 16:20:34,USDT,HYPEUSDT,Single-asset,close_short,-0.1302,-0.02862678
2026-07-09 16:20:34,USDT,HYPEUSDT,Single-asset,close_short,-0.00744,-0.001635816
2026-07-09 16:10:43,USDT,HYPEUSDT,Single-asset,open_short,0.0,-0.010060004
2026-07-09 16:01:00,USDT,SOXLUSDT,Single-asset,close_long,0.0319,-0.01216776
2026-07-09 16:00:15,USDT,HYPEUSDT,Single-asset,contract_main_settle_fee,0.001974204,0.0
2026-07-09 16:00:06,USDT,HYPEUSDT,Single-asset,close_short,-0.14674,-0.023688708
2026-07-09 15:28:35,USDT,HYPEUSDT,Single-asset,open_short,0.0,-0.007866888
2026-07-09 15:15:57,USDT,SOXLUSDT,Single-asset,open_long,0.0,-0.00404954
2026-07-09 14:53:50,USDT,SOXLUSDT,Single-asset,close_long,0.0,-0.00400554
2026-07-09 14:37:57,USDT,HYPEUSDT,Single-asset,close_long,0.03612,-0.005863394
2026-07-09 14:26:05,USDT,HYPEUSDT,Single-asset,open_long,0.0,-0.00585617
2026-07-09 14:22:47,USDT,SOXLUSDT,Single-asset,open_long,0.0,-0.01201662
2026-07-09 14:10:34,USDT,SOLUSDT,Single-asset,close_long,0.0556,-0.01875
2026-07-09 13:41:57,USDT,SOLUSDT,Single-asset,open_long,0.0,-0.00623888
2026-07-09 13:34:46,USDT,SOXLUSDT,Single-asset,close_short,0.0276,-0.01269288
2026-07-09 13:29:45,USDT,SOXLUSDT,Single-asset,open_short,0.0,-0.00423648
2026-07-09 12:36:29,USDT,HYPEUSDT,Single-asset,close_short,-0.11718,-0.012571926
2026-07-09 12:30:42,USDT,SOXLUSDT,Single-asset,close_short,0.0363,-0.0115566
2026-07-09 12:03:04,USDT,SOXLUSDT,Single-asset,open_short,0.0,-0.00385946
2026-07-09 12:00:01,USDT,HYPEUSDT,Single-asset,contract_margin_settle_fee,0.00056202876,0.0
2026-07-09 10:44:33,USDT,SOXLUSDT,Single-asset,close_long,-0.067,-0.0021018
2026-07-09 10:44:33,USDT,SOXLUSDT,Single-asset,close_long,-0.1336,-0.00420384
2026-07-09 10:35:01,USDT,HYPEUSDT,Single-asset,open_short,0.0,-0.012501618
2026-07-09 10:24:03,USDT,SOXLUSDT,Single-asset,open_long,0.0,-0.002142
2026-07-08 17:15:17,USDT,SOXLUSDT,Single-asset,close_short,0.7374,-0.00177924
2026-07-08 16:20:44,USDT,SOXLUSDT,Single-asset,open_short,0.0,-0.00578016
2026-07-08 16:14:25,USDT,SOXLUSDT,Single-asset,close_short,-0.3304,-0.00699888
2026-07-08 14:11:44,USDT,SOXLUSDT,Single-asset,open_short,0.0,-0.00680064
2026-07-08 11:10:39,USDT,SOXLUSDT,Single-asset,close_short,-0.138,-0.0051087
2026-07-08 09:55:29,USDT,SOXLUSDT,Single-asset,open_short,0.0,-0.0050259
2026-07-07 22:58:11,USDT,HYPEUSDT,Single-asset,close_short,-0.31977,-0.014305302
2026-07-07 21:55:54,USDT,HYPEUSDT,Single-asset,open_short,0.0,-0.00470448
2026-07-07 19:02:39,USDT,HYPEUSDT,Single-asset,close_long,-0.02286,-0.002560968
2026-07-07 19:02:39,USDT,HYPEUSDT,Single-asset,close_long,-0.1444,-0.016219692
2026-07-07 19:02:39,USDT,HYPEUSDT,Single-asset,close_long,-0.00372,-0.000426882
2026-07-07 17:10:07,USDT,HYPEUSDT,Single-asset,open_long,0.0,-0.01931013
2026-07-07 17:03:02,USDT,HYPEUSDT,Single-asset,close_short,-0.23608,-0.02217228
2026-07-07 16:35:42,USDT,HYPEUSDT,Single-asset,open_short,0.0,-0.007343544
2026-07-07 12:02:36,USDT,SOLUSDT,Single-asset,close_short,0.6216,-0.00970728
2026-07-07 11:05:06,USDT,SOXLUSDT,Single-asset,close_short,0.0175,-0.00777
2026-07-07 11:05:06,USDT,SOXLUSDT,Single-asset,close_short,0.01,-0.00444
2026-07-07 10:25:51,USDT,SOXLUSDT,Single-asset,open_short,0.0,-0.0040755
2026-07-07 09:56:39,USDT,SOLUSDT,Single-asset,open_short,0.0,-0.0098316
2026-07-06 19:59:01,USDT,HYPEUSDT,Single-asset,close_short,0.38868,-0.011521492
2026-07-06 19:43:18,USDT,HYPEUSDT,Single-asset,open_short,0.0,-0.011599228
2026-07-06 14:11:27,USDT,SOXLUSDT,Single-asset,close_long,-0.1608,-0.01385928
2026-07-06 14:00:19,USDT,SOXLUSDT,Single-asset,open_long,0.0,-0.00465192
2026-07-06 13:29:34,USDT,SOXLUSDT,Single-asset,close_long,0.0132,-0.00691668
2026-07-06 12:17:44,USDT,SOXLUSDT,Single-asset,open_long,0.0,-0.00230292
2026-07-06 11:55:40,USDT,HYPEUSDT,Single-asset,close_short,0.34992,-0.007703748
2026-07-06 11:13:58,USDT,HYPEUSDT,Single-asset,open_short,0.0,-0.007773732
2026-07-05 23:03:45,USDT,SOLUSDT,Single-asset,close_long,0.4752,-0.009792
2026-07-05 21:05:11,USDT,SOLUSDT,Single-asset,open_long,0.0,-0.02909088
2026-07-05 19:01:01,USDT,SOLUSDT,Single-asset,close_short,0.0204,-0.01933368
2026-07-05 16:00:04,USDT,SOLUSDT,Single-asset,contract_margin_settle_fee,0.000161346,0.0
2026-07-05 10:08:06,USDT,SOLUSDT,Single-asset,open_short,0.0,-0.00644864
2026-07-04 15:57:40,USDT,SOLUSDT,Single-asset,close_short,-0.1668,-0.02979972
2026-07-04 14:56:16,USDT,SOLUSDT,Single-asset,open_short,0.0,-0.00164998
2026-07-04 14:56:14,USDT,SOLUSDT,Single-asset,open_short,0.0,-0.0082499
2026-07-03 16:53:13,USDT,HYPEUSDT,Single-asset,close_long,0.01342,-0.024675354
2026-07-03 16:00:01,USDT,HYPEUSDT,Single-asset,contract_margin_settle_fee,-0.002052955,0.0
2026-07-03 15:43:00,USDT,HYPEUSDT,Single-asset,open_long,0.0,-0.00471779
2026-07-03 15:43:00,USDT,HYPEUSDT,Single-asset,open_long,0.0,-0.001078352
2026-07-03 15:43:00,USDT,HYPEUSDT,Single-asset,open_long,0.0,-0.001213146
2026-07-03 15:43:00,USDT,HYPEUSDT,Single-asset,open_long,0.0,-0.001213146
2026-07-03 11:32:34,USDT,HYPEUSDT,Single-asset,close_short,-0.12338,-0.024809796
2026-07-03 10:44:29,USDT,HYPEUSDT,Single-asset,open_short,0.0,-0.000132988
2026-07-03 10:44:29,USDT,HYPEUSDT,Single-asset,open_short,0.0,-0.00797928
2026-07-03 10:44:25,USDT,HYPEUSDT,Single-asset,open_short,0.0,-0.000132988
2026-07-03 10:29:57,USDT,SOLUSDT,Single-asset,close_long,-0.3042,-0.02919708
2026-07-03 09:53:13,USDT,SOLUSDT,Single-asset,open_long,0.0,-0.0097932
2026-07-02 20:21:16,USDT,SOLUSDT,Single-asset,close_long,0.046,-0.00490242
2026-07-02 19:45:04,USDT,HYPEUSDT,Single-asset,close_long,0.34944,-0.007281792
2026-07-02 18:52:27,USDT,HYPEUSDT,Single-asset,open_long,0.0,-0.007211904
2026-07-02 18:43:21,USDT,SOLUSDT,Single-asset,open_long,0.0,-0.00162494
2026-07-02 15:45:35,USDT,SOXLUSDT,Single-asset,close_short,0.008,-0.00499512
2026-07-02 15:45:35,USDT,SOXLUSDT,Single-asset,close_short,0.008,-0.00499512
2026-07-02 14:50:14,USDT,SOXLUSDT,Single-asset,open_short,0.0,-0.00333328
2026-07-02 14:25:36,USDT,HYPEUSDT,Single-asset,close_short,-0.11571,-0.021685194
2026-07-02 14:22:50,USDT,SOLUSDT,Single-asset,close_short,-0.253,-0.0234921
2026-07-02 14:06:36,USDT,HYPEUSDT,Single-asset,open_short,0.0,-0.007205256
2026-07-02 13:40:08,USDT,SOLUSDT,Single-asset,open_short,0.0,-0.0077801
2026-07-02 12:20:18,USDT,HYPEUSDT,Single-asset,close_long,0.11172,-0.01064784
2026-07-02 12:18:33,USDT,SOXLUSDT,Single-asset,close_short,0.3955,-0.00307678
2026-07-02 12:00:01,USDT,HYPEUSDT,Single-asset,contract_margin_settle_fee,-0.00078376144,0.0
2026-07-02 10:30:06,USDT,SOXLUSDT,Single-asset,open_short,0.0,-0.00315588
2026-07-02 09:51:07,USDT,SOLUSDT,Single-asset,close_long,0.0422,-0.00468246
2026-07-02 09:51:07,USDT,SOLUSDT,Single-asset,close_long,0.1266,-0.01404738
2026-07-02 09:37:00,USDT,HYPEUSDT,Single-asset,open_long,0.0,-0.003526936
2026-07-02 09:15:58,USDT,SOLUSDT,Single-asset,open_long,0.0,-0.01862856
2026-07-01 23:06:44,USDT,HYPEUSDT,Single-asset,close_short,-0.22275,-0.0096369
2026-07-01 22:37:53,USDT,HYPEUSDT,Single-asset,open_short,0.0,-0.00316775
2026-07-01 22:33:15,USDT,HYPEUSDT,Single-asset,close_long,-0.39034,-0.022130712
2026-07-01 22:17:12,USDT,SOLUSDT,Single-asset,close_long,0.336,-0.0076952
2026-07-01 22:15:02,USDT,SOLUSDT,Single-asset,open_long,0.0,-0.007628
2026-07-01 22:11:06,USDT,HYPEUSDT,Single-asset,open_long,0.0,-0.007454972
2026-07-01 21:30:35,USDT,HYPEUSDT,Single-asset,close_long,-0.17052,-0.021800808
2026-07-01 21:06:54,USDT,HYPEUSDT,Single-asset,open_long,0.0,-0.00490932
2026-07-01 21:06:52,USDT,HYPEUSDT,Single-asset,open_long,0.0,-0.00113292
2026-07-01 21:05:59,USDT,HYPEUSDT,Single-asset,open_long,0.0,-0.0012588
2026-07-01 14:51:46,USDT,HYPEUSDT,Single-asset,close_short,0.1075,-0.033498204
2026-07-01 14:21:02,USDT,HYPEUSDT,Single-asset,open_short,0.0,-0.011187568
2026-07-01 14:06:27,USDT,SOLUSDT,Single-asset,close_long,0.0291,-0.0135063
2026-07-01 10:45:04,USDT,SOLUSDT,Single-asset,open_long,0.0,-0.00449628
2026-06-19 22:28:19,USDT,HYPEUSDT,Single-asset,close_short,-0.2472,-0.02459988
2026-06-19 22:17:02,USDT,HYPEUSDT,Single-asset,open_short,0.0,-0.00815052
2026-06-19 18:08:41,USDT,HYPEUSDT,Single-asset,close_short,-0.12587,-0.0164697
2026-06-19 18:03:16,USDT,HYPEUSDT,Single-asset,open_short,0.0,-0.005464726
2026-06-19 16:23:34,USDT,HYPEUSDT,Single-asset,close_short,-0.31108,-0.017812608
2026-06-19 16:00:04,USDT,HYPEUSDT,Single-asset,contract_margin_settle_fee,0.001464166,0.0
2026-06-19 15:35:57,USDT,HYPEUSDT,Single-asset,open_short,0.0,-0.00587532
2026-06-19 14:13:05,USDT,HYPEUSDT,Single-asset,close_short,-0.16794,-0.021729708
2026-06-19 14:11:18,USDT,HYPEUSDT,Single-asset,open_short,0.0,-0.021628944
2026-06-19 11:13:49,USDT,HYPEUSDT,Single-asset,close_long,0.07076,-0.023479212
2026-06-19 10:47:35,USDT,HYPEUSDT,Single-asset,open_long,0.0,-0.007812252
2026-06-18 21:34:15,USDT,HYPEUSDT,Single-asset,close_short,0.33588,-0.00767232
2026-06-18 21:30:20,USDT,HYPEUSDT,Single-asset,open_short,0.0,-0.007739496
2026-06-18 19:40:35,USDT,HYPEUSDT,Single-asset,close_short,0.3384,-0.013324312
2026-06-18 19:37:37,USDT,HYPEUSDT,Single-asset,open_short,0.0,-0.013391992
2026-06-18 18:50:51,USDT,HYPEUSDT,Single-asset,close_short,-0.286940000001,-0.02459835
2026-06-18 18:40:30,USDT,HYPEUSDT,Single-asset,open_short,0.0,-0.01714104
2026-06-18 18:40:30,USDT,HYPEUSDT,Single-asset,open_short,0.0,-0.007285146
2026-06-18 15:10:18,USDT,HYPEUSDT,Single-asset,close_long,0.22032,-0.02294568
2026-06-18 14:28:03,USDT,HYPEUSDT,Single-asset,open_long,0.0,-0.007604496
2026-06-18 14:22:52,USDT,HYPEUSDT,Single-asset,close_short,-0.29148,-0.035372736
2026-06-18 14:11:09,USDT,HYPEUSDT,Single-asset,open_short,0.0,-0.035197848
2026-06-18 12:46:25,USDT,HYPEUSDT,Single-asset,close_short,0.3695,-0.0068789
2026-06-18 12:20:26,USDT,HYPEUSDT,Single-asset,open_short,0.0,-0.0069528
2026-06-17 23:56:48,USDT,HYPEUSDT,Single-asset,close_long,0.43,-0.00593728
2026-06-17 23:37:00,USDT,HYPEUSDT,Single-asset,open_long,0.0,-0.00585128
2026-06-17 22:50:39,USDT,HYPEUSDT,Single-asset,close_short,-0.26488,-0.01907928
2026-06-17 22:50:39,USDT,HYPEUSDT,Single-asset,close_short,-0.01806,-0.00130086
2026-06-17 22:50:39,USDT,HYPEUSDT,Single-asset,close_short,-0.0301,-0.0021681
2026-06-17 22:47:35,USDT,HYPEUSDT,Single-asset,open_short,0.0,-0.022360416
2026-06-17 20:49:01,USDT,HYPEUSDT,Single-asset,close_short,0.13464,-0.00727566
2026-06-17 20:32:51,USDT,HYPEUSDT,Single-asset,close_short,0.33232,-0.00224144
2026-06-17 20:32:51,USDT,HYPEUSDT,Single-asset,close_short,0.04154,-0.00028018
2026-06-17 20:00:03,USDT,HYPEUSDT,Single-asset,contract_margin_settle_fee,0.001242325,0.0
2026-06-17 18:49:35,USDT,HYPEUSDT,Single-asset,open_short,0.0,-0.003894588
2026-06-17 18:49:35,USDT,HYPEUSDT,Single-asset,open_short,0.0,-0.001153952
2026-06-17 18:24:33,USDT,SOXLUSDT,Single-asset,close_short,-0.2022,-0.00871776
2026-06-17 18:07:35,USDT,SOXLUSDT,Single-asset,open_short,0.0,-0.00859644
2026-06-17 17:50:43,USDT,SOXLUSDT,Single-asset,close_long,-0.32,-0.0289932
2026-06-17 17:01:37,USDT,SOXLUSDT,Single-asset,open_long,0.0,-0.0097284
2026-06-17 01:49:41,USDT,ETHUSDT,Single-asset,close_long,0.818,-0.0143792
2026-06-17 00:00:03,USDT,ETHUSDT,Single-asset,contract_margin_settle_fee,-0.0031353872,0.0
2026-06-16 22:37:38,USDT,ETHUSDT,Single-asset,open_long,0.0,-0.0426468
2026-06-16 21:10:17,USDT,SOLUSDT,Single-asset,close_long,-0.1386,-0.0089184
2026-06-16 21:10:17,USDT,SOLUSDT,Single-asset,close_long,-0.1386,-0.0089184
2026-06-16 20:20:30,USDT,SOLUSDT,Single-asset,open_long,0.0,-0.00600104
2026-06-16 16:48:47,USDT,SOLUSDT,Single-asset,close_long,0.3948,-0.00601048
2026-06-16 16:00:03,USDT,SOLUSDT,Single-asset,contract_margin_settle_fee,2.97684e-05,0.0
2026-06-16 15:12:56,USDT,HYPEUSDT,Single-asset,close_long,-0.21897,-0.0116559
2026-06-16 15:06:09,USDT,HYPEUSDT,Single-asset,open_long,0.0,-0.011787282
2026-06-16 14:47:58,USDT,SOLUSDT,Single-asset,open_long,0.0,-0.00593152
2026-06-16 13:03:13,USDT,SOLUSDT,Single-asset,close_short,0.0704,-0.0176484
2026-06-16 12:30:34,USDT,ETHUSDT,Single-asset,close_short,0.528,-0.0176425
2026-06-16 12:16:26,USDT,SOLUSDT,Single-asset,open_short,0.0,-0.00589688
2026-06-16 12:16:12,USDT,ETHUSDT,Single-asset,open_short,0.0,-0.0177481
2026-06-15 23:45:49,USDT,BTCUSDT,Single-asset,close_long,0.33368,-0.010701888
2026-06-15 22:20:26,USDT,BTCUSDT,Single-asset,open_long,0.0,-0.010635152
2026-06-15 21:11:14,USDT,ETHUSDT,Single-asset,close_long,0.5103,-0.00716136
2026-06-15 19:51:55,USDT,ETHUSDT,Single-asset,open_long,0.0,-0.00352962
2026-06-15 19:50:48,USDT,ETHUSDT,Single-asset,open_long,0.0,-0.00352968
2026-06-15 12:02:18,USDT,HYPEUSDT,Single-asset,close_long,1.254,-0.009963296
2026-06-15 12:00:00,USDT,HYPEUSDT,Single-asset,contract_margin_settle_fee,-0.002480146,0.0
2026-06-15 09:47:09,USDT,HYPEUSDT,Single-asset,open_long,0.0,-0.029137488
2026-06-15 05:15:17,USDT,SOLUSDT,Single-asset,close_long,0.3545,-0.0068059
2026-06-15 00:00:03,USDT,SOLUSDT,Single-asset,contract_margin_settle_fee,0.000336975,0.0
2026-06-14 23:09:09,USDT,SOLUSDT,Single-asset,open_long,0.0,-0.006735
2026-06-14 21:05:30,USDT,BEATUSDT,Single-asset,close_short,0.01196,-0.006579372
2026-06-14 20:54:21,USDT,BEATUSDT,Single-asset,open_short,0.0,-0.002195516
2026-06-14 19:04:00,USDT,SOLUSDT,Single-asset,close_long,-0.1592,-0.01632864
2026-06-14 19:04:00,USDT,SOLUSDT,Single-asset,close_long,-0.0796,-0.00816432
2026-06-14 17:58:00,USDT,SOLUSDT,Single-asset,open_long,0.0,-0.00821208
2026-06-14 17:16:10,USDT,SOLUSDT,Single-asset,close_short,0.3094,-0.01905652
2026-06-14 16:42:22,USDT,BEATUSDT,Single-asset,close_short,-0.23198,-0.008214552
2026-06-14 16:22:14,USDT,SOLUSDT,Single-asset,open_short,0.0,-0.0095592
2026-06-14 16:22:14,USDT,SOLUSDT,Single-asset,open_short,0.0,-0.0095592
2026-06-14 16:17:28,USDT,BEATUSDT,Single-asset,open_short,0.0,-0.008075364
2026-06-14 16:00:05,USDT,BEATUSDT,Single-asset,close_short,-0.33942,-0.004302
2026-06-14 16:00:05,USDT,BEATUSDT,Single-asset,close_short,-0.33942,-0.004302
2026-06-14 16:00:04,USDT,BEATUSDT,Single-asset,contract_main_settle_fee,0.00027147618,0.0
2026-06-14 14:19:19,USDT,BEATUSDT,Single-asset,open_short,0.0,-0.002732232
2026-06-14 13:54:06,USDT,BEATUSDT,Single-asset,close_short,-0.76014,-0.008564892
2026-06-14 12:32:08,USDT,BEATUSDT,Single-asset,open_short,0.0,-0.008108808
2026-06-13 18:18:39,USDT,BEATUSDT,Single-asset,close_long,0.40608,-0.022029672
2026-06-13 18:18:39,USDT,BEATUSDT,Single-asset,close_long,0.21048,-0.0110193
2026-06-13 16:23:28,USDT,BEATUSDT,Single-asset,open_long,0.0,-0.016366806
2026-06-13 16:23:09,USDT,BEATUSDT,Single-asset,open_long,0.0,-0.010875864
2026-06-13 16:23:09,USDT,BEATUSDT,Single-asset,open_long,0.0,-0.005436366
2026-06-13 16:16:27,USDT,SIRENUSDT,Single-asset,close_short,-2.7216,-0.00682458
2026-06-13 16:00:05,USDT,SIRENUSDT,Single-asset,contract_margin_settle_fee,0.0078858339,0.0
2026-06-13 14:14:29,USDT,SIRENUSDT,Single-asset,adjust_margin_ifm,10.0,0.0
2026-06-13 14:12:03,USDT,SIRENUSDT,Single-asset,open_short,0.0,-0.00519162
2026-06-11 12:12:49,USDT,XAUUSDT,Single-asset,close_short,0.0804,-0.0245184
2026-06-11 12:00:03,USDT,XAUUSDT,Single-asset,contract_margin_settle_fee,0.0032225127,0.0
2026-06-11 10:16:43,USDT,XAUUSDT,Single-asset,open_short,0.0,-0.00818888
2026-06-10 16:03:33,USDT,XAUUSDT,Single-asset,close_short,0.5416,-0.0166906
2026-06-10 16:00:04,USDT,XAUUSDT,Single-asset,contract_margin_settle_fee,0.0051983032,0.0
2026-06-10 15:27:45,USDT,XAUUSDT,Single-asset,open_short,0.0,-0.01679892
2026-06-10 15:26:15,USDT,BTCUSDT,Single-asset,close_short,-0.03022,-0.003696108
2026-06-10 14:08:25,USDT,XAUUSDT,Single-asset,close_short,-0.4215,-0.025356
2026-06-10 12:00:02,USDT,XAUUSDT,Single-asset,contract_margin_settle_fee,0.0072496688,0.0
2026-06-10 10:33:37,USDT,XAUUSDT,Single-asset,adjust_down_leverage,3.163575,0.0
2026-06-10 10:33:07,USDT,XAUUSDT,Single-asset,adjust_margin_ifm,0.6,0.0
2026-06-10 10:32:50,USDT,XAUUSDT,Single-asset,open_short,0.0,-0.0251031
2026-06-10 08:00:03,USDT,BTCUSDT,Single-asset,contract_margin_settle_fee,-8.020389e-05,0.0
2026-06-10 00:00:05,USDT,BTCUSDT,Single-asset,contract_margin_settle_fee,0.0003422328,0.0
2026-06-09 22:46:03,USDT,BTCUSDT,Single-asset,open_short,0.0,-0.001225992
2026-06-07 13:18:11,USDT,BTCUSDT,Single-asset,close_long,0.46347,-0.008687868
2026-06-07 09:16:48,USDT,BTCUSDT,Single-asset,open_long,0.0,-0.008595174
2026-06-06 20:52:55,USDT,ZECUSDT,Single-asset,close_short,-0.22439,-0.004258014
2026-06-06 20:00:01,USDT,ZECUSDT,Single-asset,contract_margin_settle_fee,-0.00165681558,0.0
2026-06-06 18:31:49,USDT,ZECUSDT,Single-asset,open_short,0.0,-0.00137446
2026-06-05 20:47:44,USDT,ZECUSDT,Single-asset,close_short,0.50468,-0.00820116
2026-06-05 20:00:02,USDT,ZECUSDT,Single-asset,contract_margin_settle_fee,0.000659362,0.0
2026-06-05 19:07:10,USDT,HYPEUSDT,Single-asset,close_short,-0.19152,-0.008900928
2026-06-05 19:07:10,USDT,HYPEUSDT,Single-asset,close_short,-0.19128,-0.008900784
2026-06-05 19:05:39,USDT,ZECUSDT,Single-asset,open_short,0.0,-0.002834656
2026-06-05 18:15:56,USDT,HYPEUSDT,Single-asset,open_short,0.0,-0.017572032
2026-06-05 15:06:00,USDT,ZECUSDT,Single-asset,close_short,3.40255,-0.00516681
2026-06-05 14:23:33,USDT,ZECUSDT,Single-asset,open_short,0.0,-0.013001688
2026-06-05 14:23:33,USDT,ZECUSDT,Single-asset,open_short,0.0,-0.004540272
2026-06-05 12:56:14,USDT,ZECUSDT,Single-asset,close_short,0.150719999999,-0.017383344
2026-06-05 12:00:02,USDT,ZECUSDT,Single-asset,contract_main_settle_fee,0.00820912302,0.0
2026-06-05 10:40:32,USDT,ZECUSDT,Single-asset,open_short,0.0,-0.00837669
2026-06-05 10:40:32,USDT,ZECUSDT,Single-asset,open_short,0.0,-0.004548486
2026-06-05 10:40:32,USDT,ZECUSDT,Single-asset,open_short,0.0,-0.0045486
2026-06-04 21:28:07,USDT,SOXLUSDT,Single-asset,close_short,0.385,-0.00535546
2026-06-04 21:01:16,USDT,SOXLUSDT,Single-asset,open_short,0.0,-0.01629738
2026-06-04 18:27:48,USDT,BTCUSDT,Single-asset,close_short,0.4276,-0.005007192
2026-06-04 16:00:04,USDT,BTCUSDT,Single-asset,contract_margin_settle_fee,-0.0011442708,0.0
2026-06-04 13:22:10,USDT,BTCUSDT,Single-asset,adjust_margin_ifm,0.5,0.0
2026-06-04 13:22:00,USDT,BTCUSDT,Single-asset,open_short,0.0,-0.005092712
2026-06-04 13:19:58,USDT,BTCUSDT,Single-asset,close_long,-0.28808,-0.0153132
2026-06-04 12:05:51,USDT,BTCUSDT,Single-asset,adjust_margin_ifm,0.5,0.0
2026-06-04 12:05:12,USDT,BTCUSDT,Single-asset,open_long,0.0,-0.005162016
2026-06-04 10:05:00,USDT,HYPEUSDT,Single-asset,close_short,0.8128,-0.00563008
2026-06-04 09:46:48,USDT,HYPEUSDT,Single-asset,open_short,0.0,-0.01737792
2026-06-04 09:01:09,USDT,BTCUSDT,Single-asset,risk_captital_user_transfer,1e-12,0.0
2026-06-04 09:01:08,USDT,BTCUSDT,Single-asset,burst_close_short,-0.177636044374,-0.011451855627
2026-06-04 08:53:57,USDT,BTCUSDT,Single-asset,open_short,0.0,-0.011345274
2026-06-03 23:47:17,USDT,BTCUSDT,Single-asset,close_short,0.35288,-0.005293264
2026-06-03 19:52:35,USDT,BTCUSDT,Single-asset,adjust_margin_ifm,0.4,0.0
2026-06-03 19:48:37,USDT,HYPEUSDT,Single-asset,close_long,-0.4444,-0.01732512
2026-06-03 19:48:08,USDT,BTCUSDT,Single-asset,open_short,0.0,-0.00536384
2026-06-03 19:34:59,USDT,WLDUSDT,Single-asset,close_long,-0.8856,-0.0164268
2026-06-03 19:22:39,USDT,WLDUSDT,Single-asset,open_long,0.0,-0.00188424
2026-06-03 19:22:39,USDT,WLDUSDT,Single-asset,open_long,0.0,-0.01507392
2026-06-03 19:18:57,USDT,HYPEUSDT,Single-asset,open_long,0.0,-0.00586392
2026-06-03 18:07:06,USDT,BTCUSDT,Single-asset,close_short,-0.14425,-0.02020317
2026-06-03 16:15:52,USDT,BTCUSDT,Single-asset,adjust_margin_ifm,0.5,0.0
2026-06-03 16:15:32,USDT,BTCUSDT,Single-asset,open_short,0.0,-0.00670554
2026-06-03 00:05:59,USDT,HYPEUSDT,Single-asset,close_short,-0.0819,-0.00217623
2026-06-03 00:05:59,USDT,HYPEUSDT,Single-asset,close_short,-0.58896,-0.015668424
2026-06-03 00:00:04,USDT,HYPEUSDT,Single-asset,contract_margin_settle_fee,0.001474524,0.0
2026-06-02 23:20:14,USDT,HYPEUSDT,Single-asset,open_short,0.0,-0.017442138
2026-06-02 22:31:13,USDT,HYPEUSDT,Single-asset,close_long,-0.3544,-0.01741512
2026-06-02 21:20:36,USDT,LABUSDT,Single-asset,close_long,-1.05333,-0.01117875
2026-06-02 21:02:26,USDT,HYPEUSDT,Single-asset,open_long,0.0,-0.01762776
2026-06-02 21:01:18,USDT,LABUSDT,Single-asset,open_long,0.0,-0.011810748
2026-06-02 20:53:41,USDT,XAUUSDT,Single-asset,close_long,-0.1317,-0.02713524
2026-06-02 17:56:15,USDT,XAUUSDT,Single-asset,open_long,0.0,-0.00907142
2026-06-02 14:57:27,USDT,HYPEUSDT,Single-asset,close_short,0.91143,-0.005628168
2026-06-02 12:13:13,USDT,HYPEUSDT,Single-asset,open_short,0.0,-0.005810454
2026-06-02 01:29:55,USDT,BTCUSDT,Single-asset,close_short,0.0275,-0.02150985
2026-06-02 00:00:05,USDT,BTCUSDT,Single-asset,contract_margin_settle_fee,0.003556425,0.0
2026-06-01 21:31:42,USDT,BTCUSDT,Single-asset,adjust_margin_ifm,0.4,0.0
2026-06-01 21:30:53,USDT,BTCUSDT,Single-asset,open_short,0.0,-0.00717545
2026-06-01 19:08:20,USDT,LABUSDT,Single-asset,close_long,-0.19752,-0.034798248
2026-06-01 19:05:13,USDT,LABUSDT,Single-asset,open_long,0.0,-0.03491676
2026-06-01 18:50:30,USDT,LABUSDT,Single-asset,close_long,1.1588,-0.018422076
2026-06-01 18:25:46,USDT,LABUSDT,Single-asset,open_long,0.0,-0.008950674
2026-06-01 18:25:03,USDT,LABUSDT,Single-asset,open_long,0.0,-0.002925374
2026-06-01 18:17:27,USDT,LABUSDT,Single-asset,close_long,-2.43942,-0.015912972
2026-06-01 18:00:01,USDT,LABUSDT,Single-asset,contract_main_settle_fee,0.0936951642,0.0
2026-06-01 17:55:27,USDT,LABUSDT,Single-asset,open_long,0.0,-0.017376624
2026-05-31 15:12:28,USDT,BNBUSDT,Single-asset,close_long,-0.2692,-0.01753056
2026-05-31 13:19:27,USDT,BNBUSDT,Single-asset,adjust_margin_ifm,0.2,0.0
2026-05-31 13:18:22,USDT,BNBUSDT,Single-asset,open_long,0.0,-0.01769208
2026-05-28 20:51:20,USDT,XAUUSDT,Single-asset,close_short,-0.2724,-0.02651856
2026-05-28 16:00:07,USDT,XAUUSDT,Single-asset,contract_margin_settle_fee,0.0008349664,0.0
2026-05-28 14:08:53,USDT,XAUUSDT,Single-asset,adjust_margin_ifm,0.2,0.0
2026-05-28 11:20:02,USDT,XAUUSDT,Single-asset,open_short,0.0,-0.00878504
2026-05-28 05:53:12,USDT,BTCUSDT,Single-asset,close_short,0.32792,-0.005945808
2026-05-28 00:00:05,USDT,BTCUSDT,Single-asset,contract_margin_settle_fee,0.00292151584,0.0
2026-05-27 21:35:44,USDT,BTCUSDT,Single-asset,open_short,0.0,-0.006011392
2026-05-27 14:37:48,USDT,ETHUSDT,Single-asset,close_short,-0.1173,-0.01247406
2026-05-27 14:37:48,USDT,ETHUSDT,Single-asset,close_short,-0.1173,-0.01247406
2026-05-27 12:14:56,USDT,ETHUSDT,Single-asset,open_short,0.0,-0.00826912
2026-05-23 02:37:21,USDT,ETHUSDT,Single-asset,close_short,0.3105,-0.00843964
2026-05-23 00:00:06,USDT,ETHUSDT,Single-asset,contract_margin_settle_fee,0.00423788,0.0
2026-05-22 16:00:06,USDT,ETHUSDT,Single-asset,contract_margin_settle_fee,0.0028512922,0.0
2026-05-22 15:16:35,USDT,ETHUSDT,Single-asset,adjust_margin_ifm,0.2,0.0
2026-05-22 15:13:49,USDT,ETHUSDT,Single-asset,open_short,0.0,-0.00425516
2026-05-22 15:08:05,USDT,ETHUSDT,Single-asset,open_short,0.0,-0.01273974
2026-05-21 23:13:51,USDT,ETHUSDT,Single-asset,close_short,-0.1534,-0.01278096
2026-05-21 18:57:23,USDT,ETHUSDT,Single-asset,adjust_margin_ifm,0.22,0.0
2026-05-21 18:42:27,USDT,ETHUSDT,Single-asset,open_short,0.0,-0.00422964
2026-05-21 16:11:55,USDT,ETHUSDT,Single-asset,close_short,-0.1745,-0.01285854
2026-05-21 16:00:06,USDT,ETHUSDT,Single-asset,contract_main_settle_fee,0.001237952,0.0
2026-05-21 15:18:22,USDT,ETHUSDT,Single-asset,open_short,0.0,-0.01275384
2026-05-20 22:16:36,USDT,ETHUSDT,Single-asset,close_short,-0.1674,-0.0384237
2026-05-20 21:15:29,USDT,ETHUSDT,Single-asset,open_short,0.0,-0.01277442
2026-05-20 20:57:03,USDT,ETHUSDT,Single-asset,close_short,-0.3573,-0.03850056
2026-05-20 19:33:18,USDT,ETHUSDT,Single-asset,open_short,0.0,-0.01276206
2026-05-20 14:24:28,USDT,ETHUSDT,Single-asset,close_short,-0.2157,-0.0127869
2026-05-20 08:00:06,USDT,ETHUSDT,Single-asset,contract_main_settle_fee,0.00211111,0.0
2026-05-20 00:00:06,USDT,ETHUSDT,Single-asset,contract_main_settle_fee,0.0019618257,0.0
2026-05-19 18:05:21,USDT,ETHUSDT,Single-asset,open_short,0.0,-0.00421916
2026-05-18 23:03:57,USDT,ETHUSDT,Single-asset,close_short,0.6778,-0.00837656
2026-05-18 22:00:45,USDT,ETHUSDT,Single-asset,open_short,0.0,-0.00851212
2026-05-18 11:42:09,USDT,XAGUSDT,Single-asset,close_short,0.0832,-0.0143616
2026-05-18 11:42:09,USDT,XAGUSDT,Single-asset,close_short,0.0052,-0.0008976
2026-05-18 11:42:09,USDT,XAGUSDT,Single-asset,close_short,0.0442,-0.0076296
2026-05-18 11:42:09,USDT,XAGUSDT,Single-asset,close_short,0.0312,-0.0053856
2026-05-18 11:42:09,USDT,XAGUSDT,Single-asset,close_short,0.0182,-0.0031416
2026-05-18 11:42:09,USDT,XAGUSDT,Single-asset,close_short,0.0208,-0.0035904
2026-05-18 10:30:16,USDT,XAGUSDT,Single-asset,open_short,0.0,-0.03512808
2026-05-18 03:40:43,USDT,BTCUSDT,Single-asset,close_short,-0.1498,-0.032908092
2026-05-18 00:00:06,USDT,BTCUSDT,Single-asset,contract_margin_settle_fee,0.00316746584,0.0
2026-05-17 22:01:15,USDT,BTCUSDT,Single-asset,open_short,0.0,-0.010939404
2026-05-15 22:34:00,USDT,ETHUSDT,Single-asset,close_short,-0.0024,-0.00884304
2026-05-15 22:33:04,USDT,ETHUSDT,Single-asset,open_short,0.0,-0.00884256
2026-05-15 22:17:40,USDT,ETHUSDT,Single-asset,close_short,0.0314,-0.02665344
2026-05-15 21:45:30,USDT,ETHUSDT,Single-asset,open_short,0.0,-0.00889076
2026-05-15 07:37:01,USDT,XAGUSDT,Single-asset,close_short,0.4092,-0.00365376
2026-05-14 23:52:37,USDT,XAGUSDT,Single-asset,open_short,0.0,-0.0112068
2026-05-14 18:17:56,USDT,ETHUSDT,Single-asset,close_short,-0.0075,-0.04074264
2026-05-14 17:20:13,USDT,ETHUSDT,Single-asset,open_short,0.0,-0.04073814
2026-05-14 13:31:31,USDT,ETHUSDT,Single-asset,close_short,-0.19155,-0.01356924
2026-05-14 13:31:31,USDT,ETHUSDT,Single-asset,close_short,-0.19155,-0.01356924
2026-05-14 11:24:12,USDT,ETHUSDT,Single-asset,open_short,0.0,-0.00448504
2026-05-14 11:21:01,USDT,ETHUSDT,Single-asset,open_short,0.0,-0.0044845
2026-05-14 02:21:03,USDT,ETHUSDT,Single-asset,close_short,0.907,-0.02722128
2026-05-14 00:00:06,USDT,ETHUSDT,Single-asset,contract_main_settle_fee,0.00447286,0.0
2026-05-13 20:30:57,USDT,ETHUSDT,Single-asset,close_short,0.4574,-0.00916368
2026-05-13 19:34:35,USDT,XAGUSDT,Single-asset,close_short,-0.306,-0.01575
2026-05-13 18:16:30,USDT,ETHUSDT,Single-asset,open_short,0.0,-0.01851032
2026-05-13 12:34:54,USDT,XAGUSDT,Single-asset,open_short,0.0,-0.0051888
2026-05-12 20:43:25,USDT,XAGUSDT,Single-asset,close_short,-0.4212,-0.02633904
2026-05-12 18:32:38,USDT,XAGUSDT,Single-asset,open_short,0.0,-0.02608632
2026-05-12 15:51:19,USDT,XAGUSDT,Single-asset,close_short,0.088061538461,-0.00456138
2026-05-12 15:51:19,USDT,XAGUSDT,Single-asset,close_short,0.097846153846,-0.0050682
2026-05-12 15:51:19,USDT,XAGUSDT,Single-asset,close_short,0.019569230769,-0.00101364
2026-05-12 15:51:19,USDT,XAGUSDT,Single-asset,close_short,0.156553846153,-0.00810912
2026-05-12 15:51:19,USDT,XAGUSDT,Single-asset,close_short,0.019569230769,-0.00101364
2026-05-12 13:51:07,USDT,XAGUSDT,Single-asset,open_short,0.0,-0.00102504
2026-05-12 13:51:07,USDT,XAGUSDT,Single-asset,open_short,0.0,-0.0189699
2026-05-12 00:17:20,USDT,XAGUSDT,Single-asset,close_long,0.0912,-0.01948716
2026-05-11 23:08:54,USDT,XAGUSDT,Single-asset,open_long,0.0,-0.01943244
2026-05-11 21:45:43,USDT,XAGUSDT,Single-asset,close_short,-3.876,-0.0437172
2026-05-11 21:45:43,USDT,XAGUSDT,Single-asset,close_short,-0.091,-0.00102852
2026-05-11 20:07:05,USDT,XAGUSDT,Single-asset,open_short,0.0,-0.04236552
2026-05-11 15:01:05,USDT,SUIUSDT,Single-asset,close_long,-0.26925,-0.0057069
2026-05-11 15:01:05,USDT,SUIUSDT,Single-asset,close_long,-0.2154,-0.00456552
2026-05-11 14:25:52,USDT,SUIUSDT,Single-asset,open_long,0.0,-0.01056321
2026-05-10 00:02:37,USDT,ETHUSDT,Single-asset,close_short,-0.092,-0.02780268
2026-05-10 00:00:08,USDT,ETHUSDT,Single-asset,contract_main_settle_fee,0.00463442,0.0
2026-05-09 16:00:08,USDT,ETHUSDT,Single-asset,contract_main_settle_fee,0.00462862,0.0
2026-05-09 12:59:44,USDT,ETHUSDT,Single-asset,open_short,0.0,-0.02774748
2026-05-08 16:37:59,USDT,BTCUSDT,Single-asset,close_short,-0.18816,-0.019141944
2026-05-08 16:37:59,USDT,BTCUSDT,Single-asset,close_short,-0.04704,-0.004785486
2026-05-08 16:37:59,USDT,BTCUSDT,Single-asset,close_short,-0.04704,-0.004785486
2026-05-08 16:37:59,USDT,BTCUSDT,Single-asset,close_short,-0.04704,-0.004785486
2026-05-08 16:00:09,USDT,BTCUSDT,Single-asset,contract_margin_settle_fee,0.0053525808,0.0
2026-05-08 11:05:43,USDT,BTCUSDT,Single-asset,open_short,0.0,-0.033300834
2026-05-07 22:40:45,USDT,GRAMUSDT,Single-asset,close_long,-0.207100000004,-0.024603108
2026-05-07 22:39:01,USDT,GRAMUSDT,Single-asset,open_long,0.0,-0.004118352
2026-05-07 22:15:04,USDT,GRAMUSDT,Single-asset,open_long,0.0,-0.012372312
2026-05-07 22:07:32,USDT,GRAMUSDT,Single-asset,close_long,-0.283720000011,-0.019337958
2026-05-07 21:52:28,USDT,GRAMUSDT,Single-asset,open_long,0.0,-0.00223389
2026-05-07 21:52:28,USDT,GRAMUSDT,Single-asset,open_long,0.0,-0.003425298
2026-05-07 21:52:28,USDT,GRAMUSDT,Single-asset,open_long,0.0,-0.00461652
2026-05-07 21:52:28,USDT,GRAMUSDT,Single-asset,open_long,0.0,-0.004616334
2026-05-07 21:52:28,USDT,GRAMUSDT,Single-asset,open_long,0.0,-0.004616148
2026-05-07 18:26:07,USDT,ETHUSDT,Single-asset,close_long,-0.1593,-0.013935
2026-05-07 18:25:34,USDT,GRAMUSDT,Single-asset,close_long,-0.12312,-0.0058482
2026-05-07 18:25:34,USDT,GRAMUSDT,Single-asset,close_long,-0.0963,-0.00461754
2026-05-07 18:08:51,USDT,GRAMUSDT,Single-asset,open_long,0.0,-0.010597392
2026-05-07 17:39:31,USDT,GRAMUSDT,Single-asset,close_long,-0.35145,-0.00861663
2026-05-07 17:35:24,USDT,GRAMUSDT,Single-asset,open_long,0.0,-0.004173
2026-05-07 17:35:24,USDT,GRAMUSDT,Single-asset,open_long,0.0,-0.001284
2026-05-07 17:35:24,USDT,GRAMUSDT,Single-asset,open_long,0.0,-0.0011235
2026-05-07 17:35:24,USDT,GRAMUSDT,Single-asset,open_long,0.0,-0.000963
2026-05-07 17:35:24,USDT,GRAMUSDT,Single-asset,open_long,0.0,-0.001284
2026-05-07 16:00:03,USDT,ETHUSDT,Single-asset,contract_main_settle_fee,-0.0023449,0.0
2026-05-07 15:21:24,USDT,GRAMUSDT,Single-asset,close_long,0.04329,-0.006157836
2026-05-07 14:55:58,USDT,ETHUSDT,Single-asset,open_long,0.0,-0.01403058
2026-05-07 14:48:53,USDT,GRAMUSDT,Single-asset,close_long,0.44659,-0.002133272
2026-05-07 14:15:06,USDT,GRAMUSDT,Single-asset,open_long,0.0,-0.012263724
2026-05-07 08:44:23,USDT,ETHUSDT,Single-asset,close_short,0.289,-0.00934096
2026-05-07 08:00:06,USDT,ETHUSDT,Single-asset,contract_main_settle_fee,0.00470038,0.0
2026-05-07 00:32:06,USDT,ETHUSDT,Single-asset,open_short,0.0,-0.00939876
2026-05-06 15:59:35,USDT,XAUUSDT,Single-asset,close_long,0.4758,-0.00935764
2026-05-06 12:00:01,USDT,XAUUSDT,Single-asset,contract_main_settle_fee,-0.00232138,0.0
2026-05-06 10:36:18,USDT,XAUUSDT,Single-asset,open_long,0.0,-0.00926248
2026-05-06 07:12:15,USDT,XAUUSDT,Single-asset,close_short,-0.293,-0.02750898
2026-05-06 04:00:03,USDT,XAUUSDT,Single-asset,contract_main_settle_fee,0.002277525,0.0
2026-05-06 00:34:05,USDT,XAUUSDT,Single-asset,open_short,0.0,-0.00911106
2026-05-05 22:29:38,USDT,BTCUSDT,Single-asset,close_short,-0.02891,-0.03418296
2026-05-05 21:35:27,USDT,BTCUSDT,Single-asset,open_short,0.0,-0.011388538
2026-05-05 21:17:24,USDT,XAUUSDT,Single-asset,close_short,-0.1752,-0.02750292
2026-05-05 20:45:51,USDT,XAUUSDT,Single-asset,open_short,0.0,-0.0273978
2026-05-05 12:20:04,USDT,XAUUSDT,Single-asset,close_long,-0.0581,-0.02717976
2026-05-05 12:00:02,USDT,XAUUSDT,Single-asset,contract_main_settle_fee,-0.002267315,0.0
2026-05-05 09:07:23,USDT,XAUUSDT,Single-asset,open_long,0.0,-0.00907154
2026-05-05 00:19:48,USDT,ETHUSDT,Single-asset,close_short,0.0209,-0.01414242
2026-05-05 00:00:05,USDT,ETHUSDT,Single-asset,contract_main_settle_fee,-0.000258346,0.0
2026-05-04 23:51:40,USDT,ETHUSDT,Single-asset,close_short,0.2191,-0.0046745
2026-05-04 23:19:29,USDT,ETHUSDT,Single-asset,open_short,0.0,-0.02830992
2026-05-04 18:05:19,USDT,ETHUSDT,Single-asset,close_short,0.556,-0.00935564
2026-05-04 16:00:06,USDT,ETHUSDT,Single-asset,contract_main_settle_fee,0.0002834268,0.0
2026-05-04 15:31:01,USDT,ETHUSDT,Single-asset,open_short,0.0,-0.02840052
2026-05-04 14:20:27,USDT,ETHUSDT,Single-asset,close_long,-0.2036,-0.02839896
2026-05-04 11:06:34,USDT,ETHUSDT,Single-asset,open_long,0.0,-0.00950704
2026-05-02 02:13:47,USDT,XAUUSDT,Single-asset,close_long,-0.178,-0.0277086
2026-05-02 00:00:03,USDT,XAUUSDT,Single-asset,contract_main_settle_fee,-0.00232107,0.0
2026-05-01 23:15:16,USDT,XAUUSDT,Single-asset,open_long,0.0,-0.0278154
2026-05-01 22:25:50,USDT,XAUUSDT,Single-asset,close_long,0.0311,-0.02787246
2026-05-01 22:11:44,USDT,XAUUSDT,Single-asset,open_long,0.0,-0.0278538
2026-05-01 21:54:19,USDT,XAUUSDT,Single-asset,close_long,0.2403,-0.00923558
2026-05-01 21:21:38,USDT,XAUUSDT,Single-asset,open_long,0.0,-0.00918752
2026-05-01 19:55:29,USDT,XAGUSDT,Single-asset,close_short,0.0684,-0.00796068
2026-05-01 19:41:50,USDT,XAGUSDT,Single-asset,close_short,0.1071,-0.00309036
2026-05-01 16:00:05,USDT,XAGUSDT,Single-asset,contract_main_settle_fee,0.001427205,0.0
2026-05-01 12:30:46,USDT,XAGUSDT,Single-asset,open_short,0.0,-0.00577902
2026-05-01 01:57:59,USDT,XAUUSDT,Single-asset,close_long,-0.004,-0.05539536
2026-05-01 01:04:10,USDT,XAUUSDT,Single-asset,open_long,0.0,-0.05539776
2026-05-01 00:57:07,USDT,XAUUSDT,Single-asset,close_long,-0.0509,-0.02764254
2026-05-01 00:35:03,USDT,XAUUSDT,Single-asset,open_long,0.0,-0.02767308
2026-05-01 00:25:06,USDT,XAUUSDT,Single-asset,close_short,0.0006,-0.02766342
2026-05-01 00:25:01,USDT,XAUUSDT,Single-asset,open_short,0.0,-0.02766378
2026-04-30 15:43:30,USDT,XAUUSDT,Single-asset,close_short,-0.0669,-0.008272152
2026-04-30 15:32:02,USDT,XAUUSDT,Single-asset,open_short,0.0,-0.00826011
2026-04-30 13:10:37,USDT,XAGUSDT,Single-asset,close_short,0.048344262294,-0.00388908
2026-04-30 12:46:52,USDT,XAGUSDT,Single-asset,close_short,0.090255737704,0.0
2026-04-30 12:00:03,USDT,XAGUSDT,Single-asset,contract_main_settle_fee,0.00219783,0.0
2026-04-30 11:32:45,USDT,XAGUSDT,Single-asset,close_long,-0.0336,-0.000909468
2026-04-30 11:32:45,USDT,XAGUSDT,Single-asset,close_long,-0.144,-0.00389772
2026-04-30 11:32:45,USDT,XAGUSDT,Single-asset,close_long,-0.0144,-0.000389772
2026-04-30 11:32:45,USDT,XAGUSDT,Single-asset,open_short,0.0,-0.000259848
2026-04-30 11:32:45,USDT,XAGUSDT,Single-asset,open_short,0.0,-0.004677264
2026-04-30 11:32:45,USDT,XAGUSDT,Single-asset,open_short,0.0,-0.002078784
2026-04-30 11:32:45,USDT,XAGUSDT,Single-asset,open_short,0.0,-0.000909594
2026-04-30 10:29:56,USDT,XAGUSDT,Single-asset,open_long,0.0,0.0
2026-04-30 03:00:19,USDT,XAGUSDT,Single-asset,close_short,-0.122,-0.007871562
2026-04-30 00:00:04,USDT,XAGUSDT,Single-asset,contract_main_settle_fee,0.00218258,0.0
2026-04-29 21:42:59,USDT,XAGUSDT,Single-asset,open_short,0.0,-0.007849602
2026-04-29 18:36:04,USDT,XAGUSDT,Single-asset,close_short,-0.148,-0.0052596
2026-04-29 16:23:18,USDT,XAGUSDT,Single-asset,open_short,0.0,-0.00523296
2026-04-29 16:06:14,USDT,XAGUSDT,Single-asset,close_short,0.432,0.0
2026-04-29 16:00:08,USDT,XAGUSDT,Single-asset,contract_main_settle_fee,0.0021897,0.0
2026-04-29 14:00:00,USDT,XAGUSDT,Single-asset,open_short,0.0,-0.0079488
2026-04-28 22:17:36,USDT,XAUUSDT,Single-asset,close_short,0.0566,-0.008233776
2026-04-28 21:06:20,USDT,XAUUSDT,Single-asset,open_short,0.0,-0.008243964
2026-04-28 20:16:19,USDT,XAGUSDT,Single-asset,close_short,-0.216,-0.00524808
2026-04-28 20:00:03,USDT,XAGUSDT,Single-asset,contract_main_settle_fee,0.0014448,0.0
2026-04-28 19:37:08,USDT,XAGUSDT,Single-asset,open_short,0.0,-0.0052092
2026-04-28 19:36:06,USDT,XAUUSDT,Single-asset,close_short,0.2465,0.0
2026-04-28 18:01:15,USDT,XAUUSDT,Single-asset,open_short,0.0,0.0
2026-04-28 13:40:01,USDT,XAUUSDT,Single-asset,close_short,0.1894,0.0
2026-04-28 13:11:22,USDT,XAUUSDT,Single-asset,open_short,0.0,-0.00836901
2026-04-28 13:08:03,USDT,BTCUSDT,Single-asset,close_short,-0.21147,-0.032339328
2026-04-28 10:00:00,USDT,XAGUSDT,Single-asset,close_short,0.234,0.0
2026-04-28 09:45:48,USDT,XAGUSDT,Single-asset,open_short,0.0,-0.00027072
2026-04-28 09:45:48,USDT,XAGUSDT,Single-asset,open_short,0.0,-0.00027072
2026-04-28 09:45:48,USDT,XAGUSDT,Single-asset,open_short,0.0,-0.00027072
2026-04-28 09:45:48,USDT,XAGUSDT,Single-asset,open_short,0.0,-0.0013536
2026-04-28 09:45:48,USDT,XAGUSDT,Single-asset,open_short,0.0,-0.00094752
2026-04-28 09:45:48,USDT,XAGUSDT,Single-asset,open_short,0.0,-0.00216576
2026-04-28 08:00:04,USDT,BTCUSDT,Single-asset,contract_margin_settle_fee,-0.00021651196,0.0
2026-04-28 00:04:05,USDT,BTCUSDT,Single-asset,open_short,0.0,-0.010737482
2026-04-28 00:01:29,USDT,XAGUSDT,Single-asset,close_long,-0.1598,-0.006331464
2026-04-28 00:00:03,USDT,XAGUSDT,Single-asset,contract_main_settle_fee,-0.00176156,0.0
2026-04-27 23:31:45,USDT,XAGUSDT,Single-asset,open_long,0.0,0.0
2026-04-27 22:53:38,USDT,XAGUSDT,Single-asset,close_long,-0.091,-0.003509064
2026-04-27 22:53:38,USDT,XAGUSDT,Single-asset,close_long,-0.028,-0.001079712
2026-04-27 22:53:38,USDT,XAGUSDT,Single-asset,close_long,-0.0175,-0.00067482
2026-04-27 22:37:22,USDT,XAGUSDT,Single-asset,open_long,0.0,0.0
2026-04-25 00:08:57,USDT,XAUUSDT,Single-asset,close_long,-0.0799,-0.008494722
2026-04-25 00:00:02,USDT,XAUUSDT,Single-asset,contract_main_settle_fee,-0.002362115,0.0
2026-04-24 23:47:13,USDT,XAUUSDT,Single-asset,open_long,0.0,0.0
2026-04-24 23:45:06,USDT,BTCUSDT,Single-asset,close_short,-0.01282,-0.0046818
2026-04-24 23:45:06,USDT,BTCUSDT,Single-asset,close_short,-0.02564,-0.0093636
2026-04-24 23:06:41,USDT,BTCUSDT,Single-asset,close_short,0.141,-0.006203944
2026-04-24 21:56:55,USDT,BTCUSDT,Single-asset,open_short,0.0,-0.010906252
2026-04-24 19:04:52,USDT,BTCUSDT,Single-asset,close_long,0.32858,-0.010916514
2026-04-24 17:20:54,USDT,BTCUSDT,Single-asset,open_long,0.0,-0.010850798
2026-04-24 15:03:04,USDT,XAGUSDT,Single-asset,close_short,-0.1023,-0.004156542
2026-04-24 15:03:04,USDT,XAGUSDT,Single-asset,close_short,-0.0066,-0.000268164
2026-04-24 15:03:04,USDT,XAGUSDT,Single-asset,close_short,-0.0462,-0.001877148
2026-04-24 15:03:04,USDT,XAGUSDT,Single-asset,close_short,-0.0495,-0.00201123
2026-04-24 15:03:04,USDT,XAGUSDT,Single-asset,close_short,-0.0033,-0.000134082
2026-04-24 14:50:07,USDT,XAGUSDT,Single-asset,open_short,0.0,-0.008409744
2026-04-24 14:22:51,USDT,XAGUSDT,Single-asset,close_long,-0.0273,-0.000940968
2026-04-24 14:22:51,USDT,XAGUSDT,Single-asset,close_long,-0.0117,-0.000403272
2026-04-24 14:22:51,USDT,XAGUSDT,Single-asset,close_long,-0.0078,-0.000268848
2026-04-24 14:22:51,USDT,XAGUSDT,Single-asset,close_long,-0.0663,-0.002285208
2026-04-24 14:22:51,USDT,XAGUSDT,Single-asset,close_long,-0.0234,-0.000806544
2026-04-24 14:22:51,USDT,XAGUSDT,Single-asset,close_long,-0.1053,-0.003629448
2026-04-24 12:56:08,USDT,XAGUSDT,Single-asset,open_long,0.0,-0.008377812
2026-04-23 22:26:23,USDT,XAGUSDT,Single-asset,close_short,-0.1824,-0.005211396
2026-04-23 22:06:34,USDT,XAGUSDT,Single-asset,open_short,0.0,-0.005178564
2026-04-23 21:10:12,USDT,XAGUSDT,Single-asset,close_long,0.042,-0.003854592
2026-04-23 20:26:49,USDT,XAGUSDT,Single-asset,close_long,0.1102,0.0
2026-04-23 20:17:14,USDT,XAGUSDT,Single-asset,open_long,0.0,-0.007831458
2026-04-23 18:40:50,USDT,XAGUSDT,Single-asset,close_short,0.006,-0.000804816
2026-04-23 18:40:50,USDT,XAGUSDT,Single-asset,close_short,0.003,-0.000402408
2026-04-23 18:40:50,USDT,XAGUSDT,Single-asset,close_short,0.01,-0.00134136
2026-04-23 18:27:03,USDT,XAGUSDT,Single-asset,open_short,0.0,0.0
2026-04-23 18:22:05,USDT,XAGUSDT,Single-asset,close_short,0.294,0.0
2026-04-23 18:08:58,USDT,XAGUSDT,Single-asset,close_short,0.098,0.0
2026-04-23 17:41:11,USDT,XAGUSDT,Single-asset,open_short,0.0,-0.00950796
2026-04-22 22:20:39,USDT,XAGUSDT,Single-asset,close_short,-0.156,-0.00845856
2026-04-22 22:20:39,USDT,XAGUSDT,Single-asset,close_short,-0.0375,-0.00211437
2026-04-22 22:05:17,USDT,XAGUSDT,Single-asset,open_short,0.0,-0.0105381
2026-04-22 21:25:36,USDT,XAGUSDT,Single-asset,close_short,-0.0112,-0.007850304
2026-04-22 21:25:36,USDT,XAGUSDT,Single-asset,close_short,-0.0002,-0.000140184
2026-04-22 20:33:08,USDT,XAGUSDT,Single-asset,open_short,0.0,0.0
2026-04-22 19:30:19,USDT,XAGUSDT,Single-asset,close_short,0.056,-0.00787752
2026-04-22 16:00:04,USDT,XAGUSDT,Single-asset,contract_main_settle_fee,0.00219184,0.0
2026-04-22 14:09:14,USDT,XAGUSDT,Single-asset,open_short,0.0,-0.0078876
2026-04-22 13:58:22,USDT,XAGUSDT,Single-asset,close_long,-0.105,-0.0105921
2026-04-22 13:37:20,USDT,XAGUSDT,Single-asset,open_long,0.0,-0.00028296
2026-04-22 13:37:20,USDT,XAGUSDT,Single-asset,open_long,0.0,-0.01032804
2026-04-22 13:37:10,USDT,XAGUSDT,Single-asset,close_short,-0.157800000001,-0.00947916
2026-04-22 13:30:37,USDT,XAGUSDT,Single-asset,open_short,0.0,-0.007334496
2026-04-22 13:30:37,USDT,XAGUSDT,Single-asset,open_short,0.0,-0.00211626
2026-04-22 13:29:19,USDT,XAGUSDT,Single-asset,close_long,-0.1575,-0.01058265
2026-04-22 13:25:20,USDT,XAGUSDT,Single-asset,open_long,0.0,-0.010611
2026-04-22 13:17:12,USDT,ETHUSDT,Single-asset,close_long,0.5108,-0.01904856
2026-04-22 13:16:22,USDT,XAGUSDT,Single-asset,close_short,-0.264,-0.00847476
2026-04-22 12:00:03,USDT,XAGUSDT,Single-asset,contract_main_settle_fee,0.0023406,0.0
2026-04-22 11:38:09,USDT,XAGUSDT,Single-asset,open_short,0.0,-0.00842724
2026-04-22 11:31:27,USDT,ETHUSDT,Single-asset,open_long,0.0,-0.00944172
2026-04-22 11:25:16,USDT,XAGUSDT,Single-asset,close_short,-0.028,-0.00787248
2026-04-22 11:20:09,USDT,XAGUSDT,Single-asset,open_short,0.0,-0.00786744
2026-04-22 11:06:43,USDT,ETHUSDT,Single-asset,open_long,0.0,-0.00950468
2026-04-22 01:43:53,USDT,XAGUSDT,Single-asset,close_short,0.0152,-0.010524024
2026-04-22 00:00:04,USDT,XAGUSDT,Single-asset,contract_main_settle_fee,0.00292524,0.0
2026-04-21 22:58:24,USDT,XAGUSDT,Single-asset,open_short,0.0,-0.01052676
2026-04-21 15:16:38,USDT,XAUUSDT,Single-asset,close_short,-0.0504,-0.00860859
2026-04-21 15:10:09,USDT,XAUUSDT,Single-asset,open_short,0.0,-0.008599518
2026-04-20 08:33:33,USDT,XAGUSDT,Single-asset,close_long,0.2331,0.0
2026-04-20 08:00:05,USDT,XAGUSDT,Single-asset,contract_main_settle_fee,0.0324406898,0.0
2026-04-20 07:53:06,USDT,XAGUSDT,Single-asset,open_long,0.0,-0.00525807
2026-04-18 01:08:56,USDT,XAGUSDT,Single-asset,close_long,-0.3818,-0.006782148
2026-04-18 00:00:02,USDT,XAGUSDT,Single-asset,contract_main_settle_fee,-0.00189129,0.0
2026-04-17 23:07:59,USDT,XAGUSDT,Single-asset,open_long,0.0,-0.006850872
2026-04-17 15:23:24,USDT,XAGUSDT,Single-asset,close_short,-0.0728,-0.007933968
2026-04-17 14:30:07,USDT,XAGUSDT,Single-asset,open_short,0.0,-0.007920864
2026-04-17 00:00:44,USDT,XAGUSDT,Single-asset,close_short,-0.1258,-0.005260068
2026-04-17 00:00:05,USDT,XAGUSDT,Single-asset,contract_main_settle_fee,0.00145965,0.0
2026-04-16 23:34:41,USDT,XAGUSDT,Single-asset,open_short,0.0,-0.005237424
2026-04-16 17:53:23,USDT,XAGUSDT,Single-asset,close_short,0.0222,-0.010604052
2026-04-16 17:25:41,USDT,XAGUSDT,Single-asset,open_short,0.0,-0.010608048
2026-04-16 15:30:36,USDT,XAGUSDT,Single-asset,close_short,0.0165,-0.00794772
2026-04-16 14:58:09,USDT,XAGUSDT,Single-asset,open_short,0.0,-0.00795069
2026-04-16 14:50:42,USDT,XAGUSDT,Single-asset,close_short,0.0432,-0.007817796
2026-04-16 13:35:25,USDT,XAGUSDT,Single-asset,open_short,0.0,-0.007825572
2026-04-16 13:35:00,USDT,XAGUSDT,Single-asset,close_long,-0.0594,-0.007827516
2026-04-16 12:58:54,USDT,XAGUSDT,Single-asset,open_long,0.0,-0.000580608
2026-04-16 12:58:54,USDT,XAGUSDT,Single-asset,open_long,0.0,-0.004935168
2026-04-16 12:58:54,USDT,XAGUSDT,Single-asset,open_long,0.0,-0.000290304
2026-04-16 12:58:54,USDT,XAGUSDT,Single-asset,open_long,0.0,-0.002032128
2026-04-15 22:30:49,USDT,XAGUSDT,Single-asset,close_long,0.322,-0.004036536
2026-04-15 21:40:17,USDT,XAGUSDT,Single-asset,close_long,0.2156,0.0
2026-04-15 21:05:06,USDT,XAGUSDT,Single-asset,open_long,0.0,-0.007957152
2026-04-15 18:46:30,USDT,XAGUSDT,Single-asset,close_short,-0.1443,-0.005246748
2026-04-15 18:26:22,USDT,XAGUSDT,Single-asset,open_short,0.0,-0.005220774
2026-04-15 17:58:28,USDT,XAGUSDT,Single-asset,close_short,0.028,-0.007910784
2026-04-15 17:39:33,USDT,XAGUSDT,Single-asset,open_short,0.0,-0.007915824
2026-04-15 17:13:39,USDT,XAGUSDT,Single-asset,close_short,0.0621,-0.00383211
2026-04-15 17:13:39,USDT,XAGUSDT,Single-asset,close_short,0.0812,-0.003971016
2026-04-15 17:05:46,USDT,XAGUSDT,Single-asset,open_short,0.0,-0.00782892
2026-04-15 15:06:23,USDT,XAGUSDT,Single-asset,close_long,-0.1591,-0.005269392
2026-04-15 14:00:51,USDT,XAGUSDT,Single-asset,open_long,0.0,-0.00529803
2026-04-15 13:25:10,USDT,XAGUSDT,Single-asset,close_long,-0.0396,-0.00516456
2026-04-15 12:59:44,USDT,XAGUSDT,Single-asset,open_long,0.0,-0.005171688
2026-04-15 00:04:16,USDT,XAGUSDT,Single-asset,close_long,0.1166,0.0
2026-04-15 00:00:03,USDT,XAGUSDT,Single-asset,contract_main_settle_fee,-0.001461768,0.0
2026-04-14 23:19:59,USDT,XAGUSDT,Single-asset,open_long,0.0,-0.003123252
2026-04-14 23:10:18,USDT,XAUUSDT,Single-asset,close_long,-0.1231,-0.008621262
2026-04-14 22:56:45,USDT,XAUUSDT,Single-asset,open_long,0.0,-0.00864342
2026-04-14 22:44:50,USDT,XAUUSDT,Single-asset,close_long,-0.0576,-0.008635122
2026-04-14 22:27:00,USDT,XAUUSDT,Single-asset,open_long,0.0,-0.00864549
2026-04-14 14:52:14,USDT,XAUUSDT,Single-asset,close_short,-0.1588,-0.00858888
2026-04-14 13:40:39,USDT,XAUUSDT,Single-asset,open_short,0.0,-0.008560296
2026-04-14 13:26:19,USDT,XAUUSDT,Single-asset,close_long,-0.0342,-0.008571384
2026-04-14 13:20:39,USDT,XAUUSDT,Single-asset,open_long,0.0,-0.00857754
2026-04-14 00:29:05,USDT,XAUUSDT,Single-asset,close_long,0.2106,0.0
2026-04-14 00:00:02,USDT,XAUUSDT,Single-asset,contract_main_settle_fee,-0.002356105,0.0
2026-04-13 23:35:39,USDT,XAUUSDT,Single-asset,open_long,0.0,-0.008475228
2026-04-13 19:41:09,USDT,XAUUSDT,Single-asset,close_long,-0.1348,-0.008472708
2026-04-13 18:51:00,USDT,XAUUSDT,Single-asset,open_long,0.0,-0.008496972
2026-04-13 18:45:14,USDT,XAUUSDT,Single-asset,close_short,0.0135,-0.008490348
2026-04-13 16:45:31,USDT,XAUUSDT,Single-asset,open_short,0.0,-0.008492778
2026-04-13 13:57:07,USDT,XAUUSDT,Single-asset,close_short,-0.1336,-0.008505414
2026-04-13 12:00:02,USDT,XAUUSDT,Single-asset,contract_main_settle_fee,0.002357685,0.0
2026-04-13 11:05:39,USDT,XAUUSDT,Single-asset,open_short,0.0,-0.008481366
2026-04-10 23:36:14,USDT,XAUUSDT,Single-asset,close_long,-0.2244,-0.008580132
2026-04-10 22:25:01,USDT,XAUUSDT,Single-asset,open_long,0.0,-0.008620524
2026-04-10 16:07:11,USDT,BTCUSDT,Single-asset,close_short,0.06632,-0.034328208
2026-04-10 16:00:04,USDT,BTCUSDT,Single-asset,contract_margin_settle_fee,-0.00068596416,0.0
2026-04-10 15:49:50,USDT,BTCUSDT,Single-asset,open_short,0.0,-0.034368
2026-04-08 21:31:56,USDT,XAUUSDT,Single-asset,close_short,0.1492,0.0
2026-04-08 21:15:56,USDT,XAUUSDT,Single-asset,open_short,0.0,-0.008633502
2026-04-08 20:22:00,USDT,XAUUSDT,Single-asset,close_long,-0.2273,-0.008605494
2026-04-08 20:05:51,USDT,XAUUSDT,Single-asset,open_long,0.0,-0.008646408
2026-04-08 18:55:38,USDT,XAUUSDT,Single-asset,close_long,-0.0617,-0.0086184
2026-04-08 18:50:22,USDT,XAUUSDT,Single-asset,open_long,0.0,-0.008629506
2026-04-08 17:44:43,USDT,XAUUSDT,Single-asset,close_short,0.2016,0.0
2026-04-08 16:50:39,USDT,XAUUSDT,Single-asset,open_short,0.0,0.0
2026-04-08 16:29:58,USDT,XAUUSDT,Single-asset,close_short,-0.0028,-0.00865404
2026-04-08 16:00:05,USDT,XAUUSDT,Single-asset,contract_main_settle_fee,0.002406055,0.0
2026-04-08 15:38:14,USDT,XAUUSDT,Single-asset,open_short,0.0,-0.008653536
2026-04-08 14:56:40,USDT,XAUUSDT,Single-asset,close_long,-0.1226,-0.00867501
2026-04-08 14:20:46,USDT,XAUUSDT,Single-asset,open_long,0.0,-0.008697078
2026-04-08 14:08:05,USDT,XAUUSDT,Single-asset,close_long,0.175,-0.008682804
2026-04-08 13:06:25,USDT,XAUUSDT,Single-asset,open_long,0.0,-0.008651304
2026-04-08 00:00:07,USDT,XAUUSDT,Single-asset,close_short,-0.1916,-0.008382096
2026-04-08 00:00:04,USDT,XAUUSDT,Single-asset,contract_main_settle_fee,0.002327935,0.0
2026-04-07 22:55:02,USDT,XAUUSDT,Single-asset,open_short,0.0,-0.008347608
2026-04-07 18:26:12,USDT,XAUUSDT,Single-asset,close_long,-0.2926,-0.016770132
2026-04-07 17:55:42,USDT,XAUUSDT,Single-asset,open_long,0.0,-0.0168228
2026-04-07 17:46:27,USDT,XAUUSDT,Single-asset,close_long,-0.2086,-0.008392392
2026-04-07 16:36:22,USDT,XAUUSDT,Single-asset,open_long,0.0,-0.00842994
2026-04-07 15:36:13,USDT,XAUUSDT,Single-asset,close_short,0.0283,-0.00836289
2026-04-07 15:16:06,USDT,XAUUSDT,Single-asset,open_short,0.0,-0.008367984
2026-04-07 13:55:23,USDT,XAUUSDT,Single-asset,close_short,0.0683,-0.008353368
2026-04-07 13:25:10,USDT,XAUUSDT,Single-asset,open_short,0.0,-0.008365662
2026-04-06 23:38:32,USDT,XAUUSDT,Single-asset,close_long,-0.1039,-0.008379324
2026-04-06 23:20:33,USDT,XAUUSDT,Single-asset,open_long,0.0,-0.008398026
2026-04-06 22:20:04,USDT,XAUUSDT,Single-asset,close_short,-0.0026,-0.008431128
2026-04-06 20:00:02,USDT,XAUUSDT,Single-asset,contract_main_settle_fee,-0.0021983686,0.0
2026-04-06 18:26:44,USDT,XAUUSDT,Single-asset,open_short,0.0,-0.00843066
2026-04-06 15:49:27,USDT,XAUUSDT,Single-asset,close_short,-0.1933,-0.008399952
2026-04-06 15:23:12,USDT,XAUUSDT,Single-asset,open_short,0.0,0.0
2026-04-06 15:18:16,USDT,XAUUSDT,Single-asset,close_long,-0.1203,-0.008367642
2026-04-06 14:12:36,USDT,XAUUSDT,Single-asset,open_long,0.0,-0.008389296
2026-04-06 11:03:17,USDT,XAUUSDT,Single-asset,close_short,0.2381,0.0
2026-04-06 10:32:21,USDT,XAUUSDT,Single-asset,open_short,0.0,-0.008384724
2026-04-02 23:45:28,USDT,XAUUSDT,Single-asset,close_long,-0.1001,-0.00838719
2026-04-02 23:36:39,USDT,XAUUSDT,Single-asset,open_long,0.0,-0.008405208
2026-04-02 23:25:19,USDT,XAUUSDT,Single-asset,close_long,0.0187,-0.00837999
2026-04-02 22:11:32,USDT,XAUUSDT,Single-asset,open_long,0.0,-0.008376624
2026-04-02 19:43:17,USDT,XAUUSDT,Single-asset,close_short,0.2772,0.0
2026-04-02 16:57:11,USDT,XAUUSDT,Single-asset,open_short,0.0,-0.008316306
2026-04-02 16:57:07,USDT,XAUUSDT,Single-asset,close_long,-0.0082,-0.008317314
2026-04-02 16:57:03,USDT,XAUUSDT,Single-asset,open_long,0.0,-0.00831879
2026-04-02 14:20:40,USDT,XAUUSDT,Single-asset,close_short,-0.0191,-0.008266968
2026-04-02 13:50:11,USDT,XAUUSDT,Single-asset,open_short,0.0,-0.00826353
2026-04-01 14:35:31,USDT,XAUUSDT,Single-asset,close_long,0.029,-0.00846261
2026-04-01 13:41:08,USDT,XAUUSDT,Single-asset,open_long,0.0,-0.00845739
2026-03-31 20:37:30,USDT,XAUUSDT,Single-asset,close_short,-0.1501,-0.008258688
2026-03-31 20:15:11,USDT,XAUUSDT,Single-asset,open_short,0.0,-0.00823167
2026-03-31 17:30:52,USDT,XAUUSDT,Single-asset,close_short,0.0934,0.0
2026-03-31 17:02:36,USDT,XAUUSDT,Single-asset,open_short,0.0,-0.008216352
2026-03-31 13:39:54,USDT,XAUUSDT,Single-asset,close_short,-0.4444,-0.016473996
2026-03-31 13:31:01,USDT,XAUUSDT,Single-asset,open_short,0.0,0.0
2026-03-31 13:13:38,USDT,XAUUSDT,Single-asset,open_short,0.0,0.0
2026-03-31 13:13:17,USDT,XAUUSDT,Single-asset,close_long,-0.1559,-0.008193276
2026-03-31 13:07:30,USDT,XAUUSDT,Single-asset,open_long,0.0,0.0
2026-03-30 12:13:21,USDT,XAUUSDT,Single-asset,close_long,-0.2345,-0.00808587
2026-03-30 12:00:01,USDT,XAUUSDT,Single-asset,contract_main_settle_fee,-0.002249275,0.0
2026-03-30 11:25:05,USDT,XAUUSDT,Single-asset,open_long,0.0,-0.00812808
2026-03-27 10:49:02,USDT,XAUUSDT,Single-asset,close_long,-0.0341,-0.007980624
2026-03-27 10:11:25,USDT,XAUUSDT,Single-asset,open_long,0.0,-0.007986762
2026-03-26 21:37:36,USDT,XAUUSDT,Single-asset,close_short,0.0272,-0.008004168
2026-03-26 21:23:05,USDT,XAUUSDT,Single-asset,open_short,0.0,0.0
2026-03-26 16:56:00,USDT,XAGUSDT,Single-asset,close_short,0.1596,-0.002590812
2026-03-26 16:56:00,USDT,XAGUSDT,Single-asset,close_short,0.0152,-0.000246744
2026-03-26 16:56:00,USDT,XAGUSDT,Single-asset,close_short,0.114,-0.00185058
2026-03-26 16:56:00,USDT,XAGUSDT,Single-asset,close_short,0.0152,-0.000246744
2026-03-26 16:56:00,USDT,XAGUSDT,Single-asset,close_short,0.0152,-0.000246744
2026-03-26 16:00:04,USDT,XAGUSDT,Single-asset,contract_main_settle_fee,0.00145698,0.0
2026-03-26 14:14:37,USDT,XAGUSDT,Single-asset,open_short,0.0,-0.00523908
2026-03-26 14:09:16,USDT,XAGUSDT,Single-asset,close_short,0.1848,-0.005273856
2026-03-26 13:52:06,USDT,XAGUSDT,Single-asset,open_short,0.0,-0.00530712
2026-03-26 11:29:06,USDT,XAGUSDT,Single-asset,close_short,0.0038,-0.002447352
2026-03-26 11:29:06,USDT,XAGUSDT,Single-asset,close_short,0.0044,-0.002833776
2026-03-26 10:35:32,USDT,XAGUSDT,Single-asset,open_short,0.0,-0.005282604
2026-03-25 10:51:45,USDT,XAUUSDT,Single-asset,close_long,0.0103,-0.008259498
2026-03-25 10:18:50,USDT,XAUUSDT,Single-asset,open_long,0.0,0.0
2026-03-25 01:05:10,USDT,XAGUSDT,Single-asset,close_long,-0.1885,-0.003619548
2026-03-25 00:16:47,USDT,XAGUSDT,Single-asset,open_long,0.0,-0.003653478
2026-03-24 17:06:29,USDT,XAGUSDT,Single-asset,close_long,-0.0126,-0.005255712
2026-03-24 16:41:41,USDT,XAGUSDT,Single-asset,open_long,0.0,-0.00525798
2026-03-24 16:36:33,USDT,BTCUSDT,Single-asset,close_short,0.01832,-0.017038824
2026-03-24 16:16:13,USDT,BTCUSDT,Single-asset,open_short,0.0,-0.005683272
2026-03-24 16:05:15,USDT,XAGUSDT,Single-asset,close_long,-0.0735,-0.002631258
2026-03-24 16:00:03,USDT,XAGUSDT,Single-asset,contract_main_settle_fee,-0.0010163286,0.0
2026-03-24 15:50:56,USDT,XAGUSDT,Single-asset,open_long,0.0,-0.002644488
2026-03-24 15:23:36,USDT,XAGUSDT,Single-asset,close_long,0.168,-0.0052542
2026-03-24 14:55:51,USDT,XAGUSDT,Single-asset,open_long,0.0,-0.00522396
2026-03-23 18:37:32,USDT,XAGUSDT,Single-asset,close_long,-0.2254,-0.00527022
2026-03-23 18:10:53,USDT,XAGUSDT,Single-asset,open_long,0.0,-0.005310792
2026-03-23 14:15:05,USDT,XAGUSDT,Single-asset,close_short,0.0162,-0.002078784
2026-03-23 14:15:05,USDT,XAGUSDT,Single-asset,close_short,0.0072,-0.000923904
2026-03-23 14:15:05,USDT,XAGUSDT,Single-asset,close_short,0.009,-0.00115488
2026-03-23 14:15:05,USDT,XAGUSDT,Single-asset,close_short,0.0018,-0.000230976
2026-03-23 14:15:05,USDT,XAGUSDT,Single-asset,close_short,0.0072,-0.000923904
2026-03-23 13:50:54,USDT,XAGUSDT,Single-asset,open_short,0.0,0.0
2026-03-23 13:30:16,USDT,XAGUSDT,Single-asset,close_long,-0.5852,-0.005174928
2026-03-23 13:06:43,USDT,XAGUSDT,Single-asset,open_long,0.0,0.0
2026-03-22 17:41:37,USDT,BTCUSDT,Single-asset,close_short,0.30176,-0.033020688
2026-03-22 16:00:04,USDT,BTCUSDT,Single-asset,contract_margin_settle_fee,-0.00325131536,0.0
2026-03-22 13:15:39,USDT,BTCUSDT,Single-asset,open_short,0.0,-0.011067248
2026-03-20 20:19:24,USDT,XAUUSDT,Single-asset,close_long,0.0,0.0
2026-03-20 20:10:24,USDT,XAUUSDT,Single-asset,open_long,0.0,0.0
2026-03-20 18:05:08,USDT,XAGUSDT,Single-asset,close_short,0.0328,-0.005286294
2026-03-20 18:01:00,USDT,XAGUSDT,Single-asset,open_short,0.0,0.0
2026-03-20 14:20:29,USDT,XAGUSDT,Single-asset,close_short,0.128,0.0
2026-03-20 14:10:06,USDT,XAGUSDT,Single-asset,open_short,0.0,0.0
2026-03-20 14:00:02,USDT,XAGUSDT,Single-asset,close_short,-0.032,-0.00522288
2026-03-20 13:55:09,USDT,XAGUSDT,Single-asset,open_short,0.0,-0.00521712
2026-03-20 12:40:07,USDT,ETHUSDT,Single-asset,close_short,0.156499999999,-0.01283664
2026-03-20 12:22:51,USDT,ETHUSDT,Single-asset,open_short,0.0,-0.0043049
2026-03-20 11:44:39,USDT,ETHUSDT,Single-asset,open_short,0.0,-0.00429536
2026-03-20 10:33:32,USDT,ETHUSDT,Single-asset,open_short,0.0,-0.00426768
2026-03-20 10:17:48,USDT,XAGUSDT,Single-asset,close_long,-0.02,0.0
2026-03-20 10:11:05,USDT,XAGUSDT,Single-asset,open_long,0.0,-0.00533376
2026-03-20 09:47:10,USDT,XAGUSDT,Single-asset,close_long,0.0032,-0.001069344
2026-03-20 09:47:10,USDT,XAGUSDT,Single-asset,close_long,0.0032,-0.001069344
2026-03-20 09:47:10,USDT,XAGUSDT,Single-asset,close_long,0.0008,-0.000267336
2026-03-20 09:47:10,USDT,XAGUSDT,Single-asset,close_long,0.0084,-0.002807028
2026-03-20 09:38:03,USDT,XAGUSDT,Single-asset,open_long,0.0,0.0
2026-03-19 21:42:04,USDT,XAGUSDT,Single-asset,close_short,0.0258,0.0
2026-03-19 21:25:15,USDT,XAGUSDT,Single-asset,open_short,0.0,-0.00525159
2026-03-19 18:53:32,USDT,XAGUSDT,Single-asset,close_short,-0.000800000001,0.0
2026-03-19 16:53:06,USDT,XAGUSDT,Single-asset,open_short,0.0,0.0
2026-03-19 16:52:18,USDT,XAGUSDT,Single-asset,open_short,0.0,0.0
2026-03-19 16:51:34,USDT,XAGUSDT,Single-asset,open_short,0.0,0.0
2026-03-19 16:45:09,USDT,XAGUSDT,Single-asset,open_short,0.0,-0.005306364
2026-03-19 15:39:24,USDT,XAGUSDT,Single-asset,close_short,0.019,-0.004959
2026-03-19 15:39:24,USDT,XAGUSDT,Single-asset,close_short,0.001,-0.000261
2026-03-19 15:25:09,USDT,XAGUSDT,Single-asset,open_short,0.0,-0.0052236
2026-03-19 14:55:12,USDT,XAGUSDT,Single-asset,close_short,0.208,-0.00260928
2026-03-19 14:47:35,USDT,XAGUSDT,Single-asset,close_short,0.212,0.0
2026-03-19 14:30:06,USDT,XAGUSDT,Single-asset,open_short,0.0,0.0
2026-03-18 23:03:02,USDT,ETHUSDT,Single-asset,close_short,0.0245,-0.0130983
2026-03-18 23:00:14,USDT,ETHUSDT,Single-asset,open_short,0.0,-0.013113
2026-03-18 20:46:06,USDT,ETHUSDT,Single-asset,close_short,0.2668,-0.00447286
2026-03-18 19:39:53,USDT,ETHUSDT,Single-asset,open_short,0.0,-0.00452622
2026-03-18 18:35:37,USDT,ETHUSDT,Single-asset,close_long,0.1151,-0.01395438
2026-03-18 16:00:06,USDT,ETHUSDT,Single-asset,contract_main_settle_fee,0.00074128,0.0
2026-03-18 15:44:08,USDT,ETHUSDT,Single-asset,open_long,0.0,-0.00462844
2026-03-17 21:32:40,USDT,ETHUSDT,Single-asset,close_short,-0.2907,-0.0140187
2026-03-17 17:18:29,USDT,ETHUSDT,Single-asset,open_short,0.0,-0.00461476
2026-03-17 15:35:41,USDT,ETHUSDT,Single-asset,close_long,0.1273,-0.01397802
2026-03-17 14:16:13,USDT,ETHUSDT,Single-asset,open_long,0.0,-0.00463388
2026-03-17 14:10:12,USDT,ETHUSDT,Single-asset,close_short,-0.0446,-0.01382886
2026-03-17 13:47:33,USDT,ETHUSDT,Single-asset,open_short,0.0,-0.0046007
2026-03-14 09:54:58,USDT,ETHUSDT,Single-asset,close_short,-0.1146,-0.01256208
2026-03-14 08:45:29,USDT,ETHUSDT,Single-asset,open_short,0.0,-0.01249332
2026-03-14 01:16:18,USDT,ETHUSDT,Single-asset,close_short,-0.1456,-0.01283004
2026-03-14 00:03:25,USDT,ETHUSDT,Single-asset,open_short,0.0,-0.00424756
2026-03-13 22:56:36,USDT,ETHUSDT,Single-asset,close_short,0.1666,-0.00429424
2026-03-13 22:50:23,USDT,ETHUSDT,Single-asset,open_short,0.0,-0.01298268
2026-03-13 21:50:47,USDT,ETHUSDT,Single-asset,close_short,-0.0847,-0.0131445
2026-03-13 21:26:30,USDT,ETHUSDT,Single-asset,open_short,0.0,-0.00436456
2026-03-13 21:18:50,USDT,ETHUSDT,Single-asset,close_long,0.2541,-0.00436496
2026-03-13 21:17:16,USDT,ETHUSDT,Single-asset,open_long,0.0,-0.00431414
2026-03-13 15:00:44,USDT,XAGUSDT,Single-asset,close_long,-0.05,-0.0074331
2026-03-13 14:55:39,USDT,XAGUSDT,Single-asset,open_long,0.0,-0.0074421
2026-03-13 13:38:49,USDT,XAGUSDT,Single-asset,close_short,0.1225,0.0
2026-03-13 13:30:10,USDT,XAGUSDT,Single-asset,open_short,0.0,-0.00090882
2026-03-13 13:30:10,USDT,XAGUSDT,Single-asset,open_short,0.0,-0.00439263
2026-03-13 11:28:47,USDT,XAGUSDT,Single-asset,close_short,0.1394,0.0
2026-03-13 10:46:26,USDT,XAGUSDT,Single-asset,open_short,0.0,0.0
2026-03-12 22:45:33,USDT,XAGUSDT,Single-asset,close_short,-0.0068,-0.005249124
2026-03-12 22:23:40,USDT,XAGUSDT,Single-asset,open_short,0.0,-0.0049392
2026-03-12 22:23:40,USDT,XAGUSDT,Single-asset,open_short,0.0,-0.0003087
2026-03-12 21:57:51,USDT,XAGUSDT,Single-asset,close_short,0.0138,-0.00356247
2026-03-12 21:57:51,USDT,XAGUSDT,Single-asset,close_short,0.0048,-0.00123912
2026-03-12 21:57:51,USDT,XAGUSDT,Single-asset,close_short,0.0018,-0.00046467
2026-03-12 21:36:09,USDT,XAGUSDT,Single-asset,open_short,0.0,-0.001239984
2026-03-12 21:36:09,USDT,XAGUSDT,Single-asset,open_short,0.0,-0.001394982
2026-03-12 21:36:09,USDT,XAGUSDT,Single-asset,open_short,0.0,-0.002634966
2026-03-12 21:05:16,USDT,XAGUSDT,Single-asset,close_long,-0.0448,-0.002507328
2026-03-12 20:55:32,USDT,XAGUSDT,Single-asset,open_long,0.0,0.0
2026-03-12 14:39:35,USDT,XAGUSDT,Single-asset,close_short,-0.2074,-0.005248512
2026-03-12 14:20:37,USDT,XAGUSDT,Single-asset,open_short,0.0,-0.00429156
2026-03-12 14:20:37,USDT,XAGUSDT,Single-asset,open_short,0.0,-0.00091962
2026-03-12 11:39:04,USDT,XAGUSDT,Single-asset,close_long,-0.1326,-0.005165892
2026-03-12 11:05:30,USDT,XAGUSDT,Single-asset,open_long,0.0,0.0
2026-03-12 10:05:47,USDT,XAGUSDT,Single-asset,close_short,-0.0714,-0.005237496
2026-03-12 09:56:01,USDT,XAGUSDT,Single-asset,open_short,0.0,-0.005224644
2026-03-12 09:38:39,USDT,XAGUSDT,Single-asset,close_short,-0.1156,-0.005219748
2026-03-12 09:30:07,USDT,XAGUSDT,Single-asset,open_short,0.0,-0.00504603
2026-03-12 09:30:07,USDT,XAGUSDT,Single-asset,open_short,0.0,-0.00015291
2026-03-11 22:42:18,USDT,XAGUSDT,Single-asset,close_short,0.0272,-0.005231988
2026-03-11 22:35:03,USDT,XAGUSDT,Single-asset,open_short,0.0,-0.005236884
2026-03-11 22:31:30,USDT,XAGUSDT,Single-asset,close_short,-0.0374,-0.005248512
2026-03-11 22:05:46,USDT,XAGUSDT,Single-asset,open_short,0.0,0.0
2026-03-11 19:50:06,USDT,XAGUSDT,Single-asset,close_short,-0.0136,-0.005279724
2026-03-11 19:46:25,USDT,XAGUSDT,Single-asset,open_short,0.0,0.0
2026-03-11 11:05:30,USDT,XAGUSDT,Single-asset,close_long,0.0185,-0.00079803
2026-03-11 11:05:30,USDT,XAGUSDT,Single-asset,close_long,0.0888,-0.003830544
2026-03-11 11:05:30,USDT,XAGUSDT,Single-asset,close_long,0.0074,-0.000319212
2026-03-11 11:05:30,USDT,XAGUSDT,Single-asset,close_long,0.0074,-0.000319212
2026-03-11 10:42:38,USDT,XAGUSDT,Single-asset,open_long,0.0,-0.00524502
2026-03-10 21:30:13,USDT,XAGUSDT,Single-asset,close_long,0.004,-0.0008028
2026-03-10 21:30:13,USDT,XAGUSDT,Single-asset,close_long,0.0016,-0.00032112
2026-03-10 21:30:13,USDT,XAGUSDT,Single-asset,close_long,0.0081,-0.001445202
2026-03-10 21:10:57,USDT,XAGUSDT,Single-asset,open_long,0.0,0.0
2026-03-10 11:55:05,USDT,XAGUSDT,Single-asset,close_short,0.006,-0.000634104
2026-03-10 11:55:05,USDT,XAGUSDT,Single-asset,close_short,0.0435,-0.004597254
2026-03-10 11:42:19,USDT,XAGUSDT,Single-asset,open_short,0.0,-0.005240268
2026-03-10 11:28:04,USDT,XAGUSDT,Single-asset,close_long,-0.3102,-0.005252148
2026-03-10 09:55:57,USDT,XAGUSDT,Single-asset,open_long,0.0,0.0
2026-03-09 21:43:42,USDT,XAGUSDT,Single-asset,close_long,-0.1064,-0.002110248
2026-03-09 21:30:45,USDT,XAGUSDT,Single-asset,open_long,0.0,-0.0021294
2026-03-09 20:05:30,USDT,XAGUSDT,Single-asset,close_short,-0.182,-0.00526806
2026-03-09 20:00:02,USDT,XAGUSDT,Single-asset,contract_main_settle_fee,0.00145705,0.0
2026-03-09 19:49:54,USDT,XAGUSDT,Single-asset,open_short,0.0,0.0
2026-03-09 17:45:43,USDT,XAGUSDT,Single-asset,close_long,-0.1632,-0.00512856
2026-03-09 17:45:43,USDT,XAGUSDT,Single-asset,close_long,-0.0048,-0.00015084
2026-03-09 17:25:01,USDT,XAGUSDT,Single-asset,open_long,0.0,0.0
2026-03-09 14:40:39,USDT,XAGUSDT,Single-asset,close_short,0.1155,0.0
2026-03-09 14:25:38,USDT,XAGUSDT,Single-asset,open_short,0.0,0.0
2026-03-09 14:10:47,USDT,XAGUSDT,Single-asset,close_short,-0.21,-0.00533988
2026-03-09 14:02:16,USDT,XAGUSDT,Single-asset,open_short,0.0,-0.005150592
2026-03-09 14:02:16,USDT,XAGUSDT,Single-asset,open_short,0.0,-0.000151488
2026-03-09 13:05:30,USDT,XAGUSDT,Single-asset,close_short,-0.1855,-0.00523971
2026-03-09 12:54:43,USDT,XAGUSDT,Single-asset,open_short,0.0,0.0
2026-03-06 17:53:37,USDT,BTCUSDT,Single-asset,close_short,0.16676,-0.016932
2026-03-06 16:06:03,USDT,XAGUSDT,Single-asset,close_long,-0.1035,-0.010509804
2026-03-06 16:00:11,USDT,XAGUSDT,Single-asset,open_long,0.0,0.0
2026-03-06 16:00:05,USDT,BTCUSDT,Single-asset,contract_margin_settle_fee,0.00210252944,0.0
2026-03-06 15:57:04,USDT,XAGUSDT,Single-asset,close_short,-0.1085,-0.00532728
2026-03-06 15:47:00,USDT,XAGUSDT,Single-asset,open_short,0.0,0.0
2026-03-06 15:37:45,USDT,BTCUSDT,Single-asset,open_short,0.0,-0.005677352
2026-03-06 13:24:23,USDT,BTCUSDT,Single-asset,close_long,-0.3624,-0.025320564
2026-03-06 13:04:31,USDT,BTCUSDT,Single-asset,open_long,0.0,-0.001412042
2026-03-06 13:04:31,USDT,BTCUSDT,Single-asset,open_long,0.0,-0.001412042
2026-03-06 13:04:31,USDT,BTCUSDT,Single-asset,open_long,0.0,-0.001412042
2026-03-06 10:03:27,USDT,BTCUSDT,Single-asset,open_long,0.0,-0.004276542
2026-03-05 23:43:15,USDT,BTCUSDT,Single-asset,close_short,0.13088,-0.005715552
2026-03-05 23:11:24,USDT,BTCUSDT,Single-asset,open_short,0.0,-0.005741728
2026-03-05 21:25:18,USDT,XAGUSDT,Single-asset,close_short,0.0182,0.0
2026-03-05 21:21:15,USDT,XAGUSDT,Single-asset,open_short,0.0,-0.002077992
2026-03-05 18:48:06,USDT,BTCUSDT,Single-asset,close_long,0.10951,-0.001467146
2026-03-05 18:48:06,USDT,BTCUSDT,Single-asset,close_long,0.10951,-0.001467146
2026-03-05 18:35:33,USDT,BTCUSDT,Single-asset,close_long,0.23318,-0.002937124
2026-03-05 16:55:06,USDT,BTCUSDT,Single-asset,open_long,0.0,-0.005780976
2026-03-05 16:24:59,USDT,XAGUSDT,Single-asset,close_short,0.0213,-0.010629126
2026-03-05 16:12:31,USDT,XAGUSDT,Single-asset,open_short,0.0,-0.01063296
2026-03-05 14:14:11,USDT,XAGUSDT,Single-asset,close_short,0.1564,-0.002499408
2026-03-05 14:00:12,USDT,XAGUSDT,Single-asset,open_short,0.0,-0.00252756
2026-03-03 23:52:06,USDT,XAGUSDT,Single-asset,close_short,-0.8811,-0.004895154
2026-03-03 22:45:17,USDT,XAGUSDT,Single-asset,open_short,0.0,0.0
2026-03-03 21:50:21,USDT,XAGUSDT,Single-asset,close_short,0.0216,-0.007988868
2026-03-03 21:45:21,USDT,XAGUSDT,Single-asset,open_short,0.0,-0.007992756
2026-03-03 21:21:05,USDT,XAGUSDT,Single-asset,close_short,-0.3456,-0.008037468
2026-03-03 21:07:36,USDT,XAGUSDT,Single-asset,open_short,0.0,0.0
2026-03-03 16:45:51,USDT,XAGUSDT,Single-asset,close_short,0.0203,-0.001081584
2026-03-03 16:45:51,USDT,XAGUSDT,Single-asset,close_short,0.0261,-0.001390608
2026-03-03 16:45:51,USDT,XAGUSDT,Single-asset,close_short,0.0232,-0.001236096
2026-03-03 16:45:51,USDT,XAGUSDT,Single-asset,close_short,0.029,-0.00154512
2026-03-03 16:31:03,USDT,XAGUSDT,Single-asset,open_short,0.0,0.0
2026-03-03 16:30:27,USDT,XAGUSDT,Single-asset,close_long,-0.222,-0.00310428
2026-03-03 16:00:02,USDT,XAGUSDT,Single-asset,contract_main_settle_fee,-0.0008717,0.0
2026-03-03 15:56:03,USDT,XAGUSDT,Single-asset,open_long,0.0,0.0
2026-03-03 15:56:03,USDT,XAGUSDT,Single-asset,open_long,0.0,0.0
2026-03-03 14:37:13,USDT,XAGUSDT,Single-asset,close_short,0.6018,0.0
2026-03-03 14:35:13,USDT,XAGUSDT,Single-asset,open_short,0.0,0.0
2026-03-03 14:27:12,USDT,XAGUSDT,Single-asset,close_short,-0.11,-0.0031122
2026-03-03 14:25:38,USDT,XAGUSDT,Single-asset,open_short,0.0,0.0
2026-03-03 14:02:09,BTC,,Single-asset,trans_to_exchange,-0.00582916,0.0
2026-03-03 14:00:07,BTC,,Single-asset,trans_from_exchange,0.00306165,0.0
2026-03-03 13:59:31,BTC,,Single-asset,trans_from_exchange,0.00276751,0.0
2026-02-28 15:05:19,USDT,BTCUSDT,Single-asset,close_short,0.1051,-0.03814878
2026-02-28 14:50:05,USDT,BTCUSDT,Single-asset,open_short,0.0,-0.00636864
2026-02-28 14:50:05,USDT,BTCUSDT,Single-asset,open_short,0.0,-0.001273728
2026-02-28 14:50:05,USDT,BTCUSDT,Single-asset,open_short,0.0,-0.001273728
2026-02-28 14:50:05,USDT,BTCUSDT,Single-asset,open_short,0.0,-0.001273728
2026-02-28 14:50:05,USDT,BTCUSDT,Single-asset,open_short,0.0,-0.001273728
2026-02-28 14:50:05,USDT,BTCUSDT,Single-asset,open_short,0.0,-0.001273728
2026-02-27 21:31:30,USDT,BTCUSDT,Single-asset,close_short,0.01534,-0.017122222
2026-02-27 20:30:15,USDT,PIPPINUSDT,Single-asset,close_short,-0.20217,-0.008810058
2026-02-27 20:23:51,USDT,PIPPINUSDT,Single-asset,open_short,0.0,-0.002896252
2026-02-27 20:17:13,USDT,BTCUSDT,Single-asset,open_short,0.0,-0.01712529
2026-02-26 20:02:07,USDT,XAGUSDT,Single-asset,close_long,-0.3888,-0.00559224
2026-02-26 20:00:00,USDT,XAGUSDT,Single-asset,contract_main_settle_fee,-0.00156906,0.0
2026-02-26 17:02:36,USDT,XAGUSDT,Single-asset,open_long,0.0,0.0
2026-02-25 15:15:51,USDT,BTCUSDT,Single-asset,close_short,-0.40096,-0.062473248
2026-02-25 15:03:09,USDT,BTCUSDT,Single-asset,open_short,0.0,-0.020744224
2026-02-25 13:32:38,USDT,BTCUSDT,Single-asset,close_long,-0.37198,-0.027325704
2026-02-25 13:32:38,USDT,BTCUSDT,Single-asset,close_long,-0.05314,-0.003903672
2026-02-25 12:40:08,USDT,BTCUSDT,Single-asset,open_long,0.0,-0.010494816
2026-02-24 14:25:45,USDT,XAGUSDT,Single-asset,close_long,0.0553,-0.01254204
2026-02-24 14:25:45,USDT,XAGUSDT,Single-asset,close_long,0.0014,-0.00031752
2026-02-24 14:25:45,USDT,XAGUSDT,Single-asset,close_long,0.007,-0.0015876
2026-02-24 14:00:05,USDT,XAGUSDT,Single-asset,open_long,0.0,0.0
2026-02-24 13:25:20,USDT,XAGUSDT,Single-asset,close_long,-0.3104,-0.015211152
2026-02-24 13:18:47,USDT,XAGUSDT,Single-asset,open_long,0.0,0.0
2026-02-20 23:06:59,USDT,BTCUSDT,Single-asset,close_long,0.02436,-0.024156432
2026-02-20 22:31:49,USDT,BTCUSDT,Single-asset,open_long,0.0,-0.002682424
2026-02-20 22:31:49,USDT,BTCUSDT,Single-asset,open_long,0.0,-0.001341212
2026-02-20 22:31:49,USDT,BTCUSDT,Single-asset,open_long,0.0,-0.001341212
2026-02-20 22:31:49,USDT,BTCUSDT,Single-asset,open_long,0.0,-0.001341212
2026-02-20 22:31:49,USDT,BTCUSDT,Single-asset,open_long,0.0,-0.001341212
2026-02-12 13:16:10,USDT,XAGUSDT,Single-asset,close_short,-0.6105,-0.00833085
2026-02-12 12:19:47,USDT,XAGUSDT,Single-asset,open_short,0.0,0.0
2026-02-12 12:07:32,USDT,XAGUSDT,Single-asset,close_long,-0.4387,-0.01612062
2026-02-12 12:00:01,USDT,XAGUSDT,Single-asset,contract_main_settle_fee,-0.00446939,0.0
2026-02-12 11:36:05,USDT,XAGUSDT,Single-asset,open_long,0.0,0.0
2026-02-12 11:07:18,USDT,HYPEUSDT,Single-asset,close_long,-0.11753,-0.013434336
2026-02-12 10:44:49,USDT,HYPEUSDT,Single-asset,open_long,0.0,-0.013504854
2026-02-12 00:06:00,USDT,ETHUSDT,Single-asset,close_short,-0.1914,-0.03480498
2026-02-12 00:00:39,USDT,ETHUSDT,Single-asset,open_short,0.0,-0.01156338
2026-02-11 23:32:16,USDT,ETHUSDT,Single-asset,close_short,0.4284,-0.01538496
2026-02-11 23:00:44,USDT,ETHUSDT,Single-asset,open_short,0.0,-0.02320596
2026-02-11 23:00:44,USDT,ETHUSDT,Single-asset,open_short,0.0,-0.01160298
2026-02-11 23:00:44,USDT,ETHUSDT,Single-asset,open_short,0.0,-0.01160298
2026-02-10 23:27:16,USDT,BTCUSDT,Single-asset,close_short,-0.4724,-0.01660548
2026-02-10 22:45:56,USDT,BTCUSDT,Single-asset,open_short,0.0,-0.00544068
2026-02-10 21:22:56,USDT,HYPEUSDT,Single-asset,close_short,-0.3024,-0.019249488
2026-02-10 20:07:12,USDT,HYPEUSDT,Single-asset,open_short,0.0,-0.019068048
2026-02-09 20:12:00,USDT,ETHUSDT,Single-asset,close_short,-0.1716,-0.00813992
2026-02-09 18:26:17,USDT,ETHUSDT,Single-asset,open_short,0.0,-0.0243168
2026-02-09 18:15:06,USDT,ETHUSDT,Single-asset,close_long,-0.1818,-0.0366939
2026-02-09 18:10:46,USDT,ETHUSDT,Single-asset,open_long,0.0,-0.01226766
2026-02-09 15:30:29,USDT,XAUUSDT,Single-asset,close_short,0.0033,-0.03005256
2026-02-09 15:18:32,USDT,XAUUSDT,Single-asset,open_short,0.0,-0.03005454
2026-02-08 23:40:07,USDT,ETHUSDT,Single-asset,close_short,0.0902,-0.02533812
2026-02-08 23:26:21,USDT,ETHUSDT,Single-asset,close_short,0.1367,-0.0042047
2026-02-08 23:25:14,USDT,ETHUSDT,Single-asset,open_short,0.0,-0.03808836
2026-02-08 19:11:28,USDT,ETHUSDT,Single-asset,close_short,0.1854,-0.07573212
2026-02-08 19:05:52,USDT,ETHUSDT,Single-asset,open_short,0.0,-0.02528112
2026-02-08 18:45:12,USDT,ASTERUSDT,Single-asset,close_long,-0.144,-0.0353664
2026-02-08 18:35:47,USDT,ASTERUSDT,Single-asset,open_long,0.0,-0.0354528
2026-02-08 18:30:27,USDT,ASTERUSDT,Single-asset,close_long,-1.273,-0.0345876
2026-02-08 18:05:55,USDT,ASTERUSDT,Single-asset,open_long,0.0,-0.0353514
2026-02-08 18:05:11,USDT,ZILUSDT,Single-asset,close_long,-1.852144,-0.0168142464
2026-02-08 18:00:00,USDT,ZILUSDT,Single-asset,contract_main_settle_fee,0.091693529312,0.0
2026-02-08 17:05:31,USDT,ZILUSDT,Single-asset,open_long,0.0,-0.00802473
2026-02-08 17:05:31,USDT,ZILUSDT,Single-asset,open_long,0.0,-0.0099008028
2026-02-08 12:36:16,USDT,ETHUSDT,Single-asset,close_long,0.0492,-0.04982016
2026-02-08 12:20:52,USDT,ETHUSDT,Single-asset,open_long,0.0,-0.01659688
2026-02-08 12:19:39,USDT,API3USDT,Single-asset,close_short,0.008726517994,-0.002880174
2026-02-08 12:19:39,USDT,API3USDT,Single-asset,close_short,0.098823481929,-0.03261654
2026-02-08 12:13:23,USDT,API3USDT,Single-asset,open_short,0.0,-0.007851744
2026-02-08 12:13:23,USDT,API3USDT,Single-asset,open_short,0.0,-0.0277095
2026-02-08 12:12:57,USDT,MUSDT,Single-asset,close_short,-3.153216000022,-0.02344122
2026-02-08 12:12:57,USDT,MUSDT,Single-asset,close_short,-0.859008000006,-0.006392484
2026-02-08 12:12:57,USDT,MUSDT,Single-asset,close_short,-0.142908000001,-0.001065258
2026-02-08 12:12:57,USDT,MUSDT,Single-asset,close_short,-0.857388000006,-0.006391512
2026-02-08 12:06:30,USDT,MUSDT,Single-asset,open_short,0.0,-0.013131222
2026-02-08 12:06:30,USDT,MUSDT,Single-asset,open_short,0.0,-0.00202092
2026-02-08 12:06:30,USDT,MUSDT,Single-asset,open_short,0.0,-0.002023344
2026-02-08 12:04:59,USDT,MUSDT,Single-asset,open_short,0.0,-0.015204864
2026-02-08 12:04:59,USDT,MUSDT,Single-asset,open_short,0.0,-0.001902612
2026-02-08 11:59:57,USDT,API3USDT,Single-asset,close_short,0.0,-0.027019344
2026-02-08 11:59:57,USDT,API3USDT,Single-asset,close_short,0.0,-0.003218424
2026-02-08 10:41:53,USDT,API3USDT,Single-asset,open_short,0.0,-0.010079256
2026-02-08 08:23:34,USDT,TRIAUSDT,Single-asset,close_short,2.85,-0.005357696
2026-02-08 08:00:02,USDT,TRIAUSDT,Single-asset,contract_main_settle_fee,-0.00666948032,0.0
2026-02-08 04:00:00,USDT,TRIAUSDT,Single-asset,contract_main_settle_fee,-0.0005977552,0.0
2026-02-08 00:57:16,USDT,TRIAUSDT,Single-asset,open_short,0.0,-0.005927696
2026-02-08 00:46:50,USDT,TRIAUSDT,Single-asset,close_short,-0.9064,-0.001776808
2026-02-08 00:46:41,USDT,TRIAUSDT,Single-asset,close_short,-2.39547,-0.004794272
2026-02-08 00:00:01,USDT,TRIAUSDT,Single-asset,contract_main_settle_fee,-0.00421236336,0.0
2026-02-07 23:19:33,USDT,SKRUSDT,Single-asset,close_short,0.14154,-0.0176755152
2026-02-07 21:28:13,USDT,SKRUSDT,Single-asset,open_short,0.0,-0.0177604392
2026-02-07 21:27:51,USDT,TRIAUSDT,Single-asset,open_short,0.0,-0.017732118
2026-02-07 21:25:01,USDT,ACUUSDT,Single-asset,close_short,-0.0725,-0.01782978
2026-02-07 21:22:43,USDT,ACUUSDT,Single-asset,open_short,0.0,-0.01778628
2026-02-07 21:22:35,USDT,ACUUSDT,Single-asset,close_long,-0.70148,-0.017356944
2026-02-07 21:20:02,USDT,ACUUSDT,Single-asset,open_long,0.0,-0.017777832
2026-02-07 21:16:37,USDT,ACUUSDT,Single-asset,close_short,-0.44928,-0.018054144
2026-02-07 21:15:23,USDT,ACUUSDT,Single-asset,open_short,0.0,-0.005928192
2026-02-07 21:08:56,USDT,ACUUSDT,Single-asset,close_short,-0.3995,-0.01021224
2026-02-07 20:50:55,USDT,ACUUSDT,Single-asset,open_short,0.0,-0.00997254
2026-02-07 19:00:10,USDT,STABLEUSDT,Single-asset,close_short,0.0276,-0.00867744
2026-02-07 18:23:10,USDT,STABLEUSDT,Single-asset,open_short,0.0,-0.008694
2026-02-07 17:45:07,USDT,VELVETUSDT,Single-asset,close_long,-0.0054,-0.0013848
2026-02-07 17:45:07,USDT,VELVETUSDT,Single-asset,close_long,-0.04293,-0.01100916
2026-02-07 17:15:22,USDT,VELVETUSDT,Single-asset,open_long,0.0,-0.012422958
2026-02-07 17:09:23,USDT,HUSDT,Single-asset,close_short,0.52416,-0.008494512
2026-02-07 16:00:03,USDT,HUSDT,Single-asset,contract_main_settle_fee,0.000687856,0.0
2026-02-07 15:17:06,USDT,HUSDT,Single-asset,close_short,0.5439,-0.00285579
2026-02-07 14:55:19,USDT,HUSDT,Single-asset,open_short,0.0,-0.017702718
2026-02-07 12:31:03,USDT,HUSDT,Single-asset,close_short,0.08944,-0.008830848
2026-02-07 12:29:01,USDT,HUSDT,Single-asset,close_short,0.2184,-0.002917824
2026-02-07 12:21:20,USDT,HUSDT,Single-asset,open_short,0.0,-0.017769024
2026-02-07 00:57:14,USDT,ETHUSDT,Single-asset,close_long,0.2644,-0.01215264
2026-02-07 00:00:04,USDT,ETHUSDT,Single-asset,contract_main_settle_fee,0.0011282352,0.0
2026-02-06 22:47:21,USDT,ETHUSDT,Single-asset,open_long,0.0,-0.011994
2026-02-06 15:18:34,USDT,ETHUSDT,Single-asset,close_short,0.0343,-0.01137924
2026-02-06 15:02:16,USDT,ETHUSDT,Single-asset,open_short,0.0,-0.01139982
2026-02-06 13:56:11,USDT,ETHUSDT,Single-asset,close_short,0.3076,-0.04708896
2026-02-06 13:55:04,USDT,ETHUSDT,Single-asset,open_short,0.0,-0.04727352
2026-02-06 13:39:34,USDT,ETHUSDT,Single-asset,close_short,-0.8884,-0.04641096
2026-02-06 13:11:08,USDT,ETHUSDT,Single-asset,open_short,0.0,-0.04587792
2026-02-06 13:03:21,USDT,ETHUSDT,Single-asset,close_short,-0.4832,-0.04602456
2026-02-06 12:56:12,USDT,ETHUSDT,Single-asset,open_short,0.0,-0.04573464
2026-02-06 12:56:04,USDT,ETHUSDT,Single-asset,close_long,-0.096,-0.03432456
2026-02-06 12:23:03,USDT,ETHUSDT,Single-asset,open_long,0.0,-0.03438216
2026-02-06 12:22:17,USDT,ETHUSDT,Single-asset,close_short,-0.4192,-0.02290728
2026-02-06 11:26:20,USDT,ETHUSDT,Single-asset,open_short,0.0,-0.02265576
2026-02-06 09:40:01,USDT,,Single-asset,bonus_issue,2.0,0.0
2026-02-05 23:29:43,USDT,ETHUSDT,Single-asset,close_short,0.8748,-0.00386178
2026-02-05 23:05:16,USDT,ETHUSDT,Single-asset,open_short,0.0,-0.01211022
2026-02-05 22:35:12,USDT,ETHUSDT,Single-asset,close_short,-0.8288,-0.02511216
2026-02-05 20:19:46,USDT,ETHUSDT,Single-asset,open_short,0.0,-0.02461488
2026-02-05 15:50:25,USDT,XAGUSDT,Single-asset,close_long,0.0925,-0.01763568
2026-02-05 14:33:33,USDT,XAGUSDT,Single-asset,open_long,0.0,-0.00047514
2026-02-05 14:33:33,USDT,XAGUSDT,Single-asset,open_long,0.0,-0.00380112
2026-02-05 14:33:33,USDT,XAGUSDT,Single-asset,open_long,0.0,-0.00142542
2026-02-05 14:33:33,USDT,XAGUSDT,Single-asset,open_long,0.0,-0.0023757
2026-02-05 14:33:33,USDT,XAGUSDT,Single-asset,open_long,0.0,-0.00617682
2026-02-05 14:33:33,USDT,XAGUSDT,Single-asset,open_long,0.0,-0.00332598
2026-02-05 13:46:34,USDT,XAGUSDT,Single-asset,close_short,-0.4806,-0.0125145
2026-02-05 13:21:48,USDT,XAGUSDT,Single-asset,open_short,0.0,-0.01222614
2026-02-05 12:53:45,USDT,ETHUSDT,Single-asset,close_long,0.1692,-0.02529048
2026-02-05 12:20:05,USDT,ETHUSDT,Single-asset,open_long,0.0,-0.02518896
2026-02-05 11:46:30,USDT,XAGUSDT,Single-asset,close_short,-0.7367,-0.0245973
2026-02-05 11:30:41,USDT,XAGUSDT,Single-asset,open_short,0.0,-0.02415528
2026-02-05 11:20:34,USDT,XAGUSDT,Single-asset,close_short,-0.1584,-0.00558648
2026-02-05 10:51:11,USDT,XAGUSDT,Single-asset,open_short,0.0,-0.00274572
2026-02-05 10:51:11,USDT,XAGUSDT,Single-asset,open_short,0.0,-0.00091524
2026-02-05 10:51:11,USDT,XAGUSDT,Single-asset,open_short,0.0,-0.00091524
2026-02-05 10:51:11,USDT,XAGUSDT,Single-asset,open_short,0.0,-0.00091524
2026-02-05 10:38:11,USDT,XAGUSDT,Single-asset,close_long,-0.9292,-0.02262648
2026-02-05 10:30:24,USDT,XAGUSDT,Single-asset,open_long,0.0,-0.023184
2026-02-05 10:20:06,USDT,XAGUSDT,Single-asset,close_short,-0.0035,-0.0173271
2026-02-05 10:15:24,USDT,XAGUSDT,Single-asset,open_short,0.0,-0.017325
2026-02-05 01:21:23,USDT,HUSDT,Single-asset,close_long,-0.0171,-0.008808552
2026-02-05 00:22:33,USDT,HUSDT,Single-asset,open_long,0.0,-0.00103144
2026-02-05 00:22:33,USDT,HUSDT,Single-asset,open_long,0.0,-0.001908164
2026-02-04 19:25:19,USDT,ETHUSDT,Single-asset,close_long,0.0863,-0.00448546
2026-02-04 19:15:06,USDT,ETHUSDT,Single-asset,open_long,0.0,-0.0134046
2026-02-04 18:36:48,USDT,ETHUSDT,Single-asset,close_short,0.0153,-0.00451954
2026-02-04 18:01:09,USDT,ETHUSDT,Single-asset,open_short,0.0,-0.0045226
2026-02-04 14:49:45,USDT,ETHUSDT,Single-asset,close_long,0.025,-0.01364448
2026-02-04 14:15:58,USDT,ETHUSDT,Single-asset,open_long,0.0,-0.00454316
2026-02-02 20:05:39,USDT,XAGUSDT,Single-asset,close_long,-0.1029,-0.00346206
2026-02-02 20:00:02,USDT,XAGUSDT,Single-asset,contract_main_settle_fee,-0.0035681996,0.0
2026-02-02 19:30:53,USDT,XAGUSDT,Single-asset,open_long,0.0,-0.0035238
2026-02-02 18:30:44,USDT,XAGUSDT,Single-asset,close_short,-0.0858,-0.00537108
2026-02-02 18:25:32,USDT,XAGUSDT,Single-asset,open_short,0.0,-0.0053196
2026-02-02 13:36:42,USDT,XRPUSDT,Single-asset,close_short,0.22,-0.0015337
2026-02-02 12:56:00,USDT,XRPUSDT,Single-asset,open_short,0.0,-0.0047331
2026-02-02 12:22:20,USDT,ETHUSDT,Single-asset,close_short,-1.0122,-0.02687772
2026-02-02 12:15:14,USDT,ETHUSDT,Single-asset,open_short,0.0,-0.00442824
2026-02-02 11:31:32,USDT,ETHUSDT,Single-asset,open_short,0.0,-0.01298568
2026-02-02 05:56:27,USDT,BTCUSDT,Single-asset,close_short,0.57057,-0.016807252
2026-02-02 00:00:06,USDT,BTCUSDT,Single-asset,contract_margin_settle_fee,0.0017064388,0.0
2026-02-01 23:35:27,USDT,BTCUSDT,Single-asset,open_short,0.0,-0.016921366
2026-02-01 22:48:09,USDT,BTCUSDT,Single-asset,close_short,0.0661,-0.01556676
2026-02-01 22:30:51,USDT,BTCUSDT,Single-asset,open_short,0.0,-0.01557998
2026-02-01 16:14:40,USDT,BTCUSDT,Single-asset,close_short,-1.23925,-0.03924185
2026-02-01 16:00:01,USDT,BTCUSDT,Single-asset,contract_margin_settle_fee,-0.0050903255,0.0
2026-02-01 15:08:00,USDT,BTCUSDT,Single-asset,open_short,0.0,-0.116982
2026-02-01 14:00:12,USDT,BTCUSDT,Single-asset,close_short,-0.24178,-0.103760448
2026-02-01 13:50:15,USDT,BTCUSDT,Single-asset,open_short,0.0,-0.10361538
2026-02-01 11:28:36,USDT,SYNUSDT,Single-asset,close_short,-0.164068171028,-0.004591344
2026-02-01 11:28:36,USDT,SYNUSDT,Single-asset,close_short,-0.668111829006,-0.018975186
2026-02-01 11:26:52,USDT,SYNUSDT,Single-asset,open_short,0.0,-0.00832656
2026-02-01 11:26:52,USDT,SYNUSDT,Single-asset,open_short,0.0,-0.014740662
2026-02-01 11:23:23,USDT,BTCUSDT,Single-asset,close_long,-0.3766,-0.094362
2026-02-01 10:15:44,USDT,BTCUSDT,Single-asset,open_long,0.0,-0.09458796
2026-02-01 10:10:56,USDT,CLANKERUSDT,Single-asset,close_short,-0.7021,-0.0040851
2026-02-01 10:10:56,USDT,CLANKERUSDT,Single-asset,close_short,-0.6195,-0.0036045
2026-02-01 10:01:43,USDT,CLANKERUSDT,Single-asset,open_short,0.0,-0.00689664
2026-02-01 10:00:05,USDT,ENSOUSDT,Single-asset,close_short,0.0979,-0.00806058
2026-02-01 10:00:05,USDT,ENSOUSDT,Single-asset,close_short,0.0089,-0.00073278
2026-02-01 09:18:43,USDT,ENSOUSDT,Single-asset,open_short,0.0,-0.00295248
2026-01-31 22:23:25,USDT,SOLUSDT,Single-asset,close_short,2.123,-0.0222474
2026-01-31 22:19:29,USDT,SOLUSDT,Single-asset,close_short,1.051,-0.0224618
2026-01-31 22:10:51,USDT,SOLUSDT,Single-asset,open_short,0.0,-0.136032
2026-01-31 22:09:12,USDT,SOLUSDT,Single-asset,close_long,-1.2544,-0.10897344
2026-01-31 22:05:49,USDT,SOLUSDT,Single-asset,open_long,0.0,-0.03657536
2026-01-31 21:47:29,USDT,SOLUSDT,Single-asset,close_short,0.3645,-0.034215
2026-01-31 21:33:33,USDT,SOLUSDT,Single-asset,close_short,0.286,-0.0114207
2026-01-31 21:25:15,USDT,SOLUSDT,Single-asset,open_short,0.0,-0.0229558
2026-01-31 20:17:00,USDT,SOLUSDT,Single-asset,close_short,0.205,-0.0694182
2026-01-31 20:13:39,USDT,SOLUSDT,Single-asset,close_short,0.427,-0.023095
2026-01-31 19:59:08,USDT,SOLUSDT,Single-asset,open_short,0.0,-0.13212828
2026-01-31 19:59:08,USDT,SOLUSDT,Single-asset,open_short,0.0,-0.00695412
2026-01-31 19:56:46,USDT,SOLUSDT,Single-asset,close_short,0.1368,-0.08361
2026-01-31 19:56:46,USDT,SOLUSDT,Single-asset,close_short,0.0912,-0.05574
2026-01-31 19:17:58,USDT,SOLUSDT,Single-asset,open_short,0.0,-0.1394868
2026-01-31 18:43:24,USDT,SOLUSDT,Single-asset,close_short,-0.665600000001,-0.0420372
2026-01-31 16:30:19,USDT,SOLUSDT,Single-asset,open_short,0.0,-0.00231128
2026-01-31 16:29:16,USDT,SOLUSDT,Single-asset,open_short,0.0,-0.011568
2026-01-31 16:00:13,USDT,ENSOUSDT,Single-asset,close_long,-0.3293,-0.03532242
2026-01-31 16:00:06,USDT,ENSOUSDT,Single-asset,contract_margin_settle_fee,0.5414432,0.0
2026-01-31 15:59:58,USDT,ENSOUSDT,Single-asset,open_long,0.0,-0.03552
2026-01-31 15:59:28,USDT,ENSOUSDT,Single-asset,close_short,-0.1432,-0.00384
2026-01-31 15:59:28,USDT,ENSOUSDT,Single-asset,close_short,-0.2506,-0.00672
2026-01-31 14:06:30,USDT,ENSOUSDT,Single-asset,open_short,0.0,-0.00344124
2026-01-31 14:02:17,USDT,SENTUSDT,Single-asset,close_long,0.05301,-0.014273826
2026-01-31 14:00:00,USDT,SENTUSDT,Single-asset,contract_main_settle_fee,0.1254041078,0.0
2026-01-31 13:00:00,USDT,SENTUSDT,Single-asset,contract_main_settle_fee,0.12515540844,0.0
2026-01-31 12:13:45,USDT,SENTUSDT,Single-asset,open_long,0.0,-0.01424202
2026-01-31 12:13:22,USDT,SENTUSDT,Single-asset,close_short,-0.5738,-0.014535864
2026-01-31 12:00:01,USDT,SENTUSDT,Single-asset,contract_main_settle_fee,-0.12727485584,0.0
2026-01-31 11:09:52,USDT,SENTUSDT,Single-asset,open_short,0.0,-0.0129228
2026-01-31 11:09:52,USDT,SENTUSDT,Single-asset,open_short,0.0,-0.001268784
2026-01-31 11:01:08,USDT,SENTUSDT,Single-asset,close_short,0.10064,-0.00472416
2026-01-31 11:00:00,USDT,SENTUSDT,Single-asset,contract_main_settle_fee,-0.16345314176,0.0
2026-01-31 10:50:44,USDT,SENTUSDT,Single-asset,open_short,0.0,-0.014232864
2026-01-31 10:42:41,USDT,SENTUSDT,Single-asset,close_short,0.29427,-0.014048796
2026-01-31 10:10:40,USDT,SENTUSDT,Single-asset,open_short,0.0,-0.004741786
2026-01-31 10:08:49,USDT,SENTUSDT,Single-asset,close_long,-0.81572000023,-0.01013928
2026-01-31 10:00:00,USDT,SENTUSDT,Single-asset,contract_main_settle_fee,0.093777882,0.0
2026-01-31 09:58:10,USDT,SENTUSDT,Single-asset,open_long,0.0,-0.005318232
2026-01-31 09:10:08,USDT,SENTUSDT,Single-asset,open_long,0.0,-0.00531048
2026-01-31 00:49:11,USDT,PIPPINUSDT,Single-asset,close_short,1.89417,-0.004344746
2026-01-31 00:00:04,USDT,PIPPINUSDT,Single-asset,contract_margin_settle_fee,-0.0021150432,0.0
2026-01-30 23:22:57,USDT,PIPPINUSDT,Single-asset,open_short,0.0,-0.00472358
2026-01-30 23:05:53,USDT,RIVERUSDT,Single-asset,close_short,0.5,-0.0210978
2026-01-30 23:00:00,USDT,RIVERUSDT,Single-asset,contract_main_settle_fee,0.004905958,0.0
2026-01-30 22:00:00,USDT,RIVERUSDT,Single-asset,contract_main_settle_fee,0.003814978,0.0
2026-01-30 21:16:08,USDT,RIVERUSDT,Single-asset,open_short,0.0,-0.0213978
2026-01-30 21:07:43,USDT,PIPPINUSDT,Single-asset,close_short,0.12775,-0.00355995
2026-01-30 21:07:43,USDT,PIPPINUSDT,Single-asset,close_short,0.01533,-0.000427194
2026-01-30 21:00:00,USDT,PIPPINUSDT,Single-asset,contract_margin_settle_fee,8.545264e-05,0.0
2026-01-30 20:46:25,USDT,ENSOUSDT,Single-asset,close_long,-0.0253,-0.00031322
2026-01-30 20:46:24,USDT,ENSOUSDT,Single-asset,close_long,-0.0759,-0.00093966
2026-01-30 20:40:40,USDT,PIPPINUSDT,Single-asset,open_short,0.0,-0.004072992
2026-01-30 20:35:02,USDT,0GUSDT,Single-asset,close_long,-0.3094,-0.0066105
2026-01-30 20:31:56,USDT,ENSOUSDT,Single-asset,open_long,0.0,-0.00381936
2026-01-30 20:24:14,USDT,0GUSDT,Single-asset,open_long,0.0,-0.00679614
2026-01-30 20:19:03,USDT,NOMUSDT,Single-asset,close_long,0.07995,-0.01250541
2026-01-30 20:18:02,USDT,ARCUSDT,Single-asset,close_short,-0.01918,-0.006944256
2026-01-30 20:10:00,USDT,ARCUSDT,Single-asset,close_short,0.22673,-0.002375212
2026-01-30 20:00:02,USDT,NOMUSDT,Single-asset,contract_main_settle_fee,0.0559987389,0.0
2026-01-30 20:00:02,USDT,ARCUSDT,Single-asset,contract_main_settle_fee,0.0118474785,0.0
2026-01-30 19:47:24,USDT,NOMUSDT,Single-asset,open_long,0.0,-0.01245744
2026-01-30 19:44:31,USDT,ARCUSDT,Single-asset,open_short,0.0,-0.014194422
2026-01-30 19:37:51,USDT,XAGUSDT,Single-asset,close_long,0.0294,-0.0012396
2026-01-30 19:37:50,USDT,XAGUSDT,Single-asset,close_long,0.0686,-0.0028924
2026-01-30 19:31:35,USDT,XAGUSDT,Single-asset,open_long,0.0,-0.0123372
2026-01-30 19:26:10,USDT,HYPEUSDT,Single-asset,close_long,0.08827,-0.01770735
2026-01-30 19:15:48,USDT,HYPEUSDT,Single-asset,open_long,0.0,-0.017654388
2026-01-30 19:11:09,USDT,HYPEUSDT,Single-asset,close_long,0.15957,-0.035585292
2026-01-30 19:05:05,USDT,HYPEUSDT,Single-asset,open_long,0.0,-0.03548955
2026-01-30 18:50:53,USDT,HYPEUSDT,Single-asset,close_long,-0.19998,-0.035440416
2026-01-30 18:30:36,USDT,HYPEUSDT,Single-asset,open_long,0.0,-0.035560404
2026-01-30 18:17:34,USDT,PIPPINUSDT,Single-asset,close_short,0.19359,-0.012289482
2026-01-30 18:00:00,USDT,PIPPINUSDT,Single-asset,contract_margin_settle_fee,0.0007928928,0.0
2026-01-30 17:58:22,USDT,XAGUSDT,Single-asset,close_short,0.1589,-0.00413616
2026-01-30 17:42:53,USDT,XAGUSDT,Single-asset,close_short,0.1673,-0.00137704
2026-01-30 17:27:57,USDT,XAGUSDT,Single-asset,open_short,0.0,-0.008463
2026-01-30 17:00:00,USDT,PIPPINUSDT,Single-asset,contract_margin_settle_fee,0.00026357643,0.0
2026-01-30 16:41:51,USDT,HYPEUSDT,Single-asset,close_long,-0.2387,-0.01222326
2026-01-30 16:27:45,USDT,PIPPINUSDT,Single-asset,open_short,0.0,-0.012405636
2026-01-30 16:25:17,USDT,HYPEUSDT,Single-asset,open_long,0.0,-0.011129832
2026-01-30 16:25:17,USDT,HYPEUSDT,Single-asset,open_long,0.0,-0.001236648
2026-01-30 14:22:32,USDT,RIVERUSDT,Single-asset,close_short,2.291,-0.0086108
2026-01-30 14:01:35,USDT,RIVERUSDT,Single-asset,open_short,0.0,-0.027207
2026-01-30 14:00:33,USDT,BTCUSDT,Single-asset,close_long,-0.07931,-0.034790616
2026-01-30 13:31:28,USDT,XAGUSDT,Single-asset,close_long,-0.1638,-0.0261963
2026-01-30 13:18:26,USDT,XAGUSDT,Single-asset,open_long,0.0,-0.00067422
2026-01-30 13:18:26,USDT,XAGUSDT,Single-asset,open_long,0.0,-0.00269688
2026-01-30 13:18:26,USDT,XAGUSDT,Single-asset,open_long,0.0,-0.0033711
2026-01-30 13:18:26,USDT,XAGUSDT,Single-asset,open_long,0.0,-0.00134844
2026-01-30 13:18:26,USDT,XAGUSDT,Single-asset,open_long,0.0,-0.00134844
2026-01-30 13:18:26,USDT,XAGUSDT,Single-asset,open_long,0.0,-0.01415862
2026-01-30 13:18:26,USDT,XAGUSDT,Single-asset,open_long,0.0,-0.00067422
2026-01-30 13:18:26,USDT,XAGUSDT,Single-asset,open_long,0.0,-0.00202266
2026-01-30 12:52:17,USDT,BTCUSDT,Single-asset,open_long,0.0,-0.034838202
2026-01-30 12:40:23,USDT,BTCUSDT,Single-asset,close_long,0.04452,-0.03481002
2026-01-30 12:07:51,USDT,BTCUSDT,Single-asset,open_long,0.0,-0.034783308
2026-01-30 12:07:29,USDT,XAUUSDT,Single-asset,close_short,-0.5546,-0.03134502
2026-01-30 12:00:03,USDT,XAUUSDT,Single-asset,contract_main_settle_fee,0.0142120251,0.0
2026-01-30 11:43:57,USDT,XAUUSDT,Single-asset,open_short,0.0,-0.03101226
2026-01-30 11:02:21,USDT,,Single-asset,trans_from_exchange,100.0,0.0
2026-01-20 20:20:58,USDT,,Single-asset,trans_to_exchange,-290.20524305,0.0
2026-01-20 20:00:11,USDT,TSLAUSDT,Single-asset,close_short,-0.980961832062,-0.00973063
2026-01-20 20:00:11,USDT,TSLAUSDT,Single-asset,close_short,-0.336329770993,-0.003336216
2026-01-20 20:00:11,USDT,TSLAUSDT,Single-asset,close_short,-0.333929770993,-0.00333606
2026-01-20 20:00:11,USDT,TSLAUSDT,Single-asset,close_short,-0.333929770993,-0.00333606
2026-01-20 20:00:11,USDT,TSLAUSDT,Single-asset,close_short,-0.332729770993,-0.003335982
2026-01-20 20:00:11,USDT,TSLAUSDT,Single-asset,close_short,-0.221819847329,-0.002223988
2026-01-20 20:00:11,USDT,TSLAUSDT,Single-asset,close_short,-0.414412213741,-0.00416988
2026-01-20 20:00:11,USDT,TSLAUSDT,Single-asset,close_short,-0.027627480917,-0.000277992
2026-01-20 20:00:11,USDT,TSLAUSDT,Single-asset,close_short,-0.330329770993,-0.003335826
2026-01-20 20:00:11,USDT,TSLAUSDT,Single-asset,close_short,-0.330329770993,-0.003335826
2026-01-20 20:00:03,USDT,TSLAUSDT,Single-asset,contract_main_settle_fee,0.027999285,0.0
2026-01-20 18:27:26,USDT,TSLAUSDT,Single-asset,open_short,0.0,-0.01802723
2026-01-20 18:01:48,USDT,TSLAUSDT,Single-asset,open_short,0.0,-0.004410224
2026-01-20 17:50:53,USDT,TSLAUSDT,Single-asset,open_short,0.0,-0.01374425
2026-01-20 17:49:45,USDT,,Single-asset,trans_from_exchange,293.89224393,0.0
2026-01-14 12:26:33,USDT,,Single-asset,trans_to_exchange,-33.17172386,0.0
2026-01-14 08:46:51,USDT,ZECUSDT,Single-asset,close_short,-6.34524,-0.068358024
2026-01-14 08:46:51,USDT,ZECUSDT,Single-asset,close_short,-0.6876,-0.00742896
2026-01-14 08:00:06,USDT,ZECUSDT,Single-asset,contract_main_settle_fee,0.006181659,0.0
2026-01-14 04:00:03,USDT,ZECUSDT,Single-asset,contract_main_settle_fee,0.00610317,0.0
2026-01-14 00:46:11,USDT,ZECUSDT,Single-asset,open_short,0.0,-0.02385576
2026-01-14 00:43:52,USDT,,Single-asset,trans_from_exchange,40.29192177,0.0
2026-01-13 23:58:50,USDT,,Single-asset,trans_to_exchange,-40.28147929,0.0
2026-01-13 23:58:05,USDT,BTCUSDT,Single-asset,close_long,1.11372,-0.022407024
2026-01-13 22:31:17,USDT,BTCUSDT,Single-asset,open_long,0.0,-0.02218428
2026-01-13 22:31:08,USDT,BTCUSDT,Single-asset,close_short,-0.769410000001,-0.07208526
2026-01-13 22:04:50,USDT,BTCUSDT,Single-asset,open_short,0.0,-0.012859042
2026-01-13 22:02:48,USDT,BTCUSDT,Single-asset,open_short,0.0,-0.011015496
2026-01-13 22:01:45,USDT,,Single-asset,trans_from_exchange,40.07772039,0.0
2026-01-12 17:37:37,USDT,,Single-asset,trans_to_exchange,-1.05474899,0.0
2026-01-08 14:17:20,USDT,DOGEUSDT,Single-asset,user_grants_recycle,-1.97656181,0.0
2026-01-08 14:17:20,USDT,DOGEUSDT,Single-asset,close_short,1.05735,-0.00760126
2026-01-08 08:00:07,USDT,DOGEUSDT,Single-asset,contract_margin_settle_fee,0.00387801,0.0
2026-01-08 00:00:07,USDT,DOGEUSDT,Single-asset,contract_margin_settle_fee,0.00112224055,0.0
2026-01-07 21:15:04,USDT,DOGEUSDT,Single-asset,open_short,0.0,-0.02343819
2026-01-07 21:15:04,USDT,DOGEUSDT,Single-asset,user_grants_issue,2.0,0.0
2025-12-16 23:13:18,USDT,,Single-asset,trans_to_exchange,-2.41442973,0.0
2025-12-16 21:34:03,USDT,BGBUSDT,Single-asset,close_short,0.016,-0.002124
2025-12-16 21:34:03,USDT,BGBUSDT,Single-asset,user_grants_recycle,-10.0,0.0
2025-12-16 21:34:03,USDT,BGBUSDT,Single-asset,close_short,0.464,-0.061596
2025-12-16 16:00:05,USDT,BGBUSDT,Single-asset,contract_margin_settle_fee,-0.00902484,0.0
2025-12-16 08:00:02,USDT,BGBUSDT,Single-asset,contract_margin_settle_fee,0.010473,0.0
2025-12-16 00:00:03,USDT,BGBUSDT,Single-asset,contract_margin_settle_fee,-0.00434928,0.0
2025-12-15 22:57:21,USDT,DOGEUSDT,Single-asset,user_grants_recycle,-1.97655086,0.0
2025-12-15 22:57:21,USDT,DOGEUSDT,Single-asset,close_short,1.06106,-0.007604168
2025-12-15 21:35:07,USDT,,Single-asset,trans_to_exchange,-1.02298184,0.0
2025-12-15 21:34:01,USDT,BGBUSDT,Single-asset,open_short,0.0,-0.0170688
2025-12-15 21:34:01,USDT,BGBUSDT,Single-asset,open_short,0.0,-0.0469392
2025-12-15 21:34:01,USDT,BGBUSDT,Single-asset,user_grants_issue,10.0,0.0
2025-12-15 21:33:25,USDT,,Single-asset,trans_from_exchange,2.02298184,0.0
2025-12-15 16:00:07,USDT,DOGEUSDT,Single-asset,contract_margin_settle_fee,0.00389675,0.0
2025-12-15 08:00:07,USDT,DOGEUSDT,Single-asset,contract_margin_settle_fee,0.003833258,0.0
2025-12-15 00:00:07,USDT,DOGEUSDT,Single-asset,contract_margin_settle_fee,0.003873012,0.0
2025-12-14 19:41:51,USDT,,Single-asset,trans_to_exchange,-25.52649921,0.0
2025-12-14 19:38:28,USDT,DOGEUSDT,Single-asset,open_short,0.0,-0.02344914
2025-12-14 19:38:28,USDT,DOGEUSDT,Single-asset,user_grants_issue,2.0,0.0
2025-12-14 19:30:24,USDT,BTCUSDT,Single-asset,close_short,0.4284,-0.042910896
2025-12-14 19:25:44,USDT,BTCUSDT,Single-asset,open_short,0.0,-0.128989728
2025-12-14 19:24:58,USDT,,Single-asset,trans_from_exchange,5.0,0.0
2025-12-14 19:21:16,USDT,,Single-asset,trans_from_exchange,20.26999984,0.0
2025-12-11 21:54:26,USDT,,Single-asset,trans_to_exchange,-0.22390432,0.0
2025-12-01 17:15:16,USDT,,Single-asset,trans_from_exchange,0.22390432,0.0
2025-11-14 14:05:29,USDT,,Single-asset,trans_to_exchange,-51.87601023,0.0
2025-11-14 14:04:26,USDT,,Single-asset,transfer_from_future_copytrade,51.87601023,0.0
2025-11-13 00:15:39,USDT,,Single-asset,trans_to_exchange,-65.69247664,0.0
2025-11-13 00:11:46,USDT,,Single-asset,transfer_from_future_copytrade,65.69247664,0.0
2025-10-07 23:02:42,USDT,,Single-asset,trans_to_exchange,-13.03384624,0.0
2025-10-07 22:41:29,USDT,ORDIUSDT,Single-asset,close_long,-2.058380000005,-0.02720298
2025-10-07 20:16:11,USDT,ORDIUSDT,Single-asset,open_long,0.0,-0.001957088
2025-10-07 20:14:23,USDT,ORDIUSDT,Single-asset,open_long,0.0,-0.003647904
2025-10-07 20:00:28,USDT,ORDIUSDT,Single-asset,open_long,0.0,-0.003874344
2025-10-07 19:59:31,USDT,,Single-asset,trans_from_exchange,15.12890855,0.0
2025-10-07 13:42:53,USDT,,Single-asset,trans_to_exchange,-15.86694938,0.0
2025-10-07 13:03:22,USDT,ORDIUSDT,Single-asset,close_long,-0.04988,-0.002998304
2025-10-07 13:03:21,USDT,ORDIUSDT,Single-asset,close_long,-0.02842,-0.001708336
2025-10-07 13:00:48,USDT,ORDIUSDT,Single-asset,open_long,0.0,-0.0047223
2025-10-07 10:46:43,USDT,ORDIUSDT,Single-asset,close_long,0.199599999996,-0.00903864
2025-10-07 08:00:09,USDT,ORDIUSDT,Single-asset,contract_margin_settle_fee,-0.002288,0.0
2025-10-07 04:00:03,USDT,ORDIUSDT,Single-asset,contract_margin_settle_fee,-0.00230256,0.0
2025-10-07 00:00:08,USDT,ORDIUSDT,Single-asset,contract_margin_settle_fee,-0.00227682,0.0
2025-10-06 23:01:41,USDT,ORDIUSDT,Single-asset,open_long,0.0,-0.00588472
2025-10-06 23:00:48,USDT,ORDIUSDT,Single-asset,open_long,0.0,-0.003114
2025-10-06 22:58:02,USDT,,Single-asset,trans_from_exchange,15.77998306,0.0
2025-09-10 10:38:52,USDT,,Single-asset,trans_to_exchange,-58.54381594,0.0
2025-09-10 10:38:18,USDT,,Single-asset,transfer_from_future_copytrade,58.54381594,0.0
2025-08-14 12:54:53,USDT,,Single-asset,trans_to_exchange,-139.5144762,0.0
2025-08-14 12:54:42,USDT,,Single-asset,transfer_from_future_copytrade,139.5141586,0.0
2025-08-14 08:45:33,USDT,,Single-asset,transfer_to_future_copytrade,-139.12,0.0
2025-08-14 08:45:18,USDT,,Single-asset,transfer_from_future_copytrade,139.12,0.0
2025-08-14 08:44:57,USDT,,Single-asset,transfer_to_future_copytrade,-139.12,0.0
2025-08-14 08:44:39,USDT,,Single-asset,transfer_from_future_copytrade,139.12,0.0
2025-08-14 08:44:27,USDT,,Single-asset,transfer_to_future_copytrade,-139.12,0.0
2025-08-14 08:44:08,USDT,,Single-asset,trans_from_exchange,138.92627395,0.0
2025-08-14 00:10:26,USDT,,Single-asset,transfer_from_future_copytrade,0.19404365,0.0
2025-08-13 22:56:41,USDT,,Single-asset,trans_to_exchange,-2.19126131,0.0
2025-08-13 22:55:32,USDT,,Single-asset,trans_from_exchange,2.19126131,0.0
2025-08-13 17:41:37,USDT,,Single-asset,trans_to_exchange,-68.81647108,0.0
2025-08-13 17:41:05,USDT,SUIUSDT,Single-asset,close_long,0.54368,-0.134982152
2025-08-13 16:33:32,USDT,SUIUSDT,Single-asset,open_long,0.0,-0.134873416
2025-08-13 16:32:49,USDT,,Single-asset,trans_from_exchange,68.54264665,0.0
2025-08-13 15:09:51,USDT,,Single-asset,trans_to_exchange,-143.72094149,0.0
2025-08-13 09:29:51,USDT,,Single-asset,transfer_from_future_copytrade,143.72021778,0.0
2025-08-12 23:25:55,USDT,,Single-asset,transfer_to_future_copytrade,-142.89,0.0
2025-08-12 23:25:55,USDT,,Single-asset,transfer_to_future_copytrade,-142.89,0.0
2025-08-12 21:37:53,USDT,ETHUSDT,Single-asset,close_long,-0.4444,-0.035272
2025-08-12 21:37:53,USDT,ETHUSDT,Single-asset,close_long,-0.4444,-0.035272
2025-08-12 21:22:20,USDT,ETHUSDT,Single-asset,open_long,0.0,-0.03536088
2025-08-12 21:22:20,USDT,ETHUSDT,Single-asset,open_long,0.0,-0.03536088
2025-08-12 10:30:21,USDT,,Single-asset,transfer_from_future_copytrade,143.39631194,0.0
2025-08-11 23:48:06,USDT,,Single-asset,transfer_to_future_copytrade,-142.94,0.0
2025-08-11 22:05:42,USDT,,Single-asset,transfer_from_future_copytrade,142.94,0.0
2025-08-11 22:05:08,USDT,,Single-asset,transfer_to_future_copytrade,-142.94,0.0
2025-08-11 22:03:44,USDT,ETHUSDT,Single-asset,close_long,3.5328,-0.27435584
2025-08-11 21:57:31,USDT,ETHUSDT,Single-asset,open_long,0.0,-0.27364928
2025-08-11 21:51:01,USDT,ETHUSDT,Single-asset,close_long,0.5504,-0.41064288
2025-08-11 21:48:55,USDT,ETHUSDT,Single-asset,close_long,2.592,-0.3862233
2025-08-11 21:46:28,USDT,ETHUSDT,Single-asset,open_long,0.0,-0.26499358
2025-08-11 21:46:09,USDT,,Single-asset,trans_from_strategy,137.88410953,0.0
2025-08-11 16:45:43,USDT,,Single-asset,trans_to_strategy,-137.88410953,0.0
2025-08-11 16:44:28,USDT,,Single-asset,trans_from_strategy,137.88410953,0.0
2025-08-11 09:28:27,USDT,,Single-asset,trans_to_strategy,-137.88410953,0.0
2025-08-11 09:28:03,USDT,,Single-asset,trans_from_exchange,137.88410953,0.0
2025-08-11 09:22:42,USDT,,Single-asset,trans_to_exchange,-137.88409573,0.0
2025-08-11 09:17:36,USDT,,Single-asset,transfer_from_future_copytrade,137.88,0.0
2025-08-11 09:17:18,USDT,,Single-asset,transfer_to_future_copytrade,-137.88,0.0
2025-08-11 09:10:51,USDT,,Single-asset,transfer_from_future_copytrade,137.88,0.0
2025-08-11 09:10:29,USDT,,Single-asset,transfer_to_future_copytrade,-137.88,0.0
2025-08-11 09:10:00,USDT,,Single-asset,trans_from_exchange,1.18090287,0.0
2025-08-11 09:08:47,USDT,,Single-asset,trans_from_strategy,136.70319286,0.0
2025-08-10 22:28:55,USDT,,Single-asset,trans_to_strategy,-135.23776419,0.0
2025-08-10 22:28:48,USDT,,Single-asset,trans_from_exchange,135.23776419,0.0
2025-08-10 17:55:54,USDT,,Single-asset,trans_to_exchange,-135.23768547,0.0
2025-08-10 13:50:39,USDT,,Single-asset,transfer_from_future_copytrade,135.23,0.0
2025-08-10 13:49:15,USDT,,Single-asset,transfer_to_future_copytrade,-135.23,0.0
2025-08-10 11:15:51,USDT,,Single-asset,transfer_from_future_copytrade,135.23768547,0.0
2025-08-01 22:04:41,USDT,,Single-asset,transfer_to_future_copytrade,-161.66,0.0
2025-08-01 22:04:24,USDT,,Single-asset,transfer_from_future_copytrade,161.66,0.0
2025-08-01 20:36:27,USDT,,Single-asset,trans_to_exchange,-161.66211901,0.0
2025-08-01 20:34:39,USDT,,Single-asset,transfer_from_future_copytrade,161.65961342,0.0
2025-08-01 19:44:25,USDT,,Single-asset,transfer_to_future_copytrade,-182.36,0.0
2025-08-01 19:44:03,USDT,,Single-asset,transfer_from_future_copytrade,182.36,0.0
2025-08-01 19:43:14,USDT,,Single-asset,transfer_to_future_copytrade,-182.36,0.0
2025-08-01 19:41:54,USDT,,Single-asset,transfer_from_future_copytrade,182.35636676,0.0
2025-08-01 12:12:21,USDT,,Single-asset,transfer_to_future_copytrade,-218.51,0.0
2025-08-01 12:12:09,USDT,,Single-asset,transfer_from_future_copytrade,218.51,0.0
2025-08-01 10:40:14,USDT,,Single-asset,transfer_to_future_copytrade,-100.0,0.0
2025-08-01 10:39:55,USDT,,Single-asset,trans_from_strategy,100.00613883,0.0
2025-08-01 10:36:42,USDT,,Single-asset,trans_to_strategy,-100.00613883,0.0
2025-08-01 10:36:33,USDT,,Single-asset,trans_from_exchange,100.0002961,0.0
2025-08-01 08:53:15,USDT,,Single-asset,transfer_to_future_copytrade,-218.51,0.0
2025-08-01 08:50:21,USDT,,Single-asset,transfer_from_future_copytrade,218.50645984,0.0
2025-07-31 07:50:26,USDT,,Single-asset,transfer_to_future_copytrade,-236.79,0.0
2025-07-31 07:50:18,USDT,,Single-asset,transfer_from_future_copytrade,236.79,0.0
2025-07-31 07:49:34,USDT,,Single-asset,transfer_to_future_copytrade,-236.79,0.0
2025-07-31 07:48:45,USDT,,Single-asset,transfer_from_future_copytrade,236.7899086,0.0
2025-07-30 16:46:45,USDT,,Single-asset,transfer_to_future_copytrade,-246.7,0.0
2025-07-30 16:46:30,USDT,,Single-asset,transfer_from_future_copytrade,123.0,0.0
2025-07-30 16:46:24,USDT,,Single-asset,transfer_from_future_copytrade,123.7,0.0
2025-07-30 16:27:29,USDT,,Single-asset,transfer_to_future_copytrade,-246.7,0.0
2025-07-30 16:01:27,USDT,ETHUSDT,Single-asset,close_long,0.2715,-0.11421
2025-07-30 16:00:22,USDT,ETHUSDT,Single-asset,contract_main_settle_fee,0.00914232,0.0
2025-07-30 15:57:29,USDT,ETHUSDT,Single-asset,open_long,0.0,-0.1141557
2025-07-30 15:57:09,USDT,,Single-asset,trans_from_exchange,1.85479604,0.0
2025-07-30 15:33:45,USDT,,Single-asset,transfer_from_future_copytrade,244.80240163,0.0
2025-07-30 00:33:16,USDT,,Single-asset,trans_to_exchange,-148.12767544,0.0
2025-07-30 00:32:10,USDT,,Single-asset,transfer_to_future_copytrade,-100.0,0.0
2025-07-30 00:26:18,USDT,PENGUUSDT,Single-asset,close_short,0.11907,-0.0085694112
2025-07-30 00:26:18,USDT,PENGUUSDT,Single-asset,close_short,1.05,-0.075568
2025-07-30 00:26:18,USDT,PENGUUSDT,Single-asset,close_short,1.05,-0.075568
2025-07-30 00:26:18,USDT,PENGUUSDT,Single-asset,close_short,3.15,-0.226704
2025-07-30 00:26:18,USDT,PENGUUSDT,Single-asset,close_short,1.24425,-0.08954808
2025-07-30 00:22:54,USDT,PENGUUSDT,Single-asset,open_short,0.0,-0.2621615688
2025-07-30 00:22:54,USDT,PENGUUSDT,Single-asset,open_short,0.0,-0.0717087214
2025-07-30 00:22:54,USDT,PENGUUSDT,Single-asset,open_short,0.0,-0.143409865
2025-07-30 00:10:52,USDT,PENGUUSDT,Single-asset,close_short,13.990938,-0.1087481304
2025-07-30 00:10:52,USDT,PENGUUSDT,Single-asset,close_short,25.057435,-0.194765298
2025-07-30 00:10:52,USDT,PENGUUSDT,Single-asset,close_short,9.91,-0.077028
2025-07-30 00:10:52,USDT,PENGUUSDT,Single-asset,close_short,0.12883,-0.001001364
2025-07-30 00:00:18,USDT,PENGUUSDT,Single-asset,contract_main_settle_fee,0.09374863245,0.0
2025-07-29 20:46:26,USDT,PENGUUSDT,Single-asset,open_short,0.0,-0.391360233
2025-07-29 20:44:51,USDT,,Single-asset,transfer_from_future_copytrade,100.61286027,0.0
2025-07-29 20:44:13,USDT,PENGUUSDT,Single-asset,close_short,1.196377,-0.1041557928
2025-07-29 20:44:13,USDT,PENGUUSDT,Single-asset,close_short,0.861133,-0.0749696712
2025-07-29 20:30:26,USDT,PENGUUSDT,Single-asset,open_short,0.0,-0.179536966
2025-07-29 20:27:16,USDT,PENGUUSDT,Single-asset,close_short,0.610363,-0.504117744
2025-07-29 20:27:16,USDT,PENGUUSDT,Single-asset,close_short,0.002848,-0.0021315678
2025-07-29 20:27:16,USDT,PENGUUSDT,Single-asset,close_short,0.050014,-0.035228979
2025-07-29 20:00:11,USDT,PENGUUSDT,Single-asset,contract_main_settle_fee,0.04462734835,0.0
2025-07-29 19:24:32,USDT,PENGUUSDT,Single-asset,open_short,0.0,-0.1806254086
2025-07-29 19:20:42,USDT,TRXUSDT,Single-asset,close_long,-38.3208,-1.415761956
2025-07-29 19:20:42,USDT,TRXUSDT,Single-asset,close_long,-0.0825,-0.00310428
2025-07-29 19:12:51,USDT,TRXUSDT,Single-asset,open_long,0.0,-0.480636072
2025-07-29 09:55:35,USDT,,Single-asset,transfer_to_future_copytrade,-100.0,0.0
2025-07-29 09:55:00,USDT,,Single-asset,transfer_from_future_copytrade,231.77237468,0.0
2025-07-29 01:21:04,USDT,,Single-asset,transfer_to_future_copytrade,-111.0,0.0
2025-07-29 01:20:57,USDT,,Single-asset,transfer_from_future_copytrade,111.29,0.0
2025-07-28 22:53:04,USDT,,Single-asset,transfer_to_future_copytrade,-111.0,0.0
2025-07-28 22:52:30,USDT,,Single-asset,transfer_from_future_copytrade,111.0,0.0
2025-07-28 22:49:20,USDT,,Single-asset,transfer_to_future_copytrade,-222.29,0.0
2025-07-28 22:44:36,USDT,,Single-asset,transfer_from_future_copytrade,222.29,0.0
2025-07-28 22:38:33,USDT,,Single-asset,transfer_to_future_copytrade,-222.29,0.0
2025-07-28 22:38:18,USDT,,Single-asset,transfer_from_future_copytrade,222.28287635,0.0
2025-07-28 22:09:44,USDT,,Single-asset,transfer_to_future_copytrade,-229.32,0.0
2025-07-28 22:09:33,USDT,,Single-asset,transfer_from_future_copytrade,229.32,0.0
2025-07-28 22:09:13,USDT,,Single-asset,transfer_to_future_copytrade,-229.32,0.0
2025-07-28 22:03:48,USDT,VINEUSDT,Single-asset,close_short,0.080999999808,-0.019654544
2025-07-28 21:58:56,USDT,VINEUSDT,Single-asset,open_short,0.0,-0.009831474
2025-07-28 21:57:12,USDT,VINEUSDT,Single-asset,open_short,0.0,-0.00983927
2025-07-28 21:55:40,USDT,VINEUSDT,Single-asset,close_short,0.08118,-0.01966032
2025-07-28 21:54:10,USDT,ETHUSDT,Single-asset,close_short,0.154,-0.0384131
2025-07-28 21:54:09,USDT,ETHUSDT,Single-asset,close_short,0.616,-0.1536524
2025-07-28 21:53:35,USDT,VINEUSDT,Single-asset,open_short,0.0,-0.019676556
2025-07-28 21:47:40,USDT,ETHUSDT,Single-asset,open_short,0.0,-0.1922195
2025-07-28 21:45:26,USDT,ETHUSDT,Single-asset,close_short,-1.002000000001,-0.3471606
2025-07-28 21:41:51,USDT,ETHUSDT,Single-asset,open_short,0.0,-0.05409222
2025-07-28 21:39:16,USDT,ETHUSDT,Single-asset,open_short,0.0,-0.0077007
2025-07-28 21:38:17,USDT,ETHUSDT,Single-asset,open_short,0.0,-0.007686
2025-07-28 21:38:00,USDT,ETHUSDT,Single-asset,open_short,0.0,-0.00768526
2025-07-28 21:36:17,USDT,ETHUSDT,Single-asset,open_short,0.0,-0.00768554
2025-07-28 21:35:30,USDT,ETHUSDT,Single-asset,open_short,0.0,-0.01534144
2025-07-28 21:34:12,USDT,ETHUSDT,Single-asset,open_short,0.0,-0.01532864
2025-07-28 21:31:36,USDT,,Single-asset,transfer_from_future_copytrade,230.32508683,0.0
2025-07-28 09:07:50,USDT,,Single-asset,trans_to_exchange,-0.54010471,0.0
2025-07-28 08:51:31,USDT,,Single-asset,transfer_to_future_copytrade,-80.0,0.0
2025-07-28 08:48:20,USDT,VINEUSDT,Single-asset,close_long,0.563769999675,-0.011894832
2025-07-28 08:46:30,USDT,VINEUSDT,Single-asset,adjust_margin_ifm,5.0,0.0
2025-07-28 08:43:55,USDT,VINEUSDT,Single-asset,open_long,0.0,-0.003934978
2025-07-28 08:43:04,USDT,VINEUSDT,Single-asset,open_long,0.0,-0.003933468
2025-07-28 08:41:36,USDT,VINEUSDT,Single-asset,open_long,0.0,-0.003913632
2025-07-28 08:40:18,USDT,,Single-asset,trans_from_exchange,80.00001162,0.0
2025-07-28 01:35:12,USDT,,Single-asset,trans_to_exchange,-0.65343846,0.0
2025-07-28 01:34:28,USDT,,Single-asset,transfer_to_future_copytrade,-84.0,0.0
2025-07-28 01:32:39,USDT,,Single-asset,transfer_from_future_copytrade,84.65343846,0.0
2025-07-27 00:22:06,USDT,,Single-asset,trans_to_exchange,-0.22183008,0.0
2025-07-27 00:18:21,USDT,,Single-asset,transfer_to_future_copytrade,-100.0,0.0
2025-07-27 00:17:39,USDT,,Single-asset,transfer_from_future_copytrade,100.22183008,0.0
2025-07-26 20:09:19,USDT,,Single-asset,trans_to_exchange,-0.72981598,0.0
2025-07-26 18:45:27,USDT,,Single-asset,transfer_to_future_copytrade,-150.0,0.0
2025-07-26 18:42:00,USDT,,Single-asset,transfer_from_future_copytrade,150.5207053,0.0
2025-07-25 23:07:21,USDT,,Single-asset,transfer_to_future_copytrade,-148.0,0.0
2025-07-25 23:05:56,USDT,ETHUSDT,Single-asset,close_short,0.0582,-0.01450852
2025-07-25 23:00:56,USDT,ETHUSDT,Single-asset,open_short,0.0,-0.00726708
2025-07-25 22:59:24,USDT,ETHUSDT,Single-asset,open_short,0.0,-0.00725308
2025-07-25 22:55:46,USDT,,Single-asset,trans_from_exchange,48.00016628,0.0
2025-07-25 22:55:15,USDT,,Single-asset,transfer_from_future_copytrade,100.17977308,0.0
2025-07-24 15:12:56,USDT,,Single-asset,trans_to_exchange,-140.65442405,0.0
2025-07-24 15:06:03,USDT,,Single-asset,transfer_from_future_copytrade,140.64653657,0.0
2025-07-23 22:01:47,USDT,,Single-asset,transfer_to_future_copytrade,-139.99,0.0
2025-07-23 22:00:45,USDT,,Single-asset,transfer_from_future_copytrade,139.99788748,0.0
2025-07-14 16:10:20,USDT,,Single-asset,trans_to_exchange,-0.82093941,0.0
2025-07-14 15:02:11,USDT,,Single-asset,transfer_to_future_copytrade,-128.0,0.0
2025-07-14 12:27:21,USDT,,Single-asset,transfer_from_future_copytrade,128.81539964,0.0
2025-07-14 11:51:11,USDT,,Single-asset,transfer_to_future_copytrade,-128.69,0.0
2025-07-14 11:49:33,USDT,,Single-asset,transfer_from_future_copytrade,128.68633782,0.0
2025-07-14 10:27:59,USDT,,Single-asset,transfer_to_future_copytrade,-128.06,0.0
2025-07-14 10:25:15,USDT,,Single-asset,transfer_from_future_copytrade,128.06920195,0.0
2025-07-12 10:27:24,USDT,,Single-asset,trans_to_exchange,-7.34272322,0.0
2025-07-12 00:08:45,USDT,,Single-asset,transfer_to_future_copytrade,-25.0,0.0
2025-07-12 00:08:34,USDT,,Single-asset,transfer_to_future_copytrade,-25.0,0.0
2025-07-12 00:07:05,USDT,HYPERUSDT,Single-asset,close_short,0.301499999669,-0.03919618
2025-07-12 00:04:41,USDT,HYPERUSDT,Single-asset,open_short,0.0,-0.009765
2025-07-12 00:04:09,USDT,HYPERUSDT,Single-asset,open_short,0.0,-0.009823
2025-07-12 00:00:13,USDT,HYPERUSDT,Single-asset,contract_main_settle_fee,-0.112843008,0.0
2025-07-11 23:56:45,USDT,HYPERUSDT,Single-asset,open_short,0.0,-0.01966848
2025-07-11 23:56:21,USDT,,Single-asset,trans_from_exchange,57.23251889,0.0
2025-07-11 16:48:39,USDT,,Single-asset,trans_to_exchange,-97.61578946,0.0
2025-07-11 15:36:36,USDT,BTCUSDT,Single-asset,close_short,0.30168,-0.018860784
2025-07-11 14:08:46,USDT,BTCUSDT,Single-asset,open_short,0.0,-0.01892112
2025-07-11 14:06:17,USDT,,Single-asset,trans_from_exchange,97.35189136,0.0
2025-07-10 15:04:58,USDT,,Single-asset,trans_to_exchange,-101.44585835,0.0
2025-07-10 15:04:16,USDT,,Single-asset,trans_from_exchange,101.44585835,0.0
2025-07-10 02:15:20,USDT,,Single-asset,trans_to_exchange,-34.95780167,0.0
2025-07-09 20:09:55,USDT,BTCUSDT,Single-asset,close_short,-0.2558,-0.026219904
2025-07-09 16:00:22,USDT,BTCUSDT,Single-asset,contract_main_settle_fee,0.0019557864,0.0
2025-07-09 08:00:23,USDT,BTCUSDT,Single-asset,contract_main_settle_fee,0.00034839104,0.0
2025-07-09 00:00:21,USDT,BTCUSDT,Single-asset,contract_main_settle_fee,0.00069261504,0.0
2025-07-08 22:45:42,USDT,BTCUSDT,Single-asset,open_short,0.0,-0.008688808
2025-07-08 16:48:00,USDT,,Single-asset,trans_from_exchange,35.24551359,0.0
2025-07-06 21:29:12,USDT,,Single-asset,trans_to_exchange,-35.03754005,0.0
2025-07-06 21:28:35,USDT,,Single-asset,trans_from_exchange,35.03754005,0.0
2025-07-05 17:55:47,USDT,,Single-asset,trans_to_exchange,-51.34716528,0.0
2025-07-05 12:52:00,USDT,,Single-asset,transfer_to_future_copytrade,-50.0,0.0
2025-07-05 10:41:26,USDT,,Single-asset,trans_from_exchange,101.34716528,0.0
2025-07-05 01:00:19,USDT,,Single-asset,trans_to_exchange,-21.0,0.0
2025-07-05 00:59:56,USDT,,Single-asset,trans_from_strategy,21.0,0.0
2025-07-05 00:48:13,USDT,,Single-asset,trans_to_exchange,-21.0,0.0
2025-07-05 00:28:31,USDT,,Single-asset,trans_from_strategy,21.0,0.0
2025-07-04 23:32:12,USDT,,Single-asset,trans_to_exchange,-99.33935549,0.0
2025-07-04 23:31:58,USDT,,Single-asset,trans_to_strategy,-21.0,0.0
2025-07-04 23:31:44,USDT,,Single-asset,trans_to_strategy,-21.0,0.0
2025-07-04 23:31:37,USDT,,Single-asset,trans_from_exchange,101.33935549,0.0
2025-07-04 23:31:31,USDT,,Single-asset,trans_from_strategy,40.0,0.0
2025-07-04 23:28:03,USDT,,Single-asset,trans_to_strategy,-40.0,0.0
2025-07-04 23:27:14,USDT,,Single-asset,trans_from_exchange,40.0,0.0
2025-07-04 23:24:50,USDT,,Single-asset,trans_to_exchange,-141.33935549,0.0
2025-07-04 22:37:00,USDT,,Single-asset,transfer_to_future_copytrade,-100.0,0.0
2025-07-04 22:32:00,USDT,,Single-asset,transfer_from_future_copytrade,100.24933944,0.0
2025-07-04 22:24:20,USDT,,Single-asset,transfer_to_future_copytrade,-100.0,0.0
2025-07-04 22:23:54,USDT,,Single-asset,transfer_from_future_copytrade,49.04850923,0.0
2025-07-04 22:20:57,USDT,,Single-asset,transfer_from_future_copytrade,163.25264848,0.0
2025-07-04 21:17:31,USDT,,Single-asset,transfer_to_future_copytrade,-50.0,0.0
2025-07-04 21:16:44,USDT,,Single-asset,transfer_to_future_copytrade,-200.0,0.0
2025-07-04 21:16:25,USDT,,Single-asset,trans_from_exchange,151.33685173,0.0
2025-07-04 21:13:09,USDT,,Single-asset,transfer_from_future_copytrade,52.70991872,0.0
2025-07-04 18:21:14,USDT,ETHUSDT,Single-asset,close_long,0.2384,-0.02037568
2025-07-04 16:25:14,USDT,ETHUSDT,Single-asset,open_long,0.0,-0.020328
2025-07-04 14:53:58,USDT,ETHUSDT,Single-asset,close_long,0.0228,-0.00511496
2025-07-04 14:29:03,USDT,ETHUSDT,Single-asset,open_long,0.0,-0.0051104
2025-07-04 14:20:03,USDT,BCHUSDT,Single-asset,close_short,0.2484,-0.00387368
2025-07-04 13:13:57,USDT,BCHUSDT,Single-asset,open_short,0.0,-0.00392336
2025-07-04 12:57:00,USDT,PENGUUSDT,Single-asset,close_short,0.235422,-0.003889219
2025-07-04 12:34:11,USDT,PENGUUSDT,Single-asset,open_short,0.0,-0.0039363034
2025-07-04 12:26:30,USDT,ETHUSDT,Single-asset,close_long,-0.2213,-0.020622
2025-07-04 12:24:21,USDT,,Single-asset,transfer_from_future_copytrade,48.10785133,0.0
2025-07-04 12:20:49,USDT,ETHUSDT,Single-asset,open_long,0.0,-0.00516358
2025-07-04 12:17:24,USDT,ETHUSDT,Single-asset,open_long,0.0,-0.01033512
2025-07-04 12:17:22,USDT,ETHUSDT,Single-asset,open_long,0.0,-0.00516756
2025-07-04 12:11:27,USDT,PENGUUSDT,Single-asset,close_long,0.01966,-0.009899793
2025-07-04 12:11:27,USDT,PENGUUSDT,Single-asset,close_long,0.040992,-0.0196597632
2025-07-04 12:01:50,USDT,PENGUUSDT,Single-asset,open_long,0.0,-0.009841055
2025-07-04 08:37:14,USDT,BCHUSDT,Single-asset,close_short,0.3933,-0.01881646
2025-07-04 08:00:18,USDT,BCHUSDT,Single-asset,contract_main_settle_fee,0.008482113,0.0
2025-07-04 06:21:01,USDT,BCHUSDT,Single-asset,open_short,0.0,-0.01889512
2025-07-04 02:57:15,USDT,BCHUSDT,Single-asset,close_short,0.1634,-0.05680164
2025-07-04 00:00:10,USDT,BCHUSDT,Single-asset,contract_main_settle_fee,-0.0002807478,0.0
2025-07-03 22:31:02,USDT,BCHUSDT,Single-asset,open_short,0.0,-0.01896656
2025-07-03 21:32:08,USDT,BTCUSDT,Single-asset,close_short,-2.09772,-0.0394578
2025-07-03 16:00:22,USDT,BTCUSDT,Single-asset,contract_main_settle_fee,0.0157287744,0.0
2025-07-03 14:21:44,USDT,BCHUSDT,Single-asset,close_short,0.1254,-0.05791314
2025-07-03 09:47:02,USDT,BCHUSDT,Single-asset,open_short,0.0,-0.01932946
2025-07-03 09:46:21,USDT,,Single-asset,trans_from_exchange,10.01125568,0.0
2025-07-03 08:00:25,USDT,BTCUSDT,Single-asset,contract_main_settle_fee,0.00470044944,0.0
2025-07-03 00:00:15,USDT,BTCUSDT,Single-asset,contract_main_settle_fee,-0.0023477796,0.0
2025-07-02 23:46:57,USDT,BTCUSDT,Single-asset,open_short,0.0,-0.039038256
2025-07-02 23:44:35,USDT,,Single-asset,trans_from_exchange,17.84440298,0.0
2025-07-02 22:45:42,USDT,,Single-asset,trans_to_exchange,-29.42028591,0.0
2025-07-02 16:48:35,USDT,HUSDT,Single-asset,close_long,0.28388,-0.00988748
2025-07-02 16:33:44,USDT,HUSDT,Single-asset,open_long,0.0,-0.008577452
2025-07-02 16:33:44,USDT,HUSDT,Single-asset,open_long,0.0,-0.001253252
2025-06-26 13:00:44,USDT,,Single-asset,trans_to_exchange,-200.0,0.0
2025-06-25 23:33:23,USDT,,Single-asset,trans_from_exchange,200.08598707,0.0
2025-06-25 22:58:55,USDT,,Single-asset,trans_to_exchange,-200.0,0.0
2025-06-25 10:49:46,USDT,,Single-asset,trans_from_exchange,200.04055199,0.0
2025-06-25 10:48:40,USDT,,Single-asset,trans_to_exchange,-200.0,0.0
2025-06-24 01:27:29,USDT,ETHUSDT,Single-asset,close_short,-14.320400000001,-0.10888464
2025-06-24 00:51:54,USDT,ETHUSDT,Single-asset,open_short,0.0,-0.01774288
2025-06-24 00:41:11,USDT,ETHUSDT,Single-asset,open_short,0.0,-0.01777104
2025-06-24 00:39:33,USDT,ETHUSDT,Single-asset,open_short,0.0,-0.02660664
2025-06-24 00:35:25,USDT,ETHUSDT,Single-asset,open_short,0.0,-0.0439
2025-06-23 21:25:09,USDT,ETHUSDT,Single-asset,close_short,0.674,-0.01796608
2025-06-23 20:59:12,USDT,ETHUSDT,Single-asset,open_short,0.0,-0.00905444
2025-06-23 20:42:34,USDT,ETHUSDT,Single-asset,open_short,0.0,-0.00904644
2025-06-23 14:53:34,USDT,BTCUSDT,Single-asset,close_short,0.09128,-0.048862224
2025-06-23 14:16:38,USDT,BTCUSDT,Single-asset,open_short,0.0,-0.01019479
2025-06-23 14:05:47,USDT,BTCUSDT,Single-asset,open_short,0.0,-0.006110874
2025-06-22 23:58:57,USDT,BTCUSDT,Single-asset,user_grants_recycle,-4.987448276,0.0
2025-06-22 23:58:57,USDT,BTCUSDT,Single-asset,close_short,1.11438,-0.003961032
2025-06-22 22:50:55,USDT,ETHUSDT,Single-asset,close_short,0.057,-0.00880428
2025-06-22 22:48:22,USDT,ETHUSDT,Single-asset,open_short,0.0,-0.00881568
2025-06-22 22:42:43,USDT,ETHUSDT,Single-asset,close_short,0.159399999999,-0.01306308
2025-06-22 22:40:43,USDT,ETHUSDT,Single-asset,open_short,0.0,-0.00437832
2025-06-22 22:31:58,USDT,ETHUSDT,Single-asset,open_short,0.0,-0.00871664
2025-06-22 22:30:49,USDT,ETHUSDT,Single-asset,close_short,1.408799999999,-0.2355156
2025-06-22 21:46:57,USDT,ETHUSDT,Single-asset,open_short,0.0,-0.00877208
2025-06-22 21:46:25,USDT,ETHUSDT,Single-asset,open_short,0.0,-0.01752944
2025-06-22 21:45:40,USDT,,Single-asset,trans_from_exchange,190.35134373,0.0
2025-06-22 21:44:14,USDT,ETHUSDT,Single-asset,open_short,0.0,-0.01748192
2025-06-22 21:44:01,USDT,ETHUSDT,Single-asset,open_short,0.0,-0.01749912
2025-06-22 21:42:50,USDT,ETHUSDT,Single-asset,open_short,0.0,-0.0175044
2025-06-22 16:00:21,USDT,BTCUSDT,Single-asset,contract_margin_settle_fee,0.0016996574,0.0
2025-06-22 10:42:00,USDT,ETHUSDT,Single-asset,close_short,0.0742,-0.0947709
2025-06-22 10:42:00,USDT,ETHUSDT,Single-asset,close_short,0.012,-0.01353786
2025-06-22 10:36:02,USDT,ETHUSDT,Single-asset,open_short,0.0,-0.03612016
2025-06-22 10:11:57,USDT,ETHUSDT,Single-asset,close_short,0.216,-0.03625504
2025-06-22 10:07:31,USDT,ETHUSDT,Single-asset,open_short,0.0,-0.03629824
2025-06-22 08:00:20,USDT,BTCUSDT,Single-asset,contract_margin_settle_fee,0.00151072332,0.0
2025-06-22 00:00:28,USDT,BTCUSDT,Single-asset,contract_margin_settle_fee,0.0010972961,0.0
2025-06-21 16:00:23,USDT,BTCUSDT,Single-asset,contract_margin_settle_fee,0.0003102294,0.0
2025-06-21 10:07:45,USDT,,Single-asset,trans_to_exchange,-37.7,0.0
2025-06-21 09:57:22,USDT,ETHUSDT,Single-asset,close_short,-0.028,-0.03398052
2025-06-21 09:46:02,USDT,ETHUSDT,Single-asset,open_short,0.0,-0.03397492
2025-06-21 08:00:30,USDT,BTCUSDT,Single-asset,contract_margin_settle_fee,0.00121832286,0.0
2025-06-21 00:00:24,USDT,BTCUSDT,Single-asset,contract_margin_settle_fee,0.00137508624,0.0
2025-06-20 17:07:40,USDT,ETHUSDT,Single-asset,close_long,-0.4459,-0.10696392
2025-06-20 16:55:25,USDT,ETHUSDT,Single-asset,open_long,0.0,-0.03574382
2025-06-20 16:30:31,USDT,ETHUSDT,Single-asset,close_long,-3.0204,-0.552096
2025-06-20 16:07:29,USDT,ETHUSDT,Single-asset,open_long,0.0,-0.18463608
2025-06-20 16:01:07,USDT,ETHUSDT,Single-asset,close_short,-2.159600000001,-0.12234336
2025-06-20 16:00:28,USDT,BTCUSDT,Single-asset,contract_margin_settle_fee,0.00135350144,0.0
2025-06-20 16:00:24,USDT,ETHUSDT,Single-asset,contract_main_settle_fee,0.0317982912,0.0
2025-06-20 15:51:57,USDT,ETHUSDT,Single-asset,open_short,0.0,-0.03567368
2025-06-20 15:45:54,USDT,ETHUSDT,Single-asset,open_short,0.0,-0.01522794
2025-06-20 15:40:06,USDT,ETHUSDT,Single-asset,open_short,0.0,-0.0355082
2025-06-20 15:40:05,USDT,ETHUSDT,Single-asset,open_short,0.0,-0.03550162
2025-06-20 08:00:19,USDT,BTCUSDT,Single-asset,contract_margin_settle_fee,0.00112975992,0.0
2025-06-20 00:00:26,USDT,BTCUSDT,Single-asset,contract_margin_settle_fee,0.00097813204,0.0
2025-06-19 21:26:33,USDT,ETHUSDT,Single-asset,close_short,-0.311400000001,-0.08073568
2025-06-19 20:54:03,USDT,ETHUSDT,Single-asset,open_short,0.0,-0.01513098
2025-06-19 20:51:42,USDT,ETHUSDT,Single-asset,open_short,0.0,-0.01512894
2025-06-19 20:51:41,USDT,ETHUSDT,Single-asset,open_short,0.0,-0.02017192
2025-06-19 20:48:13,USDT,ETHUSDT,Single-asset,open_short,0.0,-0.01512732
2025-06-19 20:47:30,USDT,ETHUSDT,Single-asset,open_short,0.0,-0.01511424
2025-06-19 16:00:22,USDT,BTCUSDT,Single-asset,contract_margin_settle_fee,0.0001045924,0.0
2025-06-19 09:08:38,USDT,ETHUSDT,Single-asset,close_short,0.5181,-0.05519778
2025-06-19 09:05:23,USDT,ETHUSDT,Single-asset,open_short,0.0,-0.0553014
2025-06-19 09:04:45,USDT,ETHUSDT,Single-asset,close_short,0.805,-0.0353136
2025-06-19 08:51:23,USDT,ETHUSDT,Single-asset,open_short,0.0,-0.0354746
2025-06-19 08:00:27,USDT,BTCUSDT,Single-asset,contract_margin_settle_fee,0.000209663,0.0
2025-06-19 00:00:22,USDT,BTCUSDT,Single-asset,contract_margin_settle_fee,0.0012360441,0.0
2025-06-18 21:26:12,USDT,ETHUSDT,Single-asset,close_short,1.0094,-0.03456166
2025-06-18 21:07:49,USDT,ETHUSDT,Single-asset,open_short,0.0,-0.03476354
2025-06-18 18:26:19,USDT,,Single-asset,trans_from_exchange,50.0,0.0
2025-06-18 18:01:40,USDT,,Single-asset,trans_to_exchange,-100.0,0.0
2025-06-18 16:00:28,USDT,BTCUSDT,Single-asset,contract_margin_settle_fee,0.00046164008,0.0
2025-06-18 14:58:46,USDT,ETHUSDT,Single-asset,close_short,-0.0679,-0.03533362
2025-06-18 14:46:40,USDT,ETHUSDT,Single-asset,open_short,0.0,-0.03532004
2025-06-18 08:00:20,USDT,BTCUSDT,Single-asset,contract_margin_settle_fee,2.090024e-05,0.0
2025-06-18 00:16:43,USDT,ETHUSDT,Single-asset,close_short,0.663899999999,-0.06965084
2025-06-18 00:00:25,USDT,BTCUSDT,Single-asset,contract_margin_settle_fee,0.00162565572,0.0
2025-06-18 00:00:19,USDT,ETHUSDT,Single-asset,contract_main_settle_fee,0.03496976,0.0
2025-06-17 23:51:02,USDT,ETHUSDT,Single-asset,open_short,0.0,-0.01497546
2025-06-17 23:49:03,USDT,ETHUSDT,Single-asset,open_short,0.0,-0.05480816
2025-06-17 23:10:10,USDT,BTCUSDT,Single-asset,open_short,0.0,-0.012551724
2025-06-17 23:10:10,USDT,BTCUSDT,Single-asset,user_grants_issue,5.0,0.0
2025-06-17 20:05:00,USDT,,Single-asset,transfer_from_future_copytrade,50.30942935,0.0
2025-06-17 18:36:34,USDT,ETHUSDT,Single-asset,close_short,0.58045,-0.066417
2025-06-17 18:36:34,USDT,ETHUSDT,Single-asset,close_short,0.04465,-0.005109
2025-06-17 18:19:40,USDT,,Single-asset,transfer_from_future_copytrade,33.0,0.0
2025-06-17 18:17:50,USDT,ETHUSDT,Single-asset,open_short,0.0,-0.0255829
2025-06-17 18:17:50,USDT,ETHUSDT,Single-asset,open_short,0.0,-0.01023316
2025-06-17 18:10:53,USDT,ETHUSDT,Single-asset,open_short,0.0,-0.03583496
2025-06-17 17:41:56,USDT,ETHUSDT,Single-asset,close_short,0.1372,-0.0358953
2025-06-17 17:12:57,USDT,ETHUSDT,Single-asset,open_short,0.0,-0.03592274
2025-06-17 12:20:27,USDT,ETHUSDT,Single-asset,close_long,-0.6004,-0.0622584
2025-06-17 12:20:27,USDT,ETHUSDT,Single-asset,close_long,-2.0972,-0.21790692
2025-06-17 11:08:32,USDT,ETHUSDT,Single-asset,open_long,0.0,-0.03652754
2025-06-17 11:08:31,USDT,ETHUSDT,Single-asset,open_long,0.0,-0.05740042
2025-06-17 08:36:17,USDT,ETHUSDT,Single-asset,close_long,0.024,-0.01542
2025-06-17 08:31:01,USDT,ETHUSDT,Single-asset,open_long,0.0,-0.0154152
2025-06-17 08:15:22,USDT,ETHUSDT,Single-asset,close_short,0.581999999999,-0.1973166
2025-06-17 08:01:20,USDT,ETHUSDT,Single-asset,open_short,0.0,-0.1771651
2025-06-17 08:01:20,USDT,ETHUSDT,Single-asset,open_short,0.0,-0.00506186
2025-06-17 08:00:52,USDT,ETHUSDT,Single-asset,open_short,0.0,-0.01520604
2025-06-16 20:03:14,USDT,ETHUSDT,Single-asset,close_long,-1.003,-0.0521772
2025-06-16 19:56:11,USDT,ETHUSDT,Single-asset,open_long,0.0,-0.0523778
2025-06-16 19:47:24,USDT,ETHUSDT,Single-asset,close_short,-0.17584,-0.00523724
2025-06-16 19:47:24,USDT,ETHUSDT,Single-asset,close_short,-0.70336,-0.02094896
2025-06-16 19:38:03,USDT,ETHUSDT,Single-asset,open_short,0.0,-0.0052232
2025-06-16 19:35:29,USDT,ETHUSDT,Single-asset,open_short,0.0,-0.00521986
2025-06-16 19:25:42,USDT,ETHUSDT,Single-asset,open_short,0.0,-0.0155673
2025-06-16 09:30:42,USDT,ETHUSDT,Single-asset,close_short,0.5016,-0.05542724
2025-06-16 09:14:03,USDT,ETHUSDT,Single-asset,open_short,0.0,-0.05552756
2025-06-15 22:21:55,USDT,ETHUSDT,Single-asset,close_short,0.0315,-0.03553452
2025-06-15 22:18:00,USDT,ETHUSDT,Single-asset,open_short,0.0,-0.03554082
2025-06-15 17:35:02,USDT,ETHUSDT,Single-asset,close_short,0.231699999999,-0.10543932
2025-06-15 17:20:36,USDT,ETHUSDT,Single-asset,open_short,0.0,-0.070301
2025-06-15 17:16:13,USDT,ETHUSDT,Single-asset,open_short,0.0,-0.03518466
2025-06-13 22:55:54,USDT,ETHUSDT,Single-asset,close_short,-9.402300000001,-0.202968
2025-06-13 22:39:55,USDT,ETHUSDT,Single-asset,open_short,0.0,-0.05551238
2025-06-13 22:25:57,USDT,ETHUSDT,Single-asset,open_short,0.0,-0.03519852
2025-06-13 22:24:20,USDT,ETHUSDT,Single-asset,open_short,0.0,-0.05514784
2025-06-13 22:22:44,USDT,ETHUSDT,Single-asset,open_short,0.0,-0.0552288
2025-06-13 22:21:46,USDT,ETHUSDT,Single-asset,close_short,0.1533,-0.03525032
2025-06-13 22:20:50,USDT,ETHUSDT,Single-asset,open_short,0.0,-0.03528098
2025-06-13 22:20:07,USDT,ETHUSDT,Single-asset,close_short,0.243499999999,-0.06059016
2025-06-13 22:18:58,USDT,ETHUSDT,Single-asset,adjust_down_leverage,1.772238,0.0
2025-06-13 22:14:55,USDT,ETHUSDT,Single-asset,open_short,0.0,-0.03539816
2025-06-13 22:11:01,USDT,ETHUSDT,Single-asset,open_short,0.0,-0.0252407
2025-06-13 22:10:24,USDT,ETHUSDT,Single-asset,close_short,-0.0282,-0.01011372
2025-06-13 22:09:18,USDT,ETHUSDT,Single-asset,open_short,0.0,-0.01010808
2025-06-13 18:32:58,USDT,,Single-asset,transfer_to_future_copytrade,-10.0,0.0
2025-06-13 17:56:25,USDT,ETHUSDT,Single-asset,close_short,-3.134400000001,-0.12609
2025-06-13 17:33:38,USDT,ETHUSDT,Single-asset,open_short,0.0,-0.0351246
2025-06-13 17:28:39,USDT,ETHUSDT,Single-asset,open_short,0.0,-0.03517066
2025-06-13 17:26:17,USDT,ETHUSDT,Single-asset,open_short,0.0,-0.05516786
2025-06-13 17:09:57,USDT,ETHUSDT,Single-asset,close_short,-0.2548,-0.03528238
2025-06-13 17:01:02,USDT,ETHUSDT,Single-asset,open_short,0.0,-0.03523142
2025-06-13 12:17:03,USDT,ETHUSDT,Single-asset,close_short,0.584,-0.07986592
2025-06-13 12:17:02,USDT,ETHUSDT,Single-asset,close_short,0.073,-0.00998324
2025-06-13 12:08:27,USDT,ETHUSDT,Single-asset,open_short,0.0,-0.01499676
2025-06-13 12:08:26,USDT,ETHUSDT,Single-asset,open_short,0.0,-0.0749838
2025-06-13 11:47:43,USDT,,Single-asset,transfer_to_future_copytrade,-20.0,0.0
2025-06-13 10:56:24,USDT,ETHUSDT,Single-asset,close_short,0.6853,-0.0541816
2025-06-13 10:48:16,USDT,ETHUSDT,Single-asset,open_short,0.0,-0.05431866
2025-06-13 10:42:20,USDT,ETHUSDT,Single-asset,close_short,11.2284,-0.1773864
2025-06-13 09:56:52,USDT,ETHUSDT,Single-asset,open_short,0.0,-0.09
2025-06-13 09:51:55,USDT,ETHUSDT,Single-asset,open_short,0.0,-0.03983648
2025-06-13 09:51:55,USDT,ETHUSDT,Single-asset,open_short,0.0,-0.0497956
2025-06-13 09:49:05,USDT,ETHUSDT,Single-asset,close_short,0.1551,-0.01497966
2025-06-13 09:47:16,USDT,ETHUSDT,Single-asset,open_short,0.0,-0.01501068
2025-06-13 09:35:17,USDT,ETHUSDT,Single-asset,close_short,0.2101,-0.054538
2025-06-13 09:31:55,USDT,ETHUSDT,Single-asset,open_short,0.0,-0.05458002
2025-06-13 09:30:34,USDT,ETHUSDT,Single-asset,close_short,0.4392,-0.04479588
2025-06-13 09:23:39,USDT,ETHUSDT,Single-asset,open_short,0.0,-0.04488372
2025-06-13 09:20:06,USDT,ETHUSDT,Single-asset,close_short,6.005699999999,-0.13476024
2025-06-13 09:00:21,USDT,ETHUSDT,Single-asset,adjust_margin_ifm,29.3153,0.0
2025-06-13 08:58:37,USDT,,Single-asset,trans_from_exchange,21.05717032,0.0
2025-06-13 08:55:42,USDT,ETHUSDT,Single-asset,open_short,0.0,-0.0454221
2025-06-13 08:53:26,USDT,ETHUSDT,Single-asset,open_short,0.0,-0.04521186
2025-06-13 08:51:52,USDT,ETHUSDT,Single-asset,open_short,0.0,-0.04532742
2025-06-12 23:50:23,USDT,ETHUSDT,Single-asset,close_long,-8.2237,-0.136732
2025-06-12 23:24:03,USDT,ETHUSDT,Single-asset,adjust_margin_ifm,5.0,0.0
2025-06-12 22:38:55,USDT,ETHUSDT,Single-asset,open_long,0.0,-0.04425488
2025-06-12 22:37:41,USDT,ETHUSDT,Single-asset,open_long,0.0,-0.09412186
2025-06-12 17:07:05,USDT,ETHUSDT,Single-asset,close_long,0.4375,-0.03856664
2025-06-12 16:17:59,USDT,ETHUSDT,Single-asset,open_long,0.0,-0.03847914
2025-06-12 16:14:48,USDT,ETHUSDT,Single-asset,close_short,-2.1216,-0.0934422
2025-06-12 16:09:54,USDT,ETHUSDT,Single-asset,open_short,0.0,-0.09301788
2025-06-10 10:15:00,USDT,ETHUSDT,Single-asset,close_short,0.2635,-0.09141274
2025-06-10 10:07:35,USDT,ETHUSDT,Single-asset,open_short,0.0,-0.09146544
2025-06-07 14:22:58,USDT,MOODENGUSDT,Single-asset,close_long,0.3029,-0.009871744
2025-06-07 12:57:23,USDT,MOODENGUSDT,Single-asset,open_long,0.0,-0.009811164
2025-06-04 21:19:23,USDT,BTCUSDT,Single-asset,close_short,1.1172,-0.01468656
2025-06-04 16:00:30,USDT,BTCUSDT,Single-asset,contract_main_settle_fee,0.005305676051,0.0
2025-06-04 08:00:22,USDT,BTCUSDT,Single-asset,contract_main_settle_fee,0.00302295378,0.0
2025-06-04 00:00:26,USDT,BTCUSDT,Single-asset,contract_main_settle_fee,0.002535966479,0.0
2025-06-03 23:19:06,USDT,BTCUSDT,Single-asset,open_short,0.0,-0.01491
2025-06-03 12:33:22,USDT,ETHUSDT,Single-asset,close_short,0.4284,-0.2799576
2025-06-03 11:12:39,USDT,ETHUSDT,Single-asset,open_short,0.0,-0.09340488
2025-06-02 19:12:36,USDT,MOODENGUSDT,Single-asset,close_short,-4.842840001791,-0.179873298
2025-06-02 19:06:46,USDT,MOODENGUSDT,Single-asset,open_short,0.0,-0.009817654
2025-06-02 18:52:43,USDT,MOODENGUSDT,Single-asset,open_short,0.0,-0.00982464
2025-06-02 18:17:31,USDT,MOODENGUSDT,Single-asset,open_short,0.0,-0.039346904
2025-06-02 18:10:06,USDT,MOODENGUSDT,Single-asset,close_short,-0.42058000005,-0.118314
2025-06-02 17:49:45,USDT,MOODENGUSDT,Single-asset,open_short,0.0,-0.019683972
2025-06-02 17:47:22,USDT,MOODENGUSDT,Single-asset,open_short,0.0,-0.019669912
2025-06-02 14:04:14,USDT,ETHUSDT,Single-asset,close_short,-3.1317,-0.49438026
2025-06-02 14:04:02,USDT,ETHUSDT,Single-asset,close_short,-0.277,-0.0249292
2025-06-02 13:42:23,USDT,ETHUSDT,Single-asset,open_short,0.0,-0.18904088
2025-06-02 13:37:51,USDT,ETHUSDT,Single-asset,close_long,-0.3591,-0.13424994
2025-06-02 13:21:14,USDT,ETHUSDT,Single-asset,open_long,0.0,-0.0448218
2025-06-02 13:06:34,USDT,ETHUSDT,Single-asset,close_short,1.2844,-0.18952272
2025-06-02 12:37:41,USDT,ETHUSDT,Single-asset,open_short,0.0,-0.1897796
2025-06-02 12:35:07,USDT,WCTUSDT,Single-asset,close_short,-0.117,-0.0294624
2025-06-02 12:30:21,USDT,WCTUSDT,Single-asset,open_short,0.0,-0.00391896
2025-06-02 12:30:21,USDT,WCTUSDT,Single-asset,open_short,0.0,-0.00391896
2025-06-02 12:30:21,USDT,WCTUSDT,Single-asset,open_short,0.0,-0.00195948
2025-06-02 12:27:27,USDT,WCTUSDT,Single-asset,close_short,0.0018,-0.00098478
2025-06-02 12:26:45,USDT,WCTUSDT,Single-asset,open_short,0.0,-0.00032862
2025-06-02 12:25:12,USDT,WCTUSDT,Single-asset,close_short,-4.129400000537,-0.12563166
2025-06-02 12:00:07,USDT,WCTUSDT,Single-asset,contract_margin_settle_fee,-0.2674747908,0.0
2025-06-02 11:29:53,USDT,WCTUSDT,Single-asset,open_short,0.0,-0.00388728
2025-06-02 11:22:24,USDT,WCTUSDT,Single-asset,open_short,0.0,-0.0058158
2025-06-02 11:21:56,USDT,WCTUSDT,Single-asset,open_short,0.0,-0.00580068
2025-06-02 11:15:14,USDT,WCTUSDT,Single-asset,open_short,0.0,-0.0058927
2025-06-02 11:05:54,USDT,WCTUSDT,Single-asset,open_short,0.0,-0.00982192
2025-06-02 11:04:11,USDT,WCTUSDT,Single-asset,open_short,0.0,-0.00983296
2025-06-01 23:11:13,USDT,,Single-asset,trans_from_exchange,2.84301356,0.0
2025-06-01 17:19:40,USDT,WCTUSDT,Single-asset,close_short,2.6123,-0.0191511
2025-06-01 17:00:03,USDT,WCTUSDT,Single-asset,contract_margin_settle_fee,-0.0982030175,0.0
2025-06-01 16:56:14,USDT,WCTUSDT,Single-asset,open_short,0.0,-0.01967356
2025-06-01 16:50:02,USDT,WCTUSDT,Single-asset,close_short,-0.051,-0.0097886
2025-06-01 16:35:54,USDT,WCTUSDT,Single-asset,open_short,0.0,-0.0097784
2025-06-01 14:18:54,USDT,ZENUSDT,Single-asset,close_short,-0.018,-0.0290979
2025-06-01 14:10:19,USDT,ZENUSDT,Single-asset,open_short,0.0,-0.0096957
2025-06-01 14:05:27,USDT,ZENUSDT,Single-asset,close_long,-0.5,-0.016071
2025-06-01 14:05:27,USDT,ZENUSDT,Single-asset,close_long,-0.197,-0.0064302
2025-06-01 14:05:27,USDT,ZENUSDT,Single-asset,close_long,-0.195,-0.0064314
2025-06-01 14:01:18,USDT,ZENUSDT,Single-asset,open_long,0.0,-0.0098226
2025-06-01 13:51:29,USDT,ZENUSDT,Single-asset,close_long,-1.2814,-0.02765502
2025-06-01 13:51:29,USDT,ZENUSDT,Single-asset,close_long,-0.0286,-0.00064386
2025-06-01 13:41:41,USDT,ZENUSDT,Single-asset,open_long,0.0,-0.00969496
2025-06-01 13:21:42,USDT,UNIUSDT,Single-asset,close_long,-0.462,-0.0260904
2025-06-01 13:04:39,USDT,UNIUSDT,Single-asset,open_long,0.0,-0.0087892
2025-06-01 10:26:30,USDT,ETHUSDT,Single-asset,close_short,0.582,-0.2256687
2025-06-01 08:00:20,USDT,ETHUSDT,Single-asset,contract_main_settle_fee,0.0337377195,0.0
2025-06-01 00:00:23,USDT,ETHUSDT,Single-asset,contract_main_settle_fee,0.009125928,0.0
2025-05-31 18:46:24,USDT,ETHUSDT,Single-asset,open_short,0.0,-0.0753393
2025-05-31 16:14:10,USDT,LPTUSDT,Single-asset,close_long,2.0169,-0.02000798
2025-05-31 16:11:57,USDT,LPTUSDT,Single-asset,open_long,0.0,-0.0099204
2025-05-31 16:11:57,USDT,LPTUSDT,Single-asset,open_long,0.0,-0.0096842
2025-05-31 16:04:06,USDT,WCTUSDT,Single-asset,close_long,0.8379,-0.11759706
2025-05-31 16:00:19,USDT,WCTUSDT,Single-asset,contract_margin_settle_fee,0.2379942642,0.0
2025-05-31 15:21:42,USDT,WCTUSDT,Single-asset,open_long,0.0,-0.03903144
2025-05-31 15:18:48,USDT,WCTUSDT,Single-asset,close_long,1.2321,-0.009768
2025-05-31 15:11:02,USDT,WCTUSDT,Single-asset,open_long,0.0,-0.00952158
2025-05-31 13:46:18,USDT,,Single-asset,trans_from_strategy,30.18527456,0.0
2025-05-31 13:40:09,USDT,,Single-asset,trans_to_strategy,-30.0,0.0
2025-05-31 10:52:03,USDT,HUMAUSDT,Single-asset,close_short,2.18038,-0.03892776
2025-05-31 09:42:31,USDT,HUMAUSDT,Single-asset,open_short,0.0,-0.039363836
2025-05-31 00:49:54,USDT,SNTUSDT,Single-asset,close_short,0.1533,-0.003957184
2025-05-31 00:49:54,USDT,SNTUSDT,Single-asset,close_short,1.3599,-0.035103552
2025-05-31 00:32:10,USDT,SNTUSDT,Single-asset,open_short,0.0,-0.039363376
2025-05-30 19:03:30,USDT,,Single-asset,transfer_to_future_copytrade,-100.0,0.0
2025-05-30 19:02:09,USDT,,Single-asset,transfer_from_future_copytrade,101.30039252,0.0
2025-05-30 15:39:59,USDT,PRAIUSDT,Single-asset,close_short,1.50149,-0.019383386
2025-05-30 15:33:24,USDT,PRAIUSDT,Single-asset,open_short,0.0,-0.019683684
2025-05-30 13:50:42,USDT,,Single-asset,trans_from_exchange,4.65023431,0.0
2025-05-30 13:07:58,USDT,WCTUSDT,Single-asset,close_long,3.6505,-0.0399171
2025-05-30 12:43:07,USDT,WCTUSDT,Single-asset,open_long,0.0,-0.039187
2025-05-29 21:39:52,USDT,UNIUSDT,Single-asset,close_short,1.56,-0.0180154
2025-05-29 20:47:18,USDT,UNIUSDT,Single-asset,open_short,0.0,-0.0183274
2025-05-29 18:25:44,USDT,GRAMUSDT,Single-asset,close_long,-1.19973,-0.1173726
2025-05-29 18:10:28,USDT,GRAMUSDT,Single-asset,open_long,0.0,-0.010523748
2025-05-29 18:10:19,USDT,GRAMUSDT,Single-asset,open_long,0.0,-0.028840398
2025-05-29 18:08:34,USDT,UNIUSDT,Single-asset,close_long,-1.674,-0.11502
2025-05-29 17:46:44,USDT,UNIUSDT,Single-asset,open_long,0.0,-0.0386748
2025-05-29 17:45:23,USDT,WCTUSDT,Single-asset,close_long,-3.088900000186,-0.11503128
2025-05-29 17:26:31,USDT,WCTUSDT,Single-asset,open_long,0.0,-0.00974464
2025-05-29 17:25:45,USDT,WCTUSDT,Single-asset,open_long,0.0,-0.0195104
2025-05-29 17:25:27,USDT,WCTUSDT,Single-asset,open_long,0.0,-0.0097065
2025-05-29 17:00:14,USDT,WCTUSDT,Single-asset,close_long,0.97609999996,-0.1184148
2025-05-29 16:34:30,USDT,WCTUSDT,Single-asset,open_long,0.0,-0.01965462
2025-05-29 16:16:01,USDT,WCTUSDT,Single-asset,open_long,0.0,-0.01962176
2025-05-29 15:33:34,USDT,,Single-asset,trans_from_exchange,72.91411235,0.0
2025-05-29 15:26:01,USDT,,Single-asset,trans_to_exchange,-72.91408626,0.0
2025-05-29 14:57:43,USDT,WCTUSDT,Single-asset,close_long,-0.1716,-0.01632384
2025-05-29 14:57:43,USDT,WCTUSDT,Single-asset,close_long,-0.4355,-0.0420693
2025-05-29 14:40:00,USDT,WCTUSDT,Single-asset,open_long,0.0,-0.0195858
2025-05-29 14:35:14,USDT,WCTUSDT,Single-asset,close_long,0.5538,-0.0451986
2025-05-29 14:35:14,USDT,WCTUSDT,Single-asset,close_long,0.156,-0.012732
2025-05-29 14:35:14,USDT,WCTUSDT,Single-asset,close_long,0.016,-0.00127344
2025-05-29 13:01:50,USDT,WCTUSDT,Single-asset,open_long,0.0,-0.01958952
2025-05-29 13:01:12,USDT,UNIUSDT,Single-asset,close_long,-1.235,-0.0565188
2025-05-29 12:41:48,USDT,UNIUSDT,Single-asset,open_long,0.0,-0.0190866
2025-05-29 12:41:10,USDT,UNIUSDT,Single-asset,close_long,-0.484,-0.0177288
2025-05-29 12:41:10,USDT,UNIUSDT,Single-asset,close_long,-0.48,-0.0177312
2025-05-29 12:41:10,USDT,UNIUSDT,Single-asset,close_long,-0.24,-0.0088656
2025-05-29 12:41:10,USDT,UNIUSDT,Single-asset,close_long,-0.36,-0.0132984
2025-05-29 11:54:46,USDT,UNIUSDT,Single-asset,open_long,0.0,-0.0165176
2025-05-29 11:54:44,USDT,UNIUSDT,Single-asset,open_long,0.0,-0.0030032
2025-05-29 10:41:46,USDT,WCTUSDT,Single-asset,close_long,3.2448,-0.0202592
2025-05-29 10:11:24,USDT,WCTUSDT,Single-asset,open_long,0.0,-0.01961024
2025-05-29 10:07:16,USDT,WCTUSDT,Single-asset,close_long,0.988,-0.0196976
2025-05-29 10:04:46,USDT,WCTUSDT,Single-asset,open_long,0.0,-0.0195
2025-05-28 22:54:51,USDT,TRBUSDT,Single-asset,close_short,0.7296,-0.0155136
2025-05-28 22:48:21,USDT,TRBUSDT,Single-asset,open_short,0.0,-0.01565952
2025-05-28 12:55:33,USDT,UNIUSDT,Single-asset,close_long,1.284,-0.0479448
2025-05-28 12:55:33,USDT,UNIUSDT,Single-asset,close_long,0.321,-0.0119862
2025-05-28 12:43:42,USDT,UNIUSDT,Single-asset,open_long,0.0,-0.019656
2025-05-28 10:43:08,USDT,WCTUSDT,Single-asset,close_long,3.4238,-0.0203096
2025-05-28 09:32:17,USDT,WCTUSDT,Single-asset,open_long,0.0,-0.01962484
2025-05-28 09:25:17,USDT,TRBUSDT,Single-asset,close_long,0.18375,-0.0466308
2025-05-28 09:25:17,USDT,TRBUSDT,Single-asset,close_long,0.01285,-0.00310908
2025-05-28 09:25:17,USDT,TRBUSDT,Single-asset,close_long,0.0269,-0.00621888
2025-05-28 09:12:19,USDT,,Single-asset,trans_from_exchange,1.51604507,0.0
2025-05-28 09:11:41,USDT,,Single-asset,transfer_to_future_copytrade,-100.0,0.0
2025-05-28 09:10:54,USDT,,Single-asset,transfer_from_future_copytrade,100.11883342,0.0
2025-05-28 08:52:45,USDT,TRBUSDT,Single-asset,open_long,0.0,-0.00928548
2025-05-28 08:48:22,USDT,TRBUSDT,Single-asset,open_long,0.0,-0.00932274
2025-05-27 23:19:39,USDT,ETHUSDT,Single-asset,close_long,0.3122,-0.037352
2025-05-27 22:04:12,USDT,ETHUSDT,Single-asset,open_long,0.0,-0.03196248
2025-05-27 22:04:09,USDT,ETHUSDT,Single-asset,open_long,0.0,-0.00532708
2025-05-27 21:01:24,USDT,BUSDT,Single-asset,close_short,0.6336,-0.00969408
2025-05-27 20:41:04,USDT,BUSDT,Single-asset,open_short,0.0,-0.0098208
2025-05-27 20:35:20,USDT,BUSDT,Single-asset,close_short,1.4448,-0.05798808
2025-05-27 20:05:16,USDT,BUSDT,Single-asset,open_short,0.0,-0.05885496
2025-05-27 20:02:36,USDT,BUSDT,Single-asset,close_short,-1.3986,-0.0596736
2025-05-27 20:00:08,USDT,BUSDT,Single-asset,contract_main_settle_fee,0.00488992,0.0
2025-05-27 18:54:02,USDT,BUSDT,Single-asset,open_short,0.0,-0.0011358
2025-05-27 18:54:02,USDT,BUSDT,Single-asset,open_short,0.0,-0.01847568
2025-05-27 09:29:37,USDT,,Single-asset,transfer_to_future_copytrade,-3.0,0.0
2025-05-27 09:10:54,USDT,ETHUSDT,Single-asset,close_short,0.7378,-0.035532
2025-05-27 09:00:53,USDT,ETHUSDT,Single-asset,open_short,0.0,-0.10703868
2025-05-27 08:34:38,USDT,,Single-asset,trans_from_exchange,66.05682437,0.0
2025-05-26 23:15:46,USDT,,Single-asset,trans_to_exchange,-66.00879385,0.0
2025-05-26 22:21:59,USDT,ETHUSDT,Single-asset,close_long,-3.815000000001,-0.33594264
2025-05-26 21:54:05,USDT,ETHUSDT,Single-asset,open_long,0.0,-0.035728
2025-05-26 21:10:29,USDT,ETHUSDT,Single-asset,open_long,0.0,-0.03073212
2025-05-26 21:10:29,USDT,ETHUSDT,Single-asset,open_long,0.0,-0.01536606
2025-05-26 21:00:38,USDT,ETHUSDT,Single-asset,open_long,0.0,-0.0924534
2025-05-26 20:58:43,USDT,ETHUSDT,Single-asset,open_long,0.0,-0.015408
2025-05-26 20:55:30,USDT,ETHUSDT,Single-asset,open_long,0.0,-0.04627206
2025-05-26 19:10:40,USDT,ETHUSDT,Single-asset,close_short,0.562199999999,-0.27671976
2025-05-26 17:15:17,USDT,ETHUSDT,Single-asset,open_short,0.0,-0.01543356
2025-05-26 17:02:14,USDT,ETHUSDT,Single-asset,open_short,0.0,-0.2307564
2025-05-26 16:35:48,USDT,ETHUSDT,Single-asset,close_long,0.0279,-0.01543674
2025-05-26 16:31:43,USDT,ETHUSDT,Single-asset,open_long,0.0,-0.00514
2025-05-26 16:25:50,USDT,ETHUSDT,Single-asset,close_long,-0.0138,-0.04632174
2025-05-26 16:25:45,USDT,ETHUSDT,Single-asset,open_long,0.0,-0.01544334
2025-05-26 16:24:27,USDT,ETHUSDT,Single-asset,close_long,-1.5663,-0.1545
2025-05-26 16:00:17,USDT,ETHUSDT,Single-asset,contract_margin_settle_fee,-0.02502406,0.0
2025-05-26 15:18:10,USDT,ETHUSDT,Single-asset,open_long,0.0,-0.04655394
2025-05-26 15:12:22,USDT,ETHUSDT,Single-asset,open_long,0.0,-0.10888584
2025-05-26 12:18:45,USDT,,Single-asset,transfer_to_future_copytrade,-30.0,0.0
2025-05-26 12:17:57,USDT,,Single-asset,trans_from_exchange,102.32591151,0.0
2025-05-25 00:06:25,USDT,,Single-asset,trans_to_exchange,-20.0,0.0
2025-05-23 08:28:53,USDT,,Single-asset,trans_from_exchange,20.0,0.0
2025-05-22 22:40:02,USDT,,Single-asset,trans_to_exchange,-20.23568875,0.0
2025-05-22 08:55:03,USDT,DOGEUSDT,Single-asset,close_long,0.27125,-0.017862
2025-05-22 08:44:35,USDT,DOGEUSDT,Single-asset,open_long,0.0,-0.01769925
2025-05-22 07:51:19,USDT,,Single-asset,trans_from_exchange,20.0,0.0
2025-05-18 23:10:54,USDT,,Single-asset,trans_to_exchange,-20.69871533,0.0
2025-05-15 13:47:09,USDT,DOGEUSDT,Single-asset,close_short,2.8194,-0.104703372
2025-05-15 11:52:27,USDT,DOGEUSDT,Single-asset,open_short,0.0,-0.02489997
2025-05-15 11:52:27,USDT,DOGEUSDT,Single-asset,open_short,0.0,-0.010565034
2025-05-15 09:31:22,USDT,DOGEUSDT,Single-asset,close_long,-1.45306,-0.031557204
2025-05-15 09:31:22,USDT,DOGEUSDT,Single-asset,close_long,-0.33812,-0.007343208
2025-05-15 09:19:36,USDT,DOGEUSDT,Single-asset,open_long,0.0,-0.117775944
2025-05-15 09:19:12,USDT,DOGEUSDT,Single-asset,close_short,-0.16392,-0.096089904
2025-05-15 09:12:45,USDT,DOGEUSDT,Single-asset,open_short,0.0,-0.095991552
2025-05-14 15:35:06,USDT,PEPEUSDT,Single-asset,close_short,0.3151364,-0.06716110944
2025-05-14 15:35:06,USDT,PEPEUSDT,Single-asset,close_short,0.0183658,-0.0038847102
2025-05-14 15:35:06,USDT,PEPEUSDT,Single-asset,close_short,0.116522,-0.024342192
2025-05-14 15:35:06,USDT,PEPEUSDT,Single-asset,close_short,0.0190594,-0.00395234172
2025-05-14 15:35:06,USDT,PEPEUSDT,Single-asset,close_short,0.0221118,-0.0045629394
2025-05-14 15:35:06,USDT,PEPEUSDT,Single-asset,close_short,0.056191,-0.01148335524
2025-05-14 15:35:06,USDT,PEPEUSDT,Single-asset,close_short,0.0118301,-0.0023830767
2025-05-14 15:17:24,USDT,PEPEUSDT,Single-asset,open_short,0.0,-0.1181052546
2025-05-14 15:17:02,USDT,,Single-asset,trans_from_exchange,20.0,0.0
2025-05-13 13:25:01,USDT,,Single-asset,trans_to_exchange,-17.48922012,0.0
2025-05-13 13:21:16,USDT,DOGEUSDT,Single-asset,close_long,0.10488,-0.0583395
2025-05-13 13:21:16,USDT,DOGEUSDT,Single-asset,close_long,0.011,-0.005874264
2025-05-13 13:21:16,USDT,DOGEUSDT,Single-asset,close_long,0.03475,-0.018557334
2025-05-13 12:32:36,USDT,DOGEUSDT,Single-asset,open_long,0.0,-0.08268072
2025-05-13 11:27:57,USDT,DOGEUSDT,Single-asset,close_long,-0.04767,-0.002763432
2025-05-13 11:27:57,USDT,DOGEUSDT,Single-asset,close_long,-1.50501,-0.087245496
2025-05-13 10:57:48,USDT,DOGEUSDT,Single-asset,open_long,0.0,-0.090940536
2025-05-13 10:55:21,USDT,DOGEUSDT,Single-asset,close_short,-0.577040000325,-0.092817414
2025-05-13 10:33:01,USDT,DOGEUSDT,Single-asset,open_short,0.0,-0.04513704
2025-05-13 10:22:14,USDT,DOGEUSDT,Single-asset,open_short,0.0,-0.04733415
2025-05-13 10:16:18,USDT,,Single-asset,trans_from_exchange,20.0,0.0
2025-05-12 15:34:50,USDT,,Single-asset,trans_to_exchange,-30.0,0.0
2025-05-12 15:33:32,USDT,,Single-asset,trans_from_exchange,30.0,0.0
2025-05-12 10:22:24,USDT,,Single-asset,trans_to_exchange,-4.81803731,0.0
2025-05-12 10:10:08,USDT,,Single-asset,trans_to_exchange,-1.0,0.0
2025-05-11 21:27:30,USDT,ETHUSDT,Single-asset,close_long,-1.3296,-0.12024384
2025-05-11 20:40:02,USDT,ETHUSDT,Single-asset,open_long,0.0,-0.0403472
2025-05-11 08:16:37,USDT,DOGEUSDT,Single-asset,close_short,0.77616,-0.077387184
2025-05-11 08:15:15,USDT,DOGEUSDT,Single-asset,open_short,0.0,-0.02595096
2025-05-11 00:09:48,USDT,,Single-asset,trans_from_strategy,6.6354065,0.0
2025-05-10 23:24:20,USDT,,Single-asset,trans_to_strategy,-6.63844477,0.0
2025-05-10 21:46:27,USDT,,Single-asset,trans_from_exchange,0.81660373,0.0
2025-05-10 20:03:38,USDT,DOGEUSDT,Single-asset,close_short,-0.39263,-0.07429002
2025-05-10 19:41:57,USDT,DOGEUSDT,Single-asset,open_short,0.0,-0.011962984
2025-05-10 19:41:57,USDT,DOGEUSDT,Single-asset,open_short,0.0,-0.01272183
2025-05-10 17:10:08,USDT,ETHUSDT,Single-asset,close_short,0.4992,-0.056952
2025-05-10 16:58:12,USDT,ETHUSDT,Single-asset,open_short,0.0,-0.17115552
2025-05-10 16:51:39,USDT,,Single-asset,trans_to_exchange,-140.0,0.0
2025-05-10 16:50:24,USDT,ETHUSDT,Single-asset,close_long,-3.396,-0.43308
2025-05-10 16:21:24,USDT,ETHUSDT,Single-asset,open_long,0.0,-0.4351176
2025-05-10 16:12:24,USDT,,Single-asset,trans_from_exchange,150.30655099,0.0
2025-05-09 21:49:10,USDT,,Single-asset,trans_to_exchange,-48.51744605,0.0
2025-05-09 17:07:55,USDT,ADAUSDT,Single-asset,close_long,0.5936,-0.17645502
2025-05-09 16:58:58,USDT,ADAUSDT,Single-asset,open_long,0.0,-0.05664276
2025-05-09 16:58:38,USDT,ADAUSDT,Single-asset,open_long,0.0,-0.00617058
2025-05-09 16:57:14,USDT,ADAUSDT,Single-asset,close_long,-0.058,-0.0047202
2025-05-09 16:57:14,USDT,ADAUSDT,Single-asset,close_long,-1.944,-0.0566712
2025-05-09 16:46:12,USDT,ADAUSDT,Single-asset,open_long,0.0,-0.0553165
2025-05-09 16:46:12,USDT,ADAUSDT,Single-asset,open_long,0.0,-0.0033285
2025-05-09 16:40:13,USDT,ADAUSDT,Single-asset,close_long,3.7479,-0.19481826
2025-05-09 16:40:13,USDT,ADAUSDT,Single-asset,close_long,0.8184,-0.04254096
2025-05-09 16:01:48,USDT,ADAUSDT,Single-asset,open_long,0.0,-0.00589336
2025-05-09 16:01:13,USDT,ADAUSDT,Single-asset,open_long,0.0,-0.01417592
2025-05-09 16:00:42,USDT,ADAUSDT,Single-asset,open_long,0.0,-0.02293632
2025-05-09 16:00:42,USDT,ADAUSDT,Single-asset,open_long,0.0,-0.15147528
2025-05-09 15:56:53,USDT,ADAUSDT,Single-asset,close_long,2.356115311818,-0.03780024
2025-05-09 15:56:53,USDT,ADAUSDT,Single-asset,close_long,2.85888468798,-0.0458664
2025-05-09 15:18:37,USDT,ADAUSDT,Single-asset,open_long,0.0,-0.058605
2025-05-09 15:18:04,USDT,ADAUSDT,Single-asset,open_long,0.0,-0.18926592
2025-05-09 15:15:53,USDT,ADAUSDT,Single-asset,close_long,3.8448,-0.03361824
2025-05-09 15:15:50,USDT,ADAUSDT,Single-asset,close_long,0.267,-0.0023346
2025-05-09 15:15:44,USDT,ADAUSDT,Single-asset,close_long,0.1424,-0.00124512
2025-05-09 13:15:03,USDT,ADAUSDT,Single-asset,open_long,0.0,-0.01277472
2025-05-09 13:14:45,USDT,ADAUSDT,Single-asset,open_long,0.0,-0.03513048
2025-05-09 13:14:45,USDT,ADAUSDT,Single-asset,open_long,0.0,-0.03148056
2025-05-09 13:14:45,USDT,ADAUSDT,Single-asset,open_long,0.0,-0.00091248
2025-05-09 13:14:45,USDT,ADAUSDT,Single-asset,open_long,0.0,-0.00319368
2025-05-09 12:32:02,USDT,ADAUSDT,Single-asset,close_long,0.0129,-0.01956156
2025-05-09 12:31:46,USDT,ADAUSDT,Single-asset,open_long,0.0,-0.01955382
2025-05-09 12:31:09,USDT,ADAUSDT,Single-asset,close_long,-0.0249,-0.03773346
2025-05-09 12:31:09,USDT,ADAUSDT,Single-asset,close_long,-0.0009,-0.00136386
2025-05-09 12:31:05,USDT,ADAUSDT,Single-asset,open_long,0.0,-0.0391128
2025-05-09 12:30:36,USDT,ADAUSDT,Single-asset,close_long,-0.419100000316,-0.20650644
2025-05-09 12:30:17,USDT,ADAUSDT,Single-asset,open_long,0.0,-0.0478233
2025-05-09 12:30:17,USDT,ADAUSDT,Single-asset,open_long,0.0,-0.1338876
2025-05-09 12:30:17,USDT,ADAUSDT,Single-asset,open_long,0.0,-0.025047
2025-05-09 12:01:46,USDT,,Single-asset,trans_from_exchange,33.63903769,0.0
2025-05-09 10:00:09,USDT,,Single-asset,trans_from_exchange,4.4572705,0.0
2025-04-23 13:10:38,USDT,,Single-asset,trans_to_exchange,-2.24041192,0.0
2025-04-23 13:06:56,USDT,,Single-asset,trans_from_exchange,1.9036177,0.0
2025-03-31 23:26:00,USDT,XRPUSDT,Single-asset,user_grants_recycle,-0.9882201304,0.0
2025-03-31 23:26:00,USDT,XRPUSDT,Single-asset,close_long,0.3483,-0.01150578
2025-03-31 16:00:12,USDT,XRPUSDT,Single-asset,contract_margin_settle_fee,-0.0004830696,0.0
2025-03-31 11:16:51,USDT,XRPUSDT,Single-asset,open_long,0.0,-0.0112968
2025-03-31 11:16:51,USDT,XRPUSDT,Single-asset,user_grants_issue,1.0,0.0
2025-03-07 21:28:18,USDT,,Single-asset,trans_to_exchange,-0.25636997,0.0
2025-03-07 00:10:50,USDT,,Single-asset,transfer_from_future_copytrade,0.25636997,0.0
2025-03-06 18:09:08,USDT,,Single-asset,trans_to_exchange,-42.58214406,0.0
2025-03-06 15:38:57,USDT,ETHUSDT,Single-asset,close_short,0.9162,-0.2476872
2025-03-06 14:26:36,USDT,ETHUSDT,Single-asset,open_short,0.0,-0.24823692
2025-03-06 14:25:53,USDT,,Single-asset,trans_from_exchange,3.60184513,0.0
2025-03-06 14:25:48,USDT,,Single-asset,transfer_from_future_copytrade,38.55477344,0.0
2025-03-04 16:00:04,USDT,,Single-asset,transfer_to_future_copytrade,-53.7,0.0
2025-03-04 15:58:45,USDT,,Single-asset,transfer_from_future_copytrade,53.7,0.0
2025-03-04 12:14:12,USDT,,Single-asset,transfer_to_future_copytrade,-53.7,0.0
2025-03-04 12:13:48,USDT,,Single-asset,transfer_from_future_copytrade,53.7,0.0
2025-03-04 11:43:27,USDT,,Single-asset,transfer_to_future_copytrade,-53.7,0.0
2025-03-04 11:42:33,USDT,,Single-asset,transfer_from_future_copytrade,50.76,0.0
2025-03-04 11:41:47,USDT,BTCUSDT,Single-asset,close_short,-0.01652,-0.03531234
2025-03-04 11:40:54,USDT,BTCUSDT,Single-asset,open_short,0.0,-0.011767476
2025-03-04 11:40:36,USDT,,Single-asset,trans_from_exchange,3.0,0.0
2025-03-04 11:39:19,USDT,BGBUSDT,Single-asset,user_grants_recycle,-0.8720632,0.0
2025-03-04 11:39:19,USDT,BGBUSDT,Single-asset,close_short,-0.108,-0.0100008
2025-03-04 10:38:11,USDT,,Single-asset,transfer_to_future_copytrade,-53.76,0.0
2025-03-04 10:38:03,USDT,,Single-asset,transfer_from_future_copytrade,53.76,0.0
2025-03-04 10:37:45,USDT,,Single-asset,transfer_to_future_copytrade,-53.76,0.0
2025-03-04 10:21:00,USDT,BGBUSDT,Single-asset,open_short,0.0,-0.009936
2025-03-04 10:21:00,USDT,BGBUSDT,Single-asset,user_grants_issue,1.0,0.0
2025-03-04 10:07:10,USDT,BTCUSDT,Single-asset,close_short,1.2135,-0.3712779
2025-03-04 10:06:32,USDT,BTCUSDT,Single-asset,open_short,0.0,-0.372006
2025-03-04 10:01:51,USDT,BTCUSDT,Single-asset,close_short,6.79305,-1.72548783
2025-03-04 09:56:24,USDT,BTCUSDT,Single-asset,open_short,0.0,-1.72956366
2025-03-04 09:54:08,USDT,,Single-asset,trans_from_exchange,49.95291993,0.0
2025-03-03 11:43:40,USDT,,Single-asset,transfer_to_future_copytrade,-69.63,0.0
2025-03-03 11:42:09,USDT,,Single-asset,transfer_from_future_copytrade,50.00851815,0.0
2025-03-03 09:16:35,USDT,BTCUSDT,Single-asset,close_short,5.6028,-0.128088012
2025-03-03 09:16:35,USDT,BTCUSDT,Single-asset,close_short,0.3248,-0.007425392
2025-03-03 08:26:41,USDT,BTCUSDT,Single-asset,open_short,0.0,-0.410096772
2025-03-03 08:20:11,USDT,,Single-asset,trans_from_exchange,13.68408364,0.0
2025-03-02 23:54:13,USDT,,Single-asset,transfer_to_future_copytrade,-4.0,0.0
2025-03-02 23:52:19,USDT,BTCUSDT,Single-asset,close_long,0.18456,-0.062917776
2025-03-02 23:51:49,USDT,BTCUSDT,Single-asset,open_long,0.0,-0.06280704
2025-03-02 14:01:39,USDT,,Single-asset,trans_from_exchange,3.65630306,0.0
2025-03-01 16:26:15,USDT,BTCUSDT,Single-asset,close_short,-0.02796,-0.005112942
2025-03-01 16:00:19,USDT,BTCUSDT,Single-asset,contract_main_settle_fee,-0.00071186304,0.0
2025-03-01 15:15:06,USDT,BTCUSDT,Single-asset,open_short,0.0,-0.005096166
2025-02-28 22:35:07,USDT,,Single-asset,trans_from_exchange,0.12369582,0.0
2025-02-28 22:34:44,USDT,BTCUSDT,Single-asset,close_short,0.02345,-0.004865682
2025-02-28 22:32:02,USDT,BTCUSDT,Single-asset,open_short,0.0,-0.004879752
2025-02-28 22:06:22,USDT,XRPUSDT,Single-asset,user_grants_recycle,-0.110057069377,0.0
2025-02-28 22:06:22,USDT,XRPUSDT,Single-asset,close_short,-0.8685,-0.0113508
2025-02-28 16:00:16,USDT,XRPUSDT,Single-asset,contract_margin_settle_fee,0.000737569377,0.0
2025-02-28 15:40:33,USDT,XRPUSDT,Single-asset,open_short,0.0,-0.0108297
2025-02-28 15:40:33,USDT,XRPUSDT,Single-asset,user_grants_issue,1.0,0.0
2025-02-28 09:34:50,USDT,,Single-asset,transfer_to_future_copytrade,-50.0,0.0
2025-02-28 09:34:39,USDT,,Single-asset,transfer_from_future_copytrade,50.74503918,0.0
2025-02-27 22:54:29,USDT,,Single-asset,transfer_to_future_copytrade,-57.97,0.0
2025-02-27 22:54:06,USDT,,Single-asset,transfer_from_future_copytrade,57.97,0.0
2025-02-27 22:53:32,USDT,,Single-asset,transfer_to_future_copytrade,-57.97,0.0
2025-02-27 22:52:33,USDT,,Single-asset,transfer_from_future_copytrade,57.97442643,0.0
2025-02-26 21:22:43,USDT,,Single-asset,transfer_to_future_copytrade,-50.07,0.0
2025-02-26 21:16:09,USDT,,Single-asset,transfer_from_future_copytrade,50.07,0.0
2025-02-26 21:15:43,USDT,,Single-asset,transfer_to_future_copytrade,-50.07,0.0
2025-02-26 21:07:48,USDT,,Single-asset,transfer_from_future_copytrade,50.07,0.0
2025-02-26 21:06:05,USDT,,Single-asset,trans_to_exchange,-2.23118402,0.0
2025-02-26 00:10:58,USDT,,Single-asset,transfer_from_future_copytrade,1.78844956,0.0
2025-02-26 00:10:52,USDT,,Single-asset,transfer_from_future_copytrade,0.01047207,0.0
2025-02-25 22:48:38,USDT,,Single-asset,transfer_to_future_copytrade,-38.0,0.0
2025-02-25 22:47:43,USDT,BTCUSDT,Single-asset,close_short,2.97216,-0.336769536
2025-02-25 22:45:51,USDT,BTCUSDT,Single-asset,open_short,0.0,-0.337363968
2025-02-25 22:44:58,USDT,BTCUSDT,Single-asset,close_short,0.57152,-0.200612184
2025-02-25 22:42:38,USDT,BTCUSDT,Single-asset,open_short,0.0,-0.095299416
2025-02-25 22:41:27,USDT,BTCUSDT,Single-asset,open_short,0.0,-0.10565568
2025-02-25 22:39:05,USDT,BTCUSDT,Single-asset,close_short,5.481989999999,-0.641786178
2025-02-25 21:49:39,USDT,BTCUSDT,Single-asset,open_short,0.0,-0.303647778
2025-02-25 21:41:13,USDT,BTCUSDT,Single-asset,open_short,0.0,-0.2027262
2025-02-25 21:40:32,USDT,BTCUSDT,Single-asset,open_short,0.0,-0.090677898
2025-02-25 21:39:38,USDT,,Single-asset,trans_from_exchange,30.0,0.0
2025-02-25 21:34:52,USDT,BTCUSDT,Single-asset,open_short,0.0,-0.016007832
2025-02-25 21:14:19,USDT,TRUMPUSDT,Single-asset,close_long,-0.0117,-0.01030068
2025-02-25 21:13:50,USDT,TRUMPUSDT,Single-asset,open_long,0.0,-0.0103077
2025-02-25 21:13:41,USDT,,Single-asset,trans_from_exchange,1.76229392,0.0
2025-02-25 19:32:57,USDT,,Single-asset,transfer_to_future_copytrade,-86.07,0.0
2025-02-25 19:25:22,USDT,BTCUSDT,Single-asset,close_short,4.525969999999,-0.721306644
2025-02-25 19:14:21,USDT,BTCUSDT,Single-asset,open_short,0.0,-0.269666172
2025-02-25 19:11:52,USDT,BTCUSDT,Single-asset,open_short,0.0,-0.001764562
2025-02-25 19:11:52,USDT,BTCUSDT,Single-asset,open_short,0.0,-0.031762116
2025-02-25 19:10:48,USDT,BTCUSDT,Single-asset,open_short,0.0,-0.001760596
2025-02-25 19:10:48,USDT,BTCUSDT,Single-asset,open_short,0.0,-0.03521192
2025-02-25 19:09:09,USDT,BTCUSDT,Single-asset,open_short,0.0,-0.242858472
2025-02-25 19:07:21,USDT,,Single-asset,transfer_from_future_copytrade,82.85551401,0.0
2025-02-25 17:26:56,USDT,,Single-asset,transfer_to_future_copytrade,-81.89,0.0
2025-02-25 17:26:30,USDT,,Single-asset,transfer_from_future_copytrade,81.89,0.0
2025-02-25 17:00:41,USDT,,Single-asset,transfer_to_future_copytrade,-81.89,0.0
2025-02-25 16:56:45,USDT,,Single-asset,transfer_from_future_copytrade,81.89,0.0
2025-02-25 16:35:08,USDT,,Single-asset,transfer_to_future_copytrade,-81.89,0.0
2025-02-25 16:18:48,USDT,,Single-asset,transfer_from_future_copytrade,81.89,0.0
2025-02-25 16:16:07,USDT,,Single-asset,trans_to_exchange,-81.48720761,0.0
2025-02-25 16:15:33,USDT,BTCUSDT,Single-asset,close_short,-37.82904,-1.75694766
2025-02-25 16:00:23,USDT,BTCUSDT,Single-asset,contract_main_settle_fee,0.198980881144,0.0
2025-02-25 15:42:04,USDT,BTCUSDT,Single-asset,open_short,0.0,-1.734250236
2025-02-25 15:35:49,USDT,BTCUSDT,Single-asset,close_short,19.004219999999,-0.421692078
2025-02-25 15:29:15,USDT,BTCUSDT,Single-asset,open_short,0.0,-0.055460922
2025-02-25 15:27:30,USDT,,Single-asset,transfer_from_future_copytrade,25.81026701,0.0
2025-02-25 15:25:33,USDT,BTCUSDT,Single-asset,open_short,0.0,-0.032022
2025-02-25 15:25:33,USDT,BTCUSDT,Single-asset,open_short,0.0,-0.078276
2025-02-25 15:25:33,USDT,BTCUSDT,Single-asset,open_short,0.0,-0.259734
2025-02-25 15:24:48,USDT,,Single-asset,transfer_from_future_copytrade,78.24560506,0.0
2025-02-25 14:45:13,USDT,,Single-asset,transfer_to_future_copytrade,-22.0,0.0
2025-02-25 14:44:48,USDT,,Single-asset,transfer_from_future_copytrade,22.39555755,0.0
2025-02-23 20:18:47,USDT,,Single-asset,trans_to_exchange,-48.00569933,0.0
2025-02-23 19:04:00,USDT,,Single-asset,trans_from_exchange,48.0,0.0
2025-02-23 18:54:12,USDT,,Single-asset,transfer_to_future_copytrade,-109.43,0.0
2025-02-23 18:53:46,USDT,,Single-asset,trans_from_exchange,0.74986756,0.0
2025-02-23 18:52:24,USDT,,Single-asset,transfer_from_future_copytrade,108.68583177,0.0
2025-02-23 14:10:52,USDT,,Single-asset,trans_to_exchange,-0.01681096,0.0
2025-02-22 01:10:09,USDT,,Single-asset,transfer_from_future_copytrade,0.01681096,0.0
2025-02-21 13:54:53,USDT,,Single-asset,trans_to_exchange,-0.60264593,0.0
2025-02-21 13:54:34,USDT,,Single-asset,transfer_to_future_copytrade,-24.0,0.0
2025-02-21 13:54:21,USDT,,Single-asset,transfer_to_future_copytrade,-24.0,0.0
2025-02-21 13:53:42,USDT,,Single-asset,transfer_from_future_copytrade,48.60264593,0.0
2025-02-19 22:40:38,USDT,,Single-asset,trans_to_exchange,-112.57213527,0.0
2025-02-19 22:40:18,USDT,,Single-asset,transfer_from_future_copytrade,112.56790744,0.0
2025-02-17 00:16:11,USDT,,Single-asset,transfer_to_future_copytrade,-106.89,0.0
2025-02-17 00:14:36,USDT,,Single-asset,transfer_from_future_copytrade,106.89422783,0.0
2025-02-14 13:17:03,USDT,,Single-asset,trans_to_exchange,-0.2714207,0.0
2025-02-12 16:57:16,USDT,,Single-asset,transfer_to_future_copytrade,-13.0,0.0
2025-02-11 23:22:26,USDT,BERAUSDT,Single-asset,close_short,-0.6076,-0.03285156
2025-02-11 23:13:21,USDT,BERAUSDT,Single-asset,open_short,0.0,-0.032487
2025-02-11 23:09:25,USDT,BERAUSDT,Single-asset,close_short,0.3552,-0.0315072
2025-02-11 23:06:38,USDT,BERAUSDT,Single-asset,open_short,0.0,-0.03172032
2025-02-11 21:24:02,USDT,,Single-asset,trans_from_exchange,1.04694937,0.0
2025-02-11 21:17:01,USDT,,Single-asset,transfer_to_future_copytrade,-70.42,0.0
2025-02-11 20:58:18,USDT,BERAUSDT,Single-asset,close_long,1.1904,-0.08365536
2025-02-11 20:58:18,USDT,BERAUSDT,Single-asset,close_long,1.016,-0.0713994
2025-02-11 20:49:36,USDT,BERAUSDT,Single-asset,open_long,0.0,-0.15461348
2025-02-11 20:47:03,USDT,BERAUSDT,Single-asset,close_long,0.0993,-0.03708524
2025-02-11 20:47:03,USDT,BERAUSDT,Single-asset,close_long,0.0663,-0.02476084
2025-02-11 20:47:03,USDT,BERAUSDT,Single-asset,close_long,0.0279,-0.01041972
2025-02-11 20:47:03,USDT,BERAUSDT,Single-asset,close_long,0.0081,-0.00302508
2025-02-11 20:47:03,USDT,BERAUSDT,Single-asset,close_long,0.0894,-0.03338792
2025-02-11 20:47:03,USDT,BERAUSDT,Single-asset,close_long,0.0669,-0.02498492
2025-02-11 20:47:03,USDT,BERAUSDT,Single-asset,close_long,0.2676,-0.09993968
2025-02-11 20:46:41,USDT,BERAUSDT,Single-asset,open_long,0.0,-0.1125399
2025-02-11 20:46:41,USDT,BERAUSDT,Single-asset,open_long,0.0,-0.587895
2025-02-11 20:46:41,USDT,BERAUSDT,Single-asset,close_short,-0.486,-0.0453519
2025-02-11 20:46:41,USDT,BERAUSDT,Single-asset,close_short,-3.206,-0.30766608
2025-02-11 20:46:41,USDT,BERAUSDT,Single-asset,close_short,-0.0595,-0.00570996
2025-02-11 20:46:41,USDT,BERAUSDT,Single-asset,close_short,-3.5035,-0.33621588
2025-02-11 20:46:41,USDT,BERAUSDT,Single-asset,close_short,-0.056,-0.00537408
2025-02-11 20:31:41,USDT,BERAUSDT,Single-asset,open_short,0.0,-0.6959313
2025-02-11 20:26:59,USDT,BERAUSDT,Single-asset,close_short,0.1382,-0.23184432
2025-02-11 20:16:11,USDT,BERAUSDT,Single-asset,open_short,0.0,-0.03725604
2025-02-11 20:16:11,USDT,BERAUSDT,Single-asset,open_short,0.0,-0.04005304
2025-02-11 20:15:43,USDT,BERAUSDT,Single-asset,close_long,-20.069600000087,-0.29317086
2025-02-11 20:00:04,USDT,BERAUSDT,Single-asset,contract_margin_settle_fee,0.41161821669,0.0
2025-02-11 17:40:14,USDT,BERAUSDT,Single-asset,adjust_margin_ifm,10.0,0.0
2025-02-11 17:38:52,USDT,BERAUSDT,Single-asset,open_long,0.0,-0.05843376
2025-02-11 17:38:22,USDT,BERAUSDT,Single-asset,open_long,0.0,-0.03909308
2025-02-11 17:38:09,USDT,BERAUSDT,Single-asset,close_short,0.4044,-0.11699292
2025-02-11 17:37:59,USDT,BERAUSDT,Single-asset,open_short,0.0,-0.11723556
2025-02-11 17:04:30,USDT,BERAUSDT,Single-asset,open_long,0.0,-0.12949962
2025-02-11 17:03:32,USDT,TSTBSCUSDT,Single-asset,close_short,0.56,-0.064644
2025-02-11 17:03:08,USDT,TSTBSCUSDT,Single-asset,open_short,0.0,-0.06498
2025-02-11 16:43:19,USDT,,Single-asset,trans_from_exchange,30.0426,0.0
2025-02-11 16:42:41,USDT,BTCUSDT,Single-asset,close_short,-0.6232,-0.23585232
2025-02-11 16:25:23,USDT,,Single-asset,trans_to_exchange,-30.0,0.0
2025-02-11 16:11:19,USDT,BTCUSDT,Single-asset,open_short,0.0,-0.2354784
2025-02-11 16:10:57,USDT,,Single-asset,trans_from_exchange,110.94500885,0.0
2025-02-11 16:04:19,USDT,,Single-asset,trans_to_exchange,-111.60471785,0.0
2025-02-11 12:18:07,USDT,BERAUSDT,Single-asset,close_short,0.486,-0.0300618
2025-02-11 12:18:07,USDT,BERAUSDT,Single-asset,close_short,1.606,-0.09751632
2025-02-11 12:07:40,USDT,BERAUSDT,Single-asset,open_short,0.0,-0.12883332
2025-02-10 23:27:03,USDT,ETHUSDT,Single-asset,close_short,1.258099999999,-0.5552925
2025-02-10 23:04:27,USDT,ETHUSDT,Single-asset,open_short,0.0,-0.54015936
2025-02-10 23:04:27,USDT,ETHUSDT,Single-asset,open_short,0.0,-0.015888
2025-02-10 16:32:03,USDT,BERAUSDT,Single-asset,close_short,0.945115219531,-0.20436798
2025-02-10 16:32:03,USDT,BERAUSDT,Single-asset,close_short,0.192758120515,-0.03894912
2025-02-10 16:32:03,USDT,BERAUSDT,Single-asset,close_short,0.293726659833,-0.05935104
2025-02-10 16:22:28,USDT,BERAUSDT,Single-asset,adjust_margin_ifm,5.4578,0.0
2025-02-10 16:18:43,USDT,BERAUSDT,Single-asset,open_short,0.0,-0.05867856
2025-02-10 16:07:57,USDT,BERAUSDT,Single-asset,open_short,0.0,-0.0166112
2025-02-10 16:07:57,USDT,BERAUSDT,Single-asset,open_short,0.0,-0.00290696
2025-02-10 16:06:17,USDT,BERAUSDT,Single-asset,open_short,0.0,-0.01953882
2025-02-10 16:01:48,USDT,BERAUSDT,Single-asset,open_short,0.0,-0.1276776
2025-02-10 14:10:59,USDT,BERAUSDT,Single-asset,close_short,1.211599999958,-0.12577344
2025-02-10 14:03:12,USDT,BERAUSDT,Single-asset,open_short,0.0,-0.00385168
2025-02-10 14:03:11,USDT,BERAUSDT,Single-asset,open_short,0.0,-0.09913008
2025-02-10 14:03:11,USDT,BERAUSDT,Single-asset,open_short,0.0,-0.01581528
2025-02-10 12:41:20,USDT,BERAUSDT,Single-asset,close_short,0.9455,-0.0303109
2025-02-10 12:41:20,USDT,BERAUSDT,Single-asset,close_short,0.4743,-0.01520514
2025-02-10 12:41:18,USDT,BERAUSDT,Single-asset,close_short,0.7998,-0.02564004
2025-02-10 12:41:18,USDT,BERAUSDT,Single-asset,close_short,0.0899,-0.00288202
2025-02-10 12:36:14,USDT,BERAUSDT,Single-asset,open_short,0.0,-0.0525
2025-02-10 12:36:14,USDT,BERAUSDT,Single-asset,open_short,0.0,-0.171
2025-02-10 12:02:51,USDT,,Single-asset,trans_from_exchange,0.84075702,0.0
2025-02-10 11:57:48,USDT,BERAUSDT,Single-asset,close_short,0.8987,-0.0814549
2025-02-10 11:50:15,USDT,BERAUSDT,Single-asset,adjust_margin_ifm,14.375,0.0
2025-02-10 11:49:34,USDT,BERAUSDT,Single-asset,open_short,0.0,-0.24490392
2025-02-10 01:41:00,USDT,BERAUSDT,Single-asset,close_short,1.0148,-0.054438
2025-02-10 01:23:39,USDT,BERAUSDT,Single-asset,open_short,0.0,-0.05504688
2025-02-08 22:43:26,USDT,,Single-asset,trans_from_exchange,1.82334877,0.0
2025-02-08 22:15:20,USDT,BTCUSDT,Single-asset,close_long,0.9412,-0.230688
2025-02-08 22:15:20,USDT,BTCUSDT,Single-asset,close_long,0.2353,-0.057672
2025-02-08 19:37:22,USDT,BTCUSDT,Single-asset,open_long,0.0,-0.2876541
2025-02-08 19:29:16,USDT,BTCUSDT,Single-asset,close_long,-1.9236,-0.34501968
2025-02-08 16:31:14,USDT,BTCUSDT,Single-asset,open_long,0.0,-0.34617384
2025-02-08 16:23:04,USDT,UXLINKUSDT,Single-asset,close_long,0.23184,-0.061252128
2025-02-08 16:11:53,USDT,UXLINKUSDT,Single-asset,open_long,0.0,-0.061113024
2025-02-08 16:04:14,USDT,SUIUSDT,Single-asset,close_short,0.59885,-0.18058677
2025-02-08 16:02:29,USDT,SUIUSDT,Single-asset,open_short,0.0,-0.18094608
2025-02-08 16:01:32,USDT,SUIUSDT,Single-asset,close_short,-0.73177,-0.077695788
2025-02-08 16:01:32,USDT,SUIUSDT,Single-asset,close_short,-0.9295,-0.0986898
2025-02-08 16:00:10,USDT,SUIUSDT,Single-asset,contract_main_settle_fee,0.018682593761,0.0
2025-02-08 16:00:07,USDT,UXLINKUSDT,Single-asset,close_long,-0.17355,-0.00305292
2025-02-08 16:00:07,USDT,UXLINKUSDT,Single-asset,contract_main_settle_fee,0.064767597882,0.0
2025-02-08 15:52:22,USDT,SUIUSDT,Single-asset,open_short,0.0,-0.175388826
2025-02-08 15:51:01,USDT,UXLINKUSDT,Single-asset,open_long,0.0,-0.00105235
2025-02-08 12:24:50,USDT,,Single-asset,trans_from_exchange,105.37286204,0.0
2025-02-08 00:27:59,USDT,,Single-asset,trans_to_exchange,-105.35764783,0.0
2025-02-07 23:34:01,USDT,ETHUSDT,Single-asset,close_short,1.0811,-0.31169538
2025-02-07 23:32:40,USDT,ETHUSDT,Single-asset,open_short,0.0,-0.31234404
2025-02-07 23:01:40,USDT,ETHUSDT,Single-asset,close_short,6.9195,-0.5794866
2025-02-07 22:34:06,USDT,ETHUSDT,Single-asset,open_short,0.0,-0.5836383
2025-02-07 21:07:45,USDT,,Single-asset,trans_from_exchange,0.53493031,0.0
2025-02-07 19:29:29,USDT,ETHUSDT,Single-asset,close_long,2.8303,-0.51235188
2025-02-07 18:41:07,USDT,ETHUSDT,Single-asset,open_long,0.0,-0.5106537
2025-02-07 18:38:15,USDT,,Single-asset,trans_from_exchange,96.80198742,0.0
2025-02-07 16:18:00,USDT,,Single-asset,trans_to_exchange,-96.41497884,0.0
2025-02-07 15:50:24,USDT,,Single-asset,trans_from_exchange,96.41497884,0.0
2025-02-07 15:03:45,USDT,,Single-asset,trans_to_exchange,-96.33897234,0.0
2025-02-07 14:45:51,USDT,ETHUSDT,Single-asset,close_long,-1.064,-0.44946384
2025-02-07 14:34:49,USDT,ETHUSDT,Single-asset,open_long,0.0,-0.45010224
2025-02-07 14:07:37,USDT,ETHUSDT,Single-asset,close_long,-4.2902,-0.308028
2025-02-07 12:19:35,USDT,ETHUSDT,Single-asset,open_long,0.0,-0.31060212
2025-02-07 01:33:31,USDT,BERAUSDT,Single-asset,close_short,0.1682,-0.03047436
2025-02-07 01:33:14,USDT,BERAUSDT,Single-asset,open_short,0.0,-0.01019176
2025-02-07 00:41:58,USDT,,Single-asset,trans_from_exchange,103.08383466,0.0
2025-02-06 23:55:04,USDT,,Single-asset,trans_to_exchange,-107.47113279,0.0
2025-02-06 16:45:27,USDT,BTCUSDT,Single-asset,close_long,-0.585,-0.5290812
2025-02-06 16:39:30,USDT,BTCUSDT,Single-asset,open_long,0.0,-0.1764774
2025-02-06 16:10:27,USDT,VINEUSDT,Single-asset,close_long,0.99552,-0.0488784
2025-02-06 16:10:27,USDT,VINEUSDT,Single-asset,close_long,0.3182,-0.015456264
2025-02-06 16:04:10,USDT,VINEUSDT,Single-asset,open_long,0.0,-0.063546432
2025-02-06 15:44:52,USDT,BANUSDT,Single-asset,close_short,-0.1859,-0.02122978
2025-02-06 15:36:51,USDT,BANUSDT,Single-asset,open_short,0.0,-0.009747
2025-02-06 15:36:51,USDT,BANUSDT,Single-asset,open_short,0.0,-0.0176472
2025-02-06 15:36:51,USDT,BANUSDT,Single-asset,open_short,0.0,-0.0361836
2025-02-06 15:35:29,USDT,BANUSDT,Single-asset,close_long,-2.4193,-0.06375786
2025-02-06 15:27:24,USDT,BANUSDT,Single-asset,open_long,0.0,-0.06520944
2025-02-06 15:22:34,USDT,BANUSDT,Single-asset,close_long,-0.5619,-0.06529278
2025-02-06 15:19:11,USDT,BANUSDT,Single-asset,open_long,0.0,-0.06562992
2025-02-06 14:01:15,USDT,,Single-asset,trans_from_exchange,111.08765006,0.0
2025-02-06 13:58:43,USDT,,Single-asset,trans_to_exchange,-111.08765006,0.0
2025-02-06 11:35:26,USDT,BANUSDT,Single-asset,close_short,0.6655,-0.04919376
2025-02-06 11:35:26,USDT,BANUSDT,Single-asset,close_short,0.2075,-0.0153384
2025-02-06 11:33:54,USDT,BANUSDT,Single-asset,open_short,0.0,-0.06505596
2025-02-06 11:33:35,USDT,,Single-asset,trans_from_exchange,110.34423818,0.0
2025-02-05 19:34:34,USDT,,Single-asset,trans_to_exchange,-108.94043361,0.0
2025-02-05 15:10:41,USDT,,Single-asset,trans_from_exchange,108.94043361,0.0
2025-02-05 13:52:03,USDT,,Single-asset,trans_to_exchange,-108.92016819,0.0
2025-02-05 13:39:45,USDT,,Single-asset,trans_from_exchange,108.92016819,0.0
2025-02-05 13:33:26,USDT,,Single-asset,trans_to_exchange,-109.78573351,0.0
2025-02-05 13:31:27,USDT,BTCUSDT,Single-asset,close_long,-1.5078,-0.3521952
2025-02-05 12:55:16,USDT,BTCUSDT,Single-asset,open_long,0.0,-0.35309988
2025-02-05 12:54:46,USDT,,Single-asset,trans_from_exchange,111.99882859,0.0
2025-02-05 12:46:11,USDT,,Single-asset,trans_to_exchange,-114.23104269,0.0
2025-02-05 00:25:29,USDT,,Single-asset,trans_from_exchange,114.23104269,0.0
2025-02-04 23:06:30,USDT,,Single-asset,trans_to_exchange,-112.61318724,0.0
2025-02-04 12:43:28,USDT,BTCUSDT,Single-asset,close_short,0.5942,-0.0601272
2025-02-04 11:16:45,USDT,BTCUSDT,Single-asset,open_short,0.0,-0.06048372
2025-02-04 10:58:03,USDT,,Single-asset,trans_from_exchange,112.13959816,0.0
2025-02-03 23:48:01,USDT,,Single-asset,trans_to_exchange,-112.3285417,0.0
2025-02-03 23:05:16,USDT,,Single-asset,trans_from_exchange,112.3285417,0.0
2025-02-03 23:03:44,USDT,,Single-asset,trans_to_exchange,-105.24109443,0.0
2025-02-03 23:00:19,USDT,BTCUSDT,Single-asset,close_long,-0.6182,-0.11553048
2025-02-03 22:59:11,USDT,BTCUSDT,Single-asset,open_long,0.0,-0.0386338
2025-02-03 22:48:31,USDT,BTCUSDT,Single-asset,close_long,-0.3704,-0.11496204
2025-02-03 22:47:45,USDT,BTCUSDT,Single-asset,open_long,0.0,-0.03839476
2025-02-03 22:39:51,USDT,BTCUSDT,Single-asset,close_short,-0.4266,-0.11562
2025-02-03 22:39:22,USDT,BTCUSDT,Single-asset,open_short,0.0,-0.03845468
2025-02-03 22:36:09,USDT,BTCUSDT,Single-asset,close_short,0.3958,-0.11468124
2025-02-03 22:35:47,USDT,BTCUSDT,Single-asset,open_short,0.0,-0.03830624
2025-02-03 22:27:07,USDT,BTCUSDT,Single-asset,close_short,-0.633,-0.1135068
2025-02-03 22:21:25,USDT,BTCUSDT,Single-asset,open_short,0.0,-0.037709
2025-02-03 20:58:13,USDT,BTCUSDT,Single-asset,close_short,0.0626,-0.11372292
2025-02-03 20:57:58,USDT,BTCUSDT,Single-asset,open_short,0.0,-0.03792016
2025-02-03 20:39:11,USDT,ETHUSDT,Single-asset,close_long,-0.0907,-0.0156669
2025-02-03 20:39:11,USDT,ETHUSDT,Single-asset,close_long,-0.0907,-0.0156669
2025-02-03 20:26:19,USDT,ETHUSDT,Single-asset,open_long,0.0,-0.03144264
2025-02-03 20:23:30,USDT,DFUSDT,Single-asset,close_long,-0.02652,-0.012765402
2025-02-03 20:16:42,USDT,DFUSDT,Single-asset,open_long,0.0,-0.038312118
2025-02-03 20:14:20,USDT,XTERUSDT,Single-asset,close_long,0.2816,-0.0322176
2025-02-03 20:12:09,USDT,XTERUSDT,Single-asset,open_long,0.0,-0.03204864
2025-02-03 20:08:31,USDT,FARTCOINUSDT,Single-asset,close_long,0.44352,-0.032018976
2025-02-03 20:06:46,USDT,FARTCOINUSDT,Single-asset,open_long,0.0,-0.00882024
2025-02-03 20:06:46,USDT,FARTCOINUSDT,Single-asset,open_long,0.0,-0.022932624
2025-02-03 17:27:24,USDT,VINEUSDT,Single-asset,close_short,-0.20706,-0.0319725
2025-02-03 17:26:54,USDT,VINEUSDT,Single-asset,open_short,0.0,-0.010616088
2025-02-03 17:25:35,USDT,VINEUSDT,Single-asset,close_short,0.16926,-0.031666128
2025-02-03 17:22:32,USDT,VINEUSDT,Single-asset,open_short,0.0,-0.010589228
2025-02-03 16:36:12,USDT,ETHUSDT,Single-asset,close_long,-1.2075,-0.04567086
2025-02-03 16:21:53,USDT,ETHUSDT,Single-asset,open_long,0.0,-0.04639536
2025-02-02 22:16:00,USDT,BTCUSDT,Single-asset,close_long,0.7386,-0.11892732
2025-02-02 21:27:46,USDT,BTCUSDT,Single-asset,open_long,0.0,-0.11848416
2025-02-02 20:20:53,USDT,BTCUSDT,Single-asset,close_long,-0.4974,-0.11850156
2025-02-02 20:16:29,USDT,BTCUSDT,Single-asset,open_long,0.0,-0.0396
2025-02-02 19:45:25,USDT,BTCUSDT,Single-asset,close_long,-0.4228,-0.11852916
2025-02-02 19:39:33,USDT,BTCUSDT,Single-asset,open_long,0.0,-0.11878284
2025-02-02 18:18:42,USDT,VINEUSDT,Single-asset,close_long,-1.09504,-0.022444608
2025-02-02 18:18:42,USDT,VINEUSDT,Single-asset,close_long,-0.233,-0.004839
2025-02-02 18:18:42,USDT,VINEUSDT,Single-asset,close_long,-0.06058,-0.00125814
2025-02-02 18:18:42,USDT,VINEUSDT,Single-asset,close_long,-0.16668,-0.003484728
2025-02-02 18:08:20,USDT,VINEUSDT,Single-asset,open_long,0.0,-0.032959656
2025-02-02 17:38:30,USDT,BTCUSDT,Single-asset,close_long,0.4006,-0.11962656
2025-02-02 17:30:50,USDT,BTCUSDT,Single-asset,open_long,0.0,-0.0397954
2025-02-02 17:11:25,USDT,VINEUSDT,Single-asset,close_short,-0.46648,-0.033265512
2025-02-02 17:07:05,USDT,VINEUSDT,Single-asset,open_short,0.0,-0.032985624
2025-02-02 17:04:51,USDT,VINEUSDT,Single-asset,close_long,-0.44352,-0.029913576
2025-02-02 17:04:51,USDT,VINEUSDT,Single-asset,close_long,-0.0417,-0.00291456
2025-02-02 17:02:43,USDT,VINEUSDT,Single-asset,open_long,0.0,-0.033119268
2025-02-02 16:55:43,USDT,BTCUSDT,Single-asset,close_short,0.0146,-0.1195908
2025-02-02 16:55:16,USDT,BTCUSDT,Single-asset,open_short,0.0,-0.11959956
2025-02-02 16:55:16,USDT,BTCUSDT,Single-asset,close_long,-0.6212,-0.11959956
2025-02-02 16:43:23,USDT,BTCUSDT,Single-asset,open_long,0.0,-0.11997228
2025-02-02 16:32:16,USDT,BTCUSDT,Single-asset,close_long,18.2626,-7.61574042
2025-02-02 16:30:50,USDT,BTCUSDT,Single-asset,open_long,0.0,-7.60478286
2025-02-02 16:25:31,USDT,VINEUSDT,Single-asset,close_long,1.52776,-0.03306654
2025-02-02 16:22:40,USDT,VINEUSDT,Single-asset,open_long,0.0,-0.032149884
2025-02-02 16:04:24,USDT,,Single-asset,trans_from_exchange,9.38553986,0.0
2025-02-02 15:48:57,USDT,VINEUSDT,Single-asset,close_long,-1.35073,-0.02894547
2025-02-02 15:26:27,USDT,VINEUSDT,Single-asset,open_long,0.0,-0.009918636
2025-02-02 15:25:22,USDT,VINEUSDT,Single-asset,close_long,-1.48434,-0.02930928
2025-02-02 14:58:33,USDT,VINEUSDT,Single-asset,open_long,0.0,-0.010066628
2025-02-02 13:45:08,USDT,ETHUSDT,Single-asset,close_long,0.6095,-0.0934452
2025-02-02 13:36:38,USDT,BTCUSDT,Single-asset,close_long,1.806,-0.3001926
2025-02-02 12:47:41,USDT,ETHUSDT,Single-asset,open_long,0.0,-0.0930795
2025-02-02 12:46:35,USDT,BTCUSDT,Single-asset,open_long,0.0,-0.299109
2025-02-02 02:35:49,USDT,ETHUSDT,Single-asset,close_short,0.048,-0.0390294
2025-02-02 02:34:41,USDT,ETHUSDT,Single-asset,open_short,0.0,-0.0130194
2025-02-02 02:33:45,USDT,,Single-asset,trans_from_exchange,100.65555759,0.0
2025-02-02 01:09:51,USDT,,Single-asset,trans_to_exchange,-112.18409529,0.0
2025-02-01 23:46:35,USDT,ETHUSDT,Single-asset,close_long,1.1356,-0.3319488
2025-02-01 23:32:37,USDT,ETHUSDT,Single-asset,open_long,0.0,-0.00649544
2025-02-01 23:32:37,USDT,ETHUSDT,Single-asset,open_long,0.0,-0.05196352
2025-02-01 23:32:37,USDT,ETHUSDT,Single-asset,open_long,0.0,-0.05196352
2025-02-01 23:32:06,USDT,,Single-asset,trans_from_exchange,111.49086657,0.0
2025-01-31 23:46:55,USDT,,Single-asset,trans_to_exchange,-112.83196347,0.0
2025-01-31 23:40:17,USDT,VTHOUSDT,Single-asset,close_short,-0.54,-0.033876
2025-01-31 23:38:47,USDT,VTHOUSDT,Single-asset,open_short,0.0,-0.011184
2025-01-31 23:37:30,USDT,VTHOUSDT,Single-asset,close_short,-0.9167,-0.03455856
2025-01-31 23:19:15,USDT,BTCUSDT,Single-asset,close_long,-0.1047,-0.1884618
2025-01-31 23:18:49,USDT,BTCUSDT,Single-asset,open_long,0.0,-0.18852462
2025-01-31 23:16:40,USDT,VTHOUSDT,Single-asset,open_short,0.0,-0.03400854
2025-01-31 23:14:21,USDT,ARCUSDT,Single-asset,close_long,-0.58764,-0.060791004
2025-01-31 23:10:41,USDT,LDOUSDT,Single-asset,close_long,0.20824,-0.0773502
2025-01-31 23:02:06,USDT,ARCUSDT,Single-asset,open_long,0.0,-0.061143588
2025-01-31 23:00:12,USDT,ETHUSDT,Single-asset,close_short,-2.7246,-0.38208696
2025-01-31 22:50:42,USDT,ETHUSDT,Single-asset,open_short,0.0,-0.0266984
2025-01-31 22:50:42,USDT,ETHUSDT,Single-asset,open_short,0.0,-0.0400476
2025-01-31 22:50:42,USDT,ETHUSDT,Single-asset,open_short,0.0,-0.0200238
2025-01-31 22:50:42,USDT,ETHUSDT,Single-asset,open_short,0.0,-0.0400476
2025-01-31 22:47:03,USDT,LDOUSDT,Single-asset,open_long,0.0,-0.005730828
2025-01-31 22:47:03,USDT,LDOUSDT,Single-asset,open_long,0.0,-0.020010924
2025-01-31 22:46:42,USDT,ANIMEUSDT,Single-asset,close_long,-0.35046,-0.036346596
2025-01-31 22:46:42,USDT,ANIMEUSDT,Single-asset,close_long,-0.0559,-0.00602172
2025-01-31 22:46:42,USDT,ANIMEUSDT,Single-asset,close_long,-0.23832,-0.02782386
2025-01-31 22:40:53,USDT,ANIMEUSDT,Single-asset,open_long,0.0,-0.070578984
2025-01-31 22:35:29,USDT,ANIMEUSDT,Single-asset,close_long,-1.21635,-0.06728562
2025-01-31 22:35:29,USDT,ANIMEUSDT,Single-asset,close_long,-0.16368,-0.00962643
2025-01-31 22:31:12,USDT,JASMYUSDT,Single-asset,close_long,-0.652575,-0.0715431024
2025-01-31 22:30:20,USDT,ANIMEUSDT,Single-asset,open_long,0.0,-0.077740068
2025-01-31 22:17:27,USDT,JASMYUSDT,Single-asset,open_long,0.0,-0.0239782158
2025-01-31 22:13:49,USDT,VINEUSDT,Single-asset,close_short,-0.3844,-0.07244328
2025-01-31 22:10:17,USDT,VINEUSDT,Single-asset,open_short,0.0,-0.00465888
2025-01-31 22:10:17,USDT,VINEUSDT,Single-asset,open_short,0.0,-0.019412
2025-01-31 22:07:15,USDT,VTHOUSDT,Single-asset,close_short,0.0352,-0.00372438
2025-01-31 22:07:15,USDT,VTHOUSDT,Single-asset,close_short,0.304,-0.0321651
2025-01-31 22:02:23,USDT,VTHOUSDT,Single-asset,open_short,0.0,-0.036093
2025-01-31 21:50:30,USDT,ANIMEUSDT,Single-asset,close_short,0.22653,-0.071840214
2025-01-31 21:41:11,USDT,ANIMEUSDT,Single-asset,open_short,0.0,-0.009779832
2025-01-31 21:40:54,USDT,ANIMEUSDT,Single-asset,open_short,0.0,-0.014212212
2025-01-31 20:43:43,USDT,VTHOUSDT,Single-asset,close_long,-0.808,-0.07210188
2025-01-31 20:27:33,USDT,VTHOUSDT,Single-asset,open_long,0.0,-0.00826482
2025-01-31 20:27:33,USDT,VTHOUSDT,Single-asset,open_long,0.0,-0.01593074
2025-01-31 17:47:03,USDT,AIXBTUSDT,Single-asset,close_long,-2.3355,-0.07414092
2025-01-31 17:47:00,USDT,VINEUSDT,Single-asset,close_long,-1.0017,-0.03548097
2025-01-31 17:47:00,USDT,VINEUSDT,Single-asset,close_long,-1.44552,-0.051365664
2025-01-31 17:09:42,USDT,VINEUSDT,Single-asset,open_long,0.0,-0.088314966
2025-01-31 16:34:01,USDT,AIXBTUSDT,Single-asset,open_long,0.0,-0.02518074
2025-01-31 16:00:25,USDT,JASMYUSDT,Single-asset,close_long,-0.55468,-0.1515179736
2025-01-31 16:00:13,USDT,JASMYUSDT,Single-asset,contract_margin_settle_fee,0.024743181288,0.0
2025-01-31 15:45:36,USDT,JASMYUSDT,Single-asset,open_long,0.0,-0.041776212
2025-01-31 15:45:36,USDT,JASMYUSDT,Single-asset,open_long,0.0,-0.0088407152
2025-01-31 15:20:39,USDT,JASMYUSDT,Single-asset,close_long,1.389804,-0.1126023912
2025-01-31 15:03:01,USDT,,Single-asset,trans_from_exchange,0.65652282,0.0
2025-01-31 14:37:39,USDT,MOCAUSDT,Single-asset,close_long,0.36917,-0.165500184
2025-01-31 14:32:00,USDT,MOCAUSDT,Single-asset,open_long,0.0,-0.015104022
2025-01-31 14:32:00,USDT,MOCAUSDT,Single-asset,open_long,0.0,-0.039988872
2025-01-31 14:29:56,USDT,MOCAUSDT,Single-asset,close_long,-4.696,-0.151488264
2025-01-31 14:17:22,USDT,MOCAUSDT,Single-asset,open_long,0.0,-0.02782062
2025-01-31 14:17:22,USDT,MOCAUSDT,Single-asset,open_long,0.0,-0.019846836
2025-01-31 14:17:22,USDT,MOCAUSDT,Single-asset,open_long,0.0,-0.003767832
2025-01-31 14:14:34,USDT,JASMYUSDT,Single-asset,open_long,0.0,-0.0372561696
2025-01-31 14:13:02,USDT,,Single-asset,trans_from_exchange,131.42058718,0.0
2025-01-30 22:56:09,USDT,,Single-asset,trans_to_exchange,-133.29354978,0.0
2025-01-30 22:07:36,USDT,VINEUSDT,Single-asset,close_long,2.32512,-0.078606702
2025-01-30 21:38:26,USDT,VINEUSDT,Single-asset,close_long,0.99255,-0.07631946
2025-01-30 21:18:30,USDT,VINEUSDT,Single-asset,open_long,0.0,-0.15293556
2025-01-30 21:17:55,USDT,,Single-asset,trans_from_exchange,130.2837415,0.0
2025-01-30 18:00:38,USDT,,Single-asset,trans_to_exchange,-111.70783413,0.0
2025-01-30 12:36:15,USDT,BTCUSDT,Single-asset,close_short,1.7979,-0.81767088
2025-01-30 12:31:59,USDT,BTCUSDT,Single-asset,open_short,0.0,-0.25192296
2025-01-30 12:31:59,USDT,BTCUSDT,Single-asset,open_short,0.0,-0.56682666
2025-01-30 12:31:59,USDT,BTCUSDT,Single-asset,close_long,-1.0361,-0.81874962
2025-01-30 12:24:33,USDT,BTCUSDT,Single-asset,open_long,0.0,-0.81937128
2025-01-29 18:40:34,USDT,SPELLUSDT,Single-asset,close_short,0.128797,-0.0239261166
2025-01-29 18:40:15,USDT,SPELLUSDT,Single-asset,open_short,0.0,-0.0080011316
2025-01-29 18:29:40,USDT,SPELLUSDT,Single-asset,close_long,-0.1666616,-0.0328650723
2025-01-29 18:29:40,USDT,SPELLUSDT,Single-asset,close_long,-0.0245616,-0.0048434598
2025-01-29 18:29:40,USDT,SPELLUSDT,Single-asset,close_long,-0.28,-0.055215
2025-01-29 18:29:40,USDT,SPELLUSDT,Single-asset,close_long,-0.71687,-0.1439422824
2025-01-29 18:29:40,USDT,SPELLUSDT,Single-asset,close_long,-0.861729,-0.17302891608
2025-01-29 18:28:51,USDT,SPELLUSDT,Single-asset,open_long,0.0,-0.12943782462
2025-01-29 18:28:51,USDT,SPELLUSDT,Single-asset,open_long,0.0,-0.00760371668
2025-01-29 18:28:20,USDT,SPELLUSDT,Single-asset,close_long,-0.879936,-0.02027592528
2025-01-29 18:28:20,USDT,SPELLUSDT,Single-asset,close_long,-10.993728,-0.25332297744
2025-01-29 18:28:20,USDT,SPELLUSDT,Single-asset,close_long,-1.041552,-0.02399996196
2025-01-29 18:17:43,USDT,SPELLUSDT,Single-asset,open_long,0.0,-0.02961213668
2025-01-29 18:17:29,USDT,SPELLUSDT,Single-asset,open_long,0.0,-0.07217052808
2025-01-29 17:28:00,USDT,BTCUSDT,Single-asset,close_short,0.4355,-0.307143
2025-01-29 17:23:37,USDT,BTCUSDT,Single-asset,open_short,0.0,-0.08197448
2025-01-29 17:23:37,USDT,BTCUSDT,Single-asset,open_short,0.0,-0.02049362
2025-01-29 17:18:28,USDT,BTCUSDT,Single-asset,close_short,8.897,-2.1521745
2025-01-29 16:50:45,USDT,BTCUSDT,Single-asset,open_short,0.0,-2.1575127
2025-01-29 16:42:22,USDT,BTCUSDT,Single-asset,close_short,0.7845,-0.9251226
2025-01-29 16:34:12,USDT,BTCUSDT,Single-asset,open_short,0.0,-0.2056874
2025-01-29 16:34:11,USDT,BTCUSDT,Single-asset,open_short,0.0,-0.06170622
2025-01-29 16:34:10,USDT,BTCUSDT,Single-asset,open_short,0.0,-0.02056874
2025-01-29 16:34:10,USDT,BTCUSDT,Single-asset,open_short,0.0,-0.02056874
2025-01-29 16:31:01,USDT,,Single-asset,trans_from_exchange,125.87101378,0.0
2025-01-29 16:29:27,USDT,,Single-asset,trans_to_exchange,-125.87101378,0.0
2025-01-29 15:56:03,USDT,SPELLUSDT,Single-asset,close_short,-0.844519859198,-0.10396419834
2025-01-29 15:56:03,USDT,SPELLUSDT,Single-asset,close_short,-5.18652346809,-0.6454773846
2025-01-29 15:56:03,USDT,SPELLUSDT,Single-asset,close_short,-0.018643582188,-0.00239909076
2025-01-29 15:55:46,USDT,SPELLUSDT,Single-asset,open_short,0.0,-0.6423606255
2025-01-29 15:55:46,USDT,SPELLUSDT,Single-asset,open_short,0.0,-0.10585023624
2025-01-29 15:55:46,USDT,SPELLUSDT,Single-asset,close_long,-0.2014848,-0.05153248512
2025-01-29 15:55:46,USDT,SPELLUSDT,Single-asset,close_long,-0.341748,-0.0874067112
2025-01-29 15:55:46,USDT,SPELLUSDT,Single-asset,close_long,-0.3405864,-0.08710961616
2025-01-29 15:55:46,USDT,SPELLUSDT,Single-asset,close_long,-0.56485,-0.14446809
2025-01-29 15:55:46,USDT,SPELLUSDT,Single-asset,close_long,-0.6179712,-0.15805456128
2025-01-29 15:55:46,USDT,SPELLUSDT,Single-asset,close_long,-0.2327442,-0.06717713748
2025-01-29 15:55:46,USDT,SPELLUSDT,Single-asset,close_long,-0.2822274,-0.08145951156
2025-01-29 15:55:46,USDT,SPELLUSDT,Single-asset,close_long,-0.2463201,-0.07109555994
2025-01-29 15:55:30,USDT,SPELLUSDT,Single-asset,open_long,0.0,-3.76e-07
2025-01-29 15:55:30,USDT,SPELLUSDT,Single-asset,open_long,0.0,-0.051413112
2025-01-29 15:55:28,USDT,SPELLUSDT,Single-asset,open_long,0.0,-0.030550752
2025-01-29 15:55:28,USDT,SPELLUSDT,Single-asset,open_long,0.0,-0.134941136
2025-01-29 15:55:28,USDT,SPELLUSDT,Single-asset,open_long,0.0,-0.033094768
2025-01-29 15:54:08,USDT,SPELLUSDT,Single-asset,close_long,1.1730493,-0.42622557114
2025-01-29 15:54:08,USDT,SPELLUSDT,Single-asset,close_long,1.8624224,-0.65559596508
2025-01-29 15:53:44,USDT,SPELLUSDT,Single-asset,open_long,0.0,-3.7484e-07
2025-01-29 15:53:44,USDT,SPELLUSDT,Single-asset,open_long,0.0,-0.35999970956
2025-01-29 15:52:58,USDT,SPELLUSDT,Single-asset,close_short,-0.116058,-0.0648299988
2025-01-29 15:52:58,USDT,SPELLUSDT,Single-asset,close_short,-0.134174,-0.0749495964
2025-01-29 15:52:58,USDT,SPELLUSDT,Single-asset,close_short,-0.1011123,-0.05945083938
2025-01-29 15:52:58,USDT,SPELLUSDT,Single-asset,close_short,-0.1232549,-0.07246998894
2025-01-29 15:52:58,USDT,SPELLUSDT,Single-asset,close_short,-0.1002193,-0.05892578358
2025-01-29 15:52:58,USDT,SPELLUSDT,Single-asset,close_short,-0.08607,-0.050606442
2025-01-29 15:52:58,USDT,SPELLUSDT,Single-asset,close_short,-0.1438281,-0.08456638086
2025-01-29 15:52:58,USDT,SPELLUSDT,Single-asset,close_short,-0.086625,-0.053759475
2025-01-29 15:52:58,USDT,SPELLUSDT,Single-asset,close_short,-0.05691,-0.045399546
2025-01-29 15:52:58,USDT,SPELLUSDT,Single-asset,close_short,-0.0647448,-0.06025151088
2025-01-29 15:52:58,USDT,SPELLUSDT,Single-asset,close_short,-0.088297,-0.0896342982
2025-01-29 15:52:58,USDT,SPELLUSDT,Single-asset,close_short,-0.025193,-0.0281305038
2025-01-29 15:52:53,USDT,SPELLUSDT,Single-asset,open_short,0.0,-0.126824472
2025-01-29 15:52:53,USDT,SPELLUSDT,Single-asset,open_short,0.0,-0.283014252
2025-01-29 15:52:53,USDT,SPELLUSDT,Single-asset,open_short,0.0,-0.081549468
2025-01-29 15:52:53,USDT,SPELLUSDT,Single-asset,open_short,0.0,-0.2232
2025-01-29 15:52:53,USDT,SPELLUSDT,Single-asset,open_short,0.0,-0.02771028
2025-01-29 15:52:53,USDT,SPELLUSDT,Single-asset,close_long,-10.857271087168,-0.65263617408
2025-01-29 15:52:53,USDT,SPELLUSDT,Single-asset,close_long,-1.436026263574,-0.08973596352
2025-01-29 15:52:28,USDT,SPELLUSDT,Single-asset,open_long,0.0,-0.0378596988
2025-01-29 15:52:28,USDT,SPELLUSDT,Single-asset,open_long,0.0,-0.02833643736
2025-01-29 15:52:28,USDT,SPELLUSDT,Single-asset,open_long,0.0,-0.18423587952
2025-01-29 15:52:28,USDT,SPELLUSDT,Single-asset,open_long,0.0,-0.44310575772
2025-01-29 15:52:28,USDT,SPELLUSDT,Single-asset,open_long,0.0,-0.05621034204
2025-01-29 15:48:16,USDT,SPELLUSDT,Single-asset,close_long,1.2646128,-0.21960576096
2025-01-29 15:47:40,USDT,SPELLUSDT,Single-asset,open_long,0.0,-0.17240448336
2025-01-29 15:47:40,USDT,SPELLUSDT,Single-asset,open_long,0.0,-0.04644250992
2025-01-29 15:41:43,USDT,SPELLUSDT,Single-asset,close_long,0.0066447039,-0.0016445955
2025-01-29 15:41:43,USDT,SPELLUSDT,Single-asset,close_long,0.809510977896,-0.19601734176
2025-01-29 15:41:43,USDT,SPELLUSDT,Single-asset,close_long,0.903542709176,-0.21878645856
2025-01-29 15:41:43,USDT,SPELLUSDT,Single-asset,close_long,0.9409768,-0.22302
2025-01-29 15:41:43,USDT,SPELLUSDT,Single-asset,close_long,0.7129246635,-0.165461865
2025-01-29 15:41:43,USDT,SPELLUSDT,Single-asset,close_long,0.917880372224,-0.20869780992
2025-01-29 15:41:33,USDT,SPELLUSDT,Single-asset,open_long,0.0,-0.59271287868
2025-01-29 15:41:33,USDT,SPELLUSDT,Single-asset,open_long,0.0,-0.20221361628
2025-01-29 15:41:33,USDT,SPELLUSDT,Single-asset,open_long,0.0,-0.16674411936
2025-01-29 15:41:33,USDT,SPELLUSDT,Single-asset,open_long,0.0,-0.049382568
2025-01-29 15:40:26,USDT,SPELLUSDT,Single-asset,close_long,0.2809017,-0.05506560378
2025-01-29 15:40:26,USDT,SPELLUSDT,Single-asset,close_long,0.6111924,-0.11775359232
2025-01-29 15:40:26,USDT,SPELLUSDT,Single-asset,close_long,0.995389,-0.188533425
2025-01-29 15:40:26,USDT,SPELLUSDT,Single-asset,close_long,0.339588,-0.06325166088
2025-01-29 15:40:26,USDT,SPELLUSDT,Single-asset,close_long,0.2032856,-0.03664649184
2025-01-29 15:40:26,USDT,SPELLUSDT,Single-asset,close_long,1.0543715,-0.18132918846
2025-01-29 15:40:00,USDT,SPELLUSDT,Single-asset,open_long,0.0,-0.008828133
2025-01-29 15:40:00,USDT,SPELLUSDT,Single-asset,open_long,0.0,-0.02600316828
2025-01-29 15:40:00,USDT,SPELLUSDT,Single-asset,open_long,0.0,-0.0260072528
2025-01-29 15:40:00,USDT,SPELLUSDT,Single-asset,open_long,0.0,-0.02600019772
2025-01-29 15:40:00,USDT,SPELLUSDT,Single-asset,open_long,0.0,-0.01101595044
2025-01-29 15:39:50,USDT,SPELLUSDT,Single-asset,open_long,0.0,-0.03049242708
2025-01-29 15:39:50,USDT,SPELLUSDT,Single-asset,open_long,0.0,-0.03565451772
2025-01-29 15:39:49,USDT,SPELLUSDT,Single-asset,open_long,0.0,-0.02809741308
2025-01-29 15:39:49,USDT,SPELLUSDT,Single-asset,open_long,0.0,-0.021397315
2025-01-29 15:37:09,USDT,BTCUSDT,Single-asset,close_long,1.5576,-1.35358212
2025-01-29 15:19:07,USDT,BTCUSDT,Single-asset,open_long,0.0,-0.16395728
2025-01-29 15:19:04,USDT,BTCUSDT,Single-asset,open_long,0.0,-0.28692524
2025-01-29 15:15:37,USDT,SPELLUSDT,Single-asset,close_short,0.7521795,-0.05879034972
2025-01-29 15:15:37,USDT,SPELLUSDT,Single-asset,close_short,1.9476288,-0.1510987608
2025-01-29 15:15:37,USDT,SPELLUSDT,Single-asset,close_short,2.3501528,-0.18098578176
2025-01-29 15:15:37,USDT,SPELLUSDT,Single-asset,close_short,3.3992303,-0.26177546976
2025-01-29 15:15:37,USDT,SPELLUSDT,Single-asset,close_short,1.456245,-0.1113267645
2025-01-29 15:14:45,USDT,SPELLUSDT,Single-asset,open_short,0.0,-0.70012800198
2025-01-29 15:14:45,USDT,SPELLUSDT,Single-asset,open_short,0.0,-0.0697923864
2025-01-29 15:14:45,USDT,SPELLUSDT,Single-asset,close_long,-6.841739050188,-0.30361896456
2025-01-29 15:14:45,USDT,SPELLUSDT,Single-asset,close_long,-0.907933273371,-0.04080986748
2025-01-29 15:14:45,USDT,SPELLUSDT,Single-asset,close_long,-4.7091886,-0.21258
2025-01-29 15:14:45,USDT,SPELLUSDT,Single-asset,close_long,-4.6891886,-0.212592
2025-01-29 15:11:07,USDT,SPELLUSDT,Single-asset,open_long,0.0,-0.08141757312
2025-01-29 15:11:07,USDT,SPELLUSDT,Single-asset,open_long,0.0,-0.11408650344
2025-01-29 15:11:07,USDT,SPELLUSDT,Single-asset,open_long,0.0,-0.149833317
2025-01-29 15:11:07,USDT,SPELLUSDT,Single-asset,open_long,0.0,-0.434552268
2025-01-29 15:06:51,USDT,BTCUSDT,Single-asset,close_short,5.982,-1.846089
2025-01-29 15:00:35,USDT,BTCUSDT,Single-asset,open_short,0.0,-1.8496782
2025-01-29 14:55:17,USDT,,Single-asset,trans_from_exchange,154.61553699,0.0
2025-01-29 00:34:17,USDT,,Single-asset,trans_to_exchange,-154.59613133,0.0
2025-01-29 00:03:37,USDT,SPELLUSDT,Single-asset,close_short,0.3854801833,-0.207561966
2025-01-29 00:03:37,USDT,SPELLUSDT,Single-asset,close_short,1.671462843988,-0.89999986776
2025-01-29 00:01:34,USDT,SPELLUSDT,Single-asset,open_short,0.0,-0.2027964075
2025-01-29 00:01:34,USDT,SPELLUSDT,Single-asset,open_short,0.0,-0.33389048784
2025-01-29 00:01:34,USDT,SPELLUSDT,Single-asset,open_short,0.0,-0.04625959968
2025-01-29 00:01:34,USDT,SPELLUSDT,Single-asset,open_short,0.0,-0.207312
2025-01-29 00:01:34,USDT,SPELLUSDT,Single-asset,open_short,0.0,-0.06866674542
2025-01-29 00:01:34,USDT,SPELLUSDT,Single-asset,open_short,0.0,-0.24987076008
2025-01-29 00:00:54,USDT,SPELLUSDT,Single-asset,close_short,0.0851311,-0.01503270936
2025-01-29 00:00:54,USDT,SPELLUSDT,Single-asset,close_short,0.1999923,-0.03531525048
2025-01-29 00:00:54,USDT,SPELLUSDT,Single-asset,close_short,0.0357182,-0.00600100326
2025-01-29 00:00:54,USDT,SPELLUSDT,Single-asset,close_short,0.5229164,-0.08930040528
2025-01-29 00:00:54,USDT,SPELLUSDT,Single-asset,close_short,0.1535936,-0.02499591846
2025-01-29 00:00:54,USDT,SPELLUSDT,Single-asset,close_short,5.703753,-0.9000003711
2025-01-29 00:00:54,USDT,SPELLUSDT,Single-asset,close_short,0.0551562,-0.00941923224
2025-01-29 00:00:54,USDT,SPELLUSDT,Single-asset,close_short,0.1555136,-0.02530838046
2025-01-29 00:00:53,USDT,SPELLUSDT,Single-asset,close_short,0.2261188,-0.0406195134
2025-01-29 00:00:53,USDT,SPELLUSDT,Single-asset,close_short,0.08601,-0.014688252
2025-01-29 00:00:53,USDT,SPELLUSDT,Single-asset,close_short,0.067638,-0.01174398594
2025-01-29 00:00:53,USDT,SPELLUSDT,Single-asset,close_short,0.125244,-0.020707008
2025-01-29 00:00:53,USDT,SPELLUSDT,Single-asset,close_short,0.197184,-0.03159433728
2025-01-29 00:00:39,USDT,SPELLUSDT,Single-asset,open_short,0.0,-1.22929474878
2025-01-28 23:57:13,USDT,SPELLUSDT,Single-asset,close_long,0.188515,-0.04001343984
2025-01-28 23:57:13,USDT,SPELLUSDT,Single-asset,close_long,1.469754,-0.299999403
2025-01-28 23:57:13,USDT,SPELLUSDT,Single-asset,close_long,0.2494024,-0.0509068668
2025-01-28 23:57:13,USDT,SPELLUSDT,Single-asset,close_long,0.1634308,-0.03273118056
2025-01-28 23:57:13,USDT,SPELLUSDT,Single-asset,close_long,0.2541986,-0.05090974452
2025-01-28 23:57:13,USDT,SPELLUSDT,Single-asset,close_long,0.3601136,-0.06826982184
2025-01-28 23:57:13,USDT,SPELLUSDT,Single-asset,close_long,3.156482,-0.54067482
2025-01-28 23:54:05,USDT,SPELLUSDT,Single-asset,open_long,0.0,-0.36000004624
2025-01-28 23:48:53,USDT,SPELLUSDT,Single-asset,close_long,-11.85441656179,-0.1744909122
2025-01-28 23:48:53,USDT,SPELLUSDT,Single-asset,close_long,-25.16028728346,-0.3703464828
2025-01-28 23:48:53,USDT,SPELLUSDT,Single-asset,close_long,-5.11893361908,-0.07545885336
2025-01-28 23:48:53,USDT,SPELLUSDT,Single-asset,close_long,-3.98405416369,-0.05881591776
2025-01-28 23:48:53,USDT,SPELLUSDT,Single-asset,close_long,-2.68895205083,-0.03969654432
2025-01-28 23:45:52,USDT,BTCUSDT,Single-asset,close_long,-10.0212,-1.72700136
2025-01-28 23:42:44,USDT,BTCUSDT,Single-asset,open_long,0.0,-0.22694232
2025-01-28 23:42:44,USDT,BTCUSDT,Single-asset,open_long,0.0,-0.35072904
2025-01-28 23:18:12,USDT,SPELLUSDT,Single-asset,open_long,0.0,-0.2040167562
2025-01-28 23:18:12,USDT,SPELLUSDT,Single-asset,open_long,0.0,-0.09162040578
2025-01-28 23:18:12,USDT,SPELLUSDT,Single-asset,open_long,0.0,-0.0478928736
2025-01-28 23:18:12,USDT,SPELLUSDT,Single-asset,open_long,0.0,-0.21229255944
2025-01-28 23:18:12,USDT,SPELLUSDT,Single-asset,open_long,0.0,-0.19227010092
2025-01-28 23:17:50,USDT,,Single-asset,trans_from_exchange,114.03701313,0.0
2025-01-28 22:46:44,USDT,BTCUSDT,Single-asset,close_short,2.6232,-0.73575936
2025-01-28 22:46:21,USDT,BTCUSDT,Single-asset,open_short,0.0,-0.24577776
2025-01-28 22:45:22,USDT,BTCUSDT,Single-asset,close_short,-1.2166,-0.6752493
2025-01-28 22:45:01,USDT,BTCUSDT,Single-asset,open_short,0.0,-0.67451934
2025-01-28 21:48:13,USDT,SPELLUSDT,Single-asset,close_long,0.2630355,-0.0253866834
2025-01-28 21:48:13,USDT,SPELLUSDT,Single-asset,close_long,3.2615028,-0.30609203778
2025-01-28 21:48:13,USDT,SPELLUSDT,Single-asset,close_long,1.8993795,-0.1766318382
2025-01-28 21:48:13,USDT,SPELLUSDT,Single-asset,close_long,0.134919,-0.0119999799
2025-01-28 21:48:13,USDT,SPELLUSDT,Single-asset,close_long,0.0465576,-0.00414093096
2025-01-28 21:46:24,USDT,SPELLUSDT,Single-asset,open_long,0.0,-0.0860194323
2025-01-28 21:46:24,USDT,SPELLUSDT,Single-asset,open_long,0.0,-0.0876099789
2025-01-28 21:45:53,USDT,SPELLUSDT,Single-asset,close_long,2.2816866,-0.13831144326
2025-01-28 21:45:53,USDT,SPELLUSDT,Single-asset,close_long,0.197955,-0.0119996505
2025-01-28 21:45:53,USDT,SPELLUSDT,Single-asset,close_long,0.068309,-0.0041407599
2025-01-28 21:45:53,USDT,SPELLUSDT,Single-asset,close_long,3.2364854,-0.19618950594
2025-01-28 21:45:53,USDT,SPELLUSDT,Single-asset,close_long,2.2100064,-0.13238727624
2025-01-28 21:44:58,USDT,SPELLUSDT,Single-asset,open_long,0.0,-0.0351547776
2025-01-28 21:44:58,USDT,SPELLUSDT,Single-asset,open_long,0.0,-0.0842557626
2025-01-28 21:44:58,USDT,SPELLUSDT,Single-asset,open_long,0.0,-0.0400001166
2025-01-28 13:58:35,USDT,BTCUSDT,Single-asset,close_short,-0.8576,-0.98823936
2025-01-28 13:57:34,USDT,BTCUSDT,Single-asset,open_short,0.0,-0.8025264
2025-01-28 13:57:34,USDT,BTCUSDT,Single-asset,open_short,0.0,-0.1851984
2025-01-28 13:57:34,USDT,BTCUSDT,Single-asset,close_long,-4.8336,-0.9877248
2025-01-28 13:37:56,USDT,BTCUSDT,Single-asset,open_long,0.0,-0.3095703
2025-01-28 13:37:56,USDT,BTCUSDT,Single-asset,open_long,0.0,-0.02063802
2025-01-28 13:15:23,USDT,BTCUSDT,Single-asset,close_long,-3.087,-1.11135672
2025-01-28 13:10:36,USDT,BTCUSDT,Single-asset,open_long,0.0,-0.37106964
2025-01-28 13:05:17,USDT,BTCUSDT,Single-asset,close_short,-1.7028,-0.74181744
2025-01-28 12:53:57,USDT,BTCUSDT,Single-asset,open_short,0.0,-0.22635426
2025-01-28 12:53:56,USDT,BTCUSDT,Single-asset,open_short,0.0,-0.02057766
2025-01-28 00:37:49,USDT,,Single-asset,trans_from_exchange,98.67087378,0.0
2025-01-28 00:15:48,USDT,,Single-asset,trans_to_exchange,-189.67034725,0.0
2025-01-28 00:10:32,USDT,BTCUSDT,Single-asset,close_short,-6.33,-1.8190818
2025-01-28 00:09:45,USDT,BTCUSDT,Single-asset,open_short,0.0,-0.02016982
2025-01-28 00:09:45,USDT,BTCUSDT,Single-asset,open_short,0.0,-0.02016982
2025-01-28 00:09:45,USDT,BTCUSDT,Single-asset,open_short,0.0,-0.02016982
2025-01-28 00:09:45,USDT,BTCUSDT,Single-asset,open_short,0.0,-0.02016982
2025-01-28 00:09:45,USDT,BTCUSDT,Single-asset,open_short,0.0,-0.02016982
2025-01-28 00:09:45,USDT,BTCUSDT,Single-asset,open_short,0.0,-0.02016982
2025-01-28 00:09:45,USDT,BTCUSDT,Single-asset,open_short,0.0,-0.02016982
2025-01-28 00:09:45,USDT,BTCUSDT,Single-asset,open_short,0.0,-0.02016982
2025-01-28 00:09:45,USDT,BTCUSDT,Single-asset,open_short,0.0,-0.02016982
2025-01-28 00:09:45,USDT,BTCUSDT,Single-asset,open_short,0.0,-0.02016982
2025-01-28 00:09:45,USDT,BTCUSDT,Single-asset,open_short,0.0,-0.2016982
2025-01-28 00:09:43,USDT,BTCUSDT,Single-asset,open_short,0.0,-0.18152838
2025-01-28 00:09:42,USDT,BTCUSDT,Single-asset,open_short,0.0,-0.02016982
2025-01-27 23:48:19,USDT,BTCUSDT,Single-asset,close_long,-9.3181,-2.61311172
2025-01-27 23:38:34,USDT,BTCUSDT,Single-asset,open_long,0.0,-0.87290086
2025-01-27 23:37:52,USDT,BTCUSDT,Single-asset,close_short,3.216,-1.8271062
2025-01-27 23:37:26,USDT,BTCUSDT,Single-asset,open_short,0.0,-1.8290358
2025-01-27 22:58:35,USDT,BTCUSDT,Single-asset,close_long,6.87,-1.839168
2025-01-27 22:54:35,USDT,BTCUSDT,Single-asset,open_long,0.0,-1.835046
2025-01-27 22:50:34,USDT,BTCUSDT,Single-asset,close_long,5.8275,-1.528548
2025-01-27 22:48:48,USDT,BTCUSDT,Single-asset,open_long,0.0,-1.5250515
2025-01-27 22:46:53,USDT,BTCUSDT,Single-asset,close_long,6.54,-1.519302
2025-01-27 22:38:56,USDT,BTCUSDT,Single-asset,open_long,0.0,-1.515378
2025-01-27 22:38:56,USDT,BTCUSDT,Single-asset,close_short,-12.07,-1.515378
2025-01-27 22:30:11,USDT,BTCUSDT,Single-asset,open_short,0.0,-0.502712
2025-01-27 16:51:15,USDT,VINEUSDT,Single-asset,close_short,0.47424,-0.103869504
2025-01-27 16:51:15,USDT,VINEUSDT,Single-asset,close_short,0.35155,-0.07602024
2025-01-27 16:51:15,USDT,VINEUSDT,Single-asset,close_short,0.79869,-0.172711152
2025-01-27 16:51:15,USDT,VINEUSDT,Single-asset,close_short,0.588,-0.12555711
2025-01-27 16:51:15,USDT,VINEUSDT,Single-asset,close_short,0.70551,-0.14878422
2025-01-27 16:36:55,USDT,VINEUSDT,Single-asset,open_short,0.0,-0.20956434
2025-01-27 16:29:38,USDT,VINEUSDT,Single-asset,close_short,-4.64460558953,-0.09016074
2025-01-27 16:29:38,USDT,VINEUSDT,Single-asset,close_short,-2.608571119405,-0.050691756
2025-01-27 16:29:38,USDT,VINEUSDT,Single-asset,close_short,-0.369664103445,-0.007191318
2025-01-27 16:29:38,USDT,VINEUSDT,Single-asset,close_short,-4.998439692975,-0.09734256
2025-01-27 16:29:38,USDT,VINEUSDT,Single-asset,close_short,-1.155349496205,-0.022621698
2025-01-27 16:14:53,USDT,,Single-asset,trans_from_exchange,134.9718075,0.0
2025-01-27 16:13:42,USDT,VINEUSDT,Single-asset,open_short,0.0,-0.092969214
2025-01-27 16:13:42,USDT,VINEUSDT,Single-asset,open_short,0.0,-0.03926538
2025-01-27 16:13:42,USDT,VINEUSDT,Single-asset,open_short,0.0,-0.1275075
2025-01-27 14:31:12,USDT,BTCUSDT,Single-asset,close_short,5.7024,-1.3156176
2025-01-27 14:28:17,USDT,BTCUSDT,Single-asset,open_short,0.0,-0.43967968
2025-01-27 14:23:13,USDT,BTCUSDT,Single-asset,close_short,3.2054,-1.31633172
2025-01-27 14:20:56,USDT,BTCUSDT,Single-asset,open_short,0.0,-1.31825496
2025-01-27 14:15:09,USDT,BTCUSDT,Single-asset,close_long,-6.2675,-1.38187542
2025-01-27 14:08:10,USDT,BTCUSDT,Single-asset,open_long,0.0,-0.14057176
2025-01-27 14:08:10,USDT,BTCUSDT,Single-asset,open_long,0.0,-0.32130688
2025-01-27 14:05:45,USDT,VINEUSDT,Single-asset,close_long,0.276393266926,-0.057710772
2025-01-27 14:05:45,USDT,VINEUSDT,Single-asset,close_long,0.954500971496,-0.199299312
2025-01-27 14:05:45,USDT,VINEUSDT,Single-asset,close_long,0.763085758687,-0.159331914
2025-01-27 13:59:59,USDT,VINEUSDT,Single-asset,open_long,0.0,-0.229331118
2025-01-27 13:59:59,USDT,VINEUSDT,Single-asset,open_long,0.0,-0.006077364
2025-01-27 13:59:59,USDT,VINEUSDT,Single-asset,open_long,0.0,-0.02859744
2025-01-27 13:59:59,USDT,VINEUSDT,Single-asset,open_long,0.0,-0.006076548
2025-01-27 13:59:59,USDT,VINEUSDT,Single-asset,open_long,0.0,-0.057006576
2025-01-27 13:59:59,USDT,VINEUSDT,Single-asset,open_long,0.0,-0.064150428
2025-01-27 13:59:59,USDT,VINEUSDT,Single-asset,open_long,0.0,-0.023906136
2025-01-27 13:52:58,USDT,VINEUSDT,Single-asset,close_short,0.231620278842,-0.063745698
2025-01-27 13:52:58,USDT,VINEUSDT,Single-asset,close_short,0.373771750858,-0.101260104
2025-01-27 13:52:58,USDT,VINEUSDT,Single-asset,close_short,0.257462576028,-0.065644992
2025-01-27 13:52:58,USDT,VINEUSDT,Single-asset,close_short,1.125995389156,-0.278885112
2025-01-27 13:51:12,USDT,VINEUSDT,Single-asset,open_short,0.0,-0.01758006
2025-01-27 13:51:12,USDT,VINEUSDT,Single-asset,open_short,0.0,-0.095040036
2025-01-27 13:51:12,USDT,VINEUSDT,Single-asset,open_short,0.0,-0.026458032
2025-01-27 13:51:12,USDT,VINEUSDT,Single-asset,open_short,0.0,-0.204186456
2025-01-27 13:51:12,USDT,VINEUSDT,Single-asset,open_short,0.0,-0.060577056
2025-01-27 13:51:12,USDT,VINEUSDT,Single-asset,open_short,0.0,-0.106887576
2025-01-27 13:51:12,USDT,VINEUSDT,Single-asset,close_long,-17.4627700029,-0.51069204
2025-01-27 13:45:36,USDT,VINEUSDT,Single-asset,open_long,0.0,-0.097166892
2025-01-27 13:45:36,USDT,VINEUSDT,Single-asset,open_long,0.0,-0.0390786
2025-01-27 13:45:36,USDT,VINEUSDT,Single-asset,open_long,0.0,-0.08206506
2025-01-27 13:45:36,USDT,VINEUSDT,Single-asset,open_long,0.0,-0.19397196
2025-01-27 13:45:36,USDT,VINEUSDT,Single-asset,open_long,0.0,-0.10888719
2025-01-27 13:36:50,USDT,SPELLUSDT,Single-asset,close_long,-1.7001972,-0.09923150952
2025-01-27 13:36:50,USDT,SPELLUSDT,Single-asset,close_long,-18.2183096,-1.07037363192
2025-01-27 13:31:46,USDT,SPELLUSDT,Single-asset,open_long,0.0,-0.39385208184
2025-01-27 13:20:31,USDT,,Single-asset,trans_from_exchange,134.97180749,0.0
2025-01-26 20:02:21,USDT,,Single-asset,trans_to_exchange,-48.90688932,0.0
2025-01-26 20:01:08,USDT,TRUMPUSDT,Single-asset,close_short,-0.9801,-0.05924754
2025-01-26 20:00:07,USDT,TRUMPUSDT,Single-asset,contract_margin_settle_fee,0.00489634821,0.0
2025-01-26 19:58:20,USDT,TRUMPUSDT,Single-asset,open_short,0.0,-0.05865948
2025-01-26 19:56:39,USDT,,Single-asset,trans_from_exchange,50.0,0.0
2025-01-26 19:14:47,USDT,,Single-asset,trans_to_exchange,-161.63444369,0.0
2025-01-26 19:03:05,USDT,VINEUSDT,Single-asset,close_short,3.607247602539,-0.32017923
2025-01-26 19:03:05,USDT,VINEUSDT,Single-asset,close_short,0.010986266372,-0.000967992
2025-01-26 19:03:05,USDT,VINEUSDT,Single-asset,close_short,0.671929115506,-0.05855916
2025-01-26 19:03:05,USDT,VINEUSDT,Single-asset,close_short,0.048221632081,-0.004113048
2025-01-26 19:03:05,USDT,VINEUSDT,Single-asset,close_short,0.011946266372,-0.000967416
2025-01-26 19:03:05,USDT,VINEUSDT,Single-asset,close_short,0.722749115506,-0.058528668
2025-01-26 18:55:11,USDT,VINEUSDT,Single-asset,open_short,0.0,-0.11694528
2025-01-26 18:55:11,USDT,VINEUSDT,Single-asset,open_short,0.0,-0.192720822
2025-01-26 18:55:11,USDT,VINEUSDT,Single-asset,open_short,0.0,-0.13669326
2025-01-26 18:50:49,USDT,,Single-asset,trans_from_exchange,157.45103856,0.0
2025-01-26 18:35:19,USDT,,Single-asset,trans_to_exchange,-72.49135015,0.0
2025-01-26 18:30:13,USDT,VINEUSDT,Single-asset,close_short,-3.381120000272,-0.236494188
2025-01-26 18:25:10,USDT,VINEUSDT,Single-asset,open_short,0.0,-0.053990064
2025-01-26 18:25:10,USDT,VINEUSDT,Single-asset,open_short,0.0,-0.180475452
2025-01-26 18:24:48,USDT,,Single-asset,trans_from_exchange,76.34342986,0.0
2025-01-26 10:18:04,USDT,,Single-asset,trans_to_exchange,-291.32204033,0.0
2025-01-26 09:37:47,USDT,JUPUSDT,Single-asset,close_long,-9.82654765955,-0.72050964
2025-01-26 09:37:47,USDT,JUPUSDT,Single-asset,close_long,-3.242300826825,-0.23773446
2025-01-26 09:37:47,USDT,JUPUSDT,Single-asset,close_long,-6.722217080675,-0.49289154
2025-01-26 09:37:47,USDT,JUPUSDT,Single-asset,close_long,-18.9125344375,-1.4052
2025-01-26 09:27:48,USDT,JUPUSDT,Single-asset,open_long,0.0,-0.2278134
2025-01-26 09:27:48,USDT,JUPUSDT,Single-asset,open_long,0.0,-1.4166
2025-01-26 09:27:48,USDT,JUPUSDT,Single-asset,open_long,0.0,-0.07308882
2025-01-26 09:27:48,USDT,JUPUSDT,Single-asset,open_long,0.0,-0.66629808
2025-01-26 09:27:48,USDT,JUPUSDT,Single-asset,open_long,0.0,-0.4957575
2025-01-26 09:17:57,USDT,JUPUSDT,Single-asset,close_long,-6.1165,-0.52942542
2025-01-26 09:17:57,USDT,JUPUSDT,Single-asset,close_long,-3.1785,-0.27512118
2025-01-26 09:17:57,USDT,JUPUSDT,Single-asset,close_long,-2.275,-0.196917
2025-01-26 09:17:57,USDT,JUPUSDT,Single-asset,close_long,-7.0395,-0.60931746
2025-01-26 09:17:57,USDT,JUPUSDT,Single-asset,close_long,-2.1632,-0.19018584
2025-01-26 09:17:57,USDT,JUPUSDT,Single-asset,close_long,-2.9952,-0.26333424
2025-01-26 09:17:57,USDT,JUPUSDT,Single-asset,close_long,-3.52,-0.309474
2025-01-26 09:17:57,USDT,JUPUSDT,Single-asset,close_long,-2.7008,-0.23745096
2025-01-26 09:17:57,USDT,JUPUSDT,Single-asset,close_long,-0.384,-0.0337608
2025-01-26 09:17:57,USDT,JUPUSDT,Single-asset,close_long,-0.1197,-0.01069206
2025-01-26 09:17:57,USDT,JUPUSDT,Single-asset,close_long,-6.2,-0.5628
2025-01-26 09:17:57,USDT,JUPUSDT,Single-asset,close_long,-0.2418,-0.0219492
2025-01-26 09:08:56,USDT,JUPUSDT,Single-asset,open_long,0.0,-0.21508876
2025-01-26 09:08:56,USDT,JUPUSDT,Single-asset,open_long,0.0,-0.75536
2025-01-26 09:08:56,USDT,JUPUSDT,Single-asset,open_long,0.0,-0.01491836
2025-01-26 09:08:56,USDT,JUPUSDT,Single-asset,open_long,0.0,-0.02209428
2025-01-26 09:08:56,USDT,JUPUSDT,Single-asset,open_long,0.0,-0.08006816
2025-01-26 09:05:09,USDT,,Single-asset,trans_from_exchange,377.02369149,0.0
2025-01-26 08:57:15,USDT,,Single-asset,trans_to_exchange,-377.02369149,0.0
2025-01-26 00:38:02,USDT,,Single-asset,trans_from_exchange,377.02369149,0.0
2025-01-25 23:35:09,USDT,,Single-asset,trans_to_exchange,-377.02369149,0.0
2025-01-25 20:07:47,USDT,,Single-asset,trans_from_exchange,369.45901875,0.0
2025-01-23 12:56:51,USDT,BTCUSDT,Single-asset,close_long,0.3352,-0.24493464
2025-01-23 12:36:27,USDT,BTCUSDT,Single-asset,open_long,0.0,-0.08157784
2025-01-23 12:21:15,USDT,BTCUSDT,Single-asset,close_long,-1.6744,-0.24445224
2025-01-23 12:06:39,USDT,BTCUSDT,Single-asset,open_long,0.0,-0.24545688
2025-01-23 11:11:33,USDT,,Single-asset,trans_from_exchange,0.81485583,0.0
2025-01-23 11:07:21,USDT,SOLUSDT,Single-asset,close_long,0.5864,-0.11975856
2025-01-23 10:26:16,USDT,SOLUSDT,Single-asset,open_long,0.0,-0.11940672
2025-01-21 22:48:40,USDT,BTCUSDT,Single-asset,close_long,1.4912,-0.2499192
2025-01-21 22:45:24,USDT,BTCUSDT,Single-asset,open_long,0.0,-0.24902448
2025-01-21 22:40:48,USDT,BTCUSDT,Single-asset,close_long,-1.959,-0.37181088
2025-01-21 22:39:05,USDT,BTCUSDT,Single-asset,open_long,0.0,-0.37298628
2025-01-21 22:26:47,USDT,MELANIAUSDT,Single-asset,close_long,0.236,-0.02976432
2025-01-21 22:22:26,USDT,MELANIAUSDT,Single-asset,open_long,0.0,-0.00987424
2025-01-21 21:57:19,USDT,DOGEUSDT,Single-asset,close_long,0.11528,-0.11595072
2025-01-21 21:57:19,USDT,DOGEUSDT,Single-asset,close_long,0.11151,-0.09140103
2025-01-21 21:46:57,USDT,DOGEUSDT,Single-asset,open_long,0.0,-0.069071892
2025-01-21 21:18:35,USDT,,Single-asset,trans_from_exchange,0.80038833,0.0
2025-01-21 21:18:14,USDT,BTCUSDT,Single-asset,close_short,-1.4241,-0.18882
2025-01-21 20:43:03,USDT,BTCUSDT,Single-asset,open_short,0.0,-0.18796554
2025-01-21 00:59:29,USDT,MELANIAUSDT,Single-asset,close_long,0.288799999996,-0.02541456
2025-01-21 00:50:46,USDT,MELANIAUSDT,Single-asset,open_long,0.0,-0.0104808
2025-01-21 00:50:46,USDT,MELANIAUSDT,Single-asset,open_long,0.0,-0.00857196
2025-01-21 00:50:46,USDT,MELANIAUSDT,Single-asset,open_long,0.0,-0.00618852
2025-01-21 00:41:47,USDT,MELANIAUSDT,Single-asset,close_long,0.488599999997,-0.02509416
2025-01-21 00:38:00,USDT,MELANIAUSDT,Single-asset,open_long,0.0,-0.000954
2025-01-21 00:38:00,USDT,MELANIAUSDT,Single-asset,open_long,0.0,-0.023847
2025-01-20 23:25:55,USDT,BTCUSDT,Single-asset,close_long,0.7505,-0.3202776
2025-01-20 23:21:09,USDT,BTCUSDT,Single-asset,open_long,0.0,-0.04264364
2025-01-20 23:21:09,USDT,BTCUSDT,Single-asset,open_long,0.0,-0.06396546
2025-01-20 23:18:38,USDT,,Single-asset,trans_from_exchange,2.1669485,0.0
2025-01-20 19:55:23,USDT,ETHUSDT,Single-asset,close_long,0.1878,-0.12146436
2025-01-20 19:22:49,USDT,ETHUSDT,Single-asset,open_long,0.0,-0.12135168
2025-01-20 19:02:28,USDT,BTCUSDT,Single-asset,close_long,0.696,-0.25942752
2025-01-20 18:59:14,USDT,BTCUSDT,Single-asset,open_long,0.0,-0.25900992
2025-01-20 17:48:31,USDT,BTCUSDT,Single-asset,close_long,-0.2072,-0.25925952
2025-01-20 17:47:47,USDT,BTCUSDT,Single-asset,open_long,0.0,-0.02161532
2025-01-20 17:47:47,USDT,BTCUSDT,Single-asset,open_long,0.0,-0.04323064
2025-01-20 17:47:47,USDT,BTCUSDT,Single-asset,open_long,0.0,-0.02161532
2025-01-20 17:03:21,USDT,MELANIAUSDT,Single-asset,close_long,0.708,-0.02694
2025-01-20 16:59:46,USDT,MELANIAUSDT,Single-asset,open_long,0.0,-0.0088384
2025-01-20 16:51:00,USDT,MELANIAUSDT,Single-asset,close_short,-0.171400000002,-0.01946448
2025-01-20 16:49:13,USDT,MELANIAUSDT,Single-asset,open_short,0.0,-0.01175448
2025-01-20 16:49:13,USDT,MELANIAUSDT,Single-asset,open_short,0.0,-0.00760716
2025-01-20 16:49:13,USDT,MELANIAUSDT,Single-asset,close_long,-0.9352,-0.01938216
2025-01-20 16:25:02,USDT,MELANIAUSDT,Single-asset,open_long,0.0,-0.01994328
2025-01-20 16:18:07,USDT,MELANIAUSDT,Single-asset,close_long,-1.5279,-0.02392632
2025-01-20 16:00:26,USDT,MELANIAUSDT,Single-asset,open_long,0.0,-0.00828102
2025-01-20 15:54:28,USDT,MELANIAUSDT,Single-asset,close_long,0.361399999997,-0.0183375
2025-01-20 15:15:52,USDT,,Single-asset,trans_from_exchange,4.61524044,0.0
2025-01-20 15:12:49,USDT,MELANIAUSDT,Single-asset,open_long,0.0,-0.00579936
2025-01-20 15:12:49,USDT,MELANIAUSDT,Single-asset,open_long,0.0,-0.0065232
2025-01-20 15:12:49,USDT,MELANIAUSDT,Single-asset,open_long,0.0,-0.0007248
2025-01-20 15:12:49,USDT,MELANIAUSDT,Single-asset,open_long,0.0,-0.0014496
2025-01-20 15:12:49,USDT,MELANIAUSDT,Single-asset,open_long,0.0,-0.0036237
2025-01-20 15:11:04,USDT,MELANIAUSDT,Single-asset,close_long,-1.7797,-0.02493504
2025-01-20 15:10:18,USDT,MELANIAUSDT,Single-asset,open_long,0.0,-0.00866762
2025-01-20 15:06:32,USDT,MELANIAUSDT,Single-asset,close_long,2.6064,-0.0243648
2025-01-20 14:31:52,USDT,,Single-asset,trans_to_exchange,-4.36976044,0.0
2025-01-20 13:21:49,USDT,MELANIAUSDT,Single-asset,open_long,0.0,-0.02280096
2025-01-20 13:20:21,USDT,,Single-asset,trans_from_exchange,9.1427614,0.0
2025-01-20 13:02:25,USDT,,Single-asset,trans_to_exchange,-8.4884796,0.0
2025-01-20 11:10:00,USDT,SOLUSDT,Single-asset,close_long,1.398699999999,-0.09887304
2025-01-20 11:05:24,USDT,SOLUSDT,Single-asset,open_long,0.0,-0.0840294
2025-01-20 11:05:24,USDT,SOLUSDT,Single-asset,open_long,0.0,-0.01400442
2025-01-19 23:12:29,USDT,SOLUSDT,Single-asset,close_long,0.2336,-0.06424632
2025-01-19 23:06:26,USDT,SOLUSDT,Single-asset,open_long,0.0,-0.06410616
2025-01-19 19:07:10,USDT,SOLUSDT,Single-asset,risk_captital_user_transfer,-1.14309052,0.0
2025-01-19 19:07:08,USDT,SOLUSDT,Single-asset,burst_close_short,-4.9775,-0.19237548
2025-01-19 18:52:07,USDT,SOLUSDT,Single-asset,open_short,0.0,-0.18938898
2025-01-19 17:24:55,USDT,TRUMPUSDT,Single-asset,close_long,-0.2817,-0.0415044
2025-01-19 17:24:20,USDT,TRUMPUSDT,Single-asset,open_long,0.0,-0.04167342
2025-01-19 17:24:03,USDT,TRUMPUSDT,Single-asset,risk_captital_user_transfer,-0.00044448,0.0
2025-01-19 17:24:03,USDT,TRUMPUSDT,Single-asset,burst_close_long,-25.0838,-0.10005552
2025-01-19 17:18:57,USDT,TRUMPUSDT,Single-asset,adjust_margin_ifm,5.0,0.0
2025-01-19 17:18:34,USDT,TRUMPUSDT,Single-asset,adjust_margin_ifm,1.0,0.0
2025-01-19 17:16:15,USDT,TRUMPUSDT,Single-asset,open_long,0.0,-0.1151058
2025-01-19 17:12:14,USDT,TRUMPUSDT,Single-asset,close_long,4.48607999998,-0.10090224
2025-01-19 17:12:14,USDT,TRUMPUSDT,Single-asset,close_long,0.187419999999,-0.00420456
2025-01-19 17:09:07,USDT,TRUMPUSDT,Single-asset,open_long,0.0,-0.00409374
2025-01-19 17:09:07,USDT,TRUMPUSDT,Single-asset,open_long,0.0,-0.00409368
2025-01-19 17:09:07,USDT,TRUMPUSDT,Single-asset,open_long,0.0,-0.0040935
2025-01-19 17:09:07,USDT,TRUMPUSDT,Single-asset,open_long,0.0,-0.0040935
2025-01-19 17:09:07,USDT,TRUMPUSDT,Single-asset,open_long,0.0,-0.00409284
2025-01-19 17:09:07,USDT,TRUMPUSDT,Single-asset,open_long,0.0,-0.00409254
2025-01-19 17:09:07,USDT,TRUMPUSDT,Single-asset,open_long,0.0,-0.0040923
2025-01-19 17:09:07,USDT,TRUMPUSDT,Single-asset,open_long,0.0,-0.00409218
2025-01-19 17:09:07,USDT,TRUMPUSDT,Single-asset,open_long,0.0,-0.00409212
2025-01-19 17:09:07,USDT,TRUMPUSDT,Single-asset,open_long,0.0,-0.00409212
2025-01-19 17:09:07,USDT,TRUMPUSDT,Single-asset,open_long,0.0,-0.00409206
2025-01-19 17:09:07,USDT,TRUMPUSDT,Single-asset,open_long,0.0,-0.004092
2025-01-19 17:09:07,USDT,TRUMPUSDT,Single-asset,open_long,0.0,-0.004092
2025-01-19 17:09:07,USDT,TRUMPUSDT,Single-asset,open_long,0.0,-0.004092
2025-01-19 17:09:07,USDT,TRUMPUSDT,Single-asset,open_long,0.0,-0.00409194
2025-01-19 17:09:07,USDT,TRUMPUSDT,Single-asset,open_long,0.0,-0.00409164
2025-01-19 17:09:07,USDT,TRUMPUSDT,Single-asset,open_long,0.0,-0.00409164
2025-01-19 17:09:07,USDT,TRUMPUSDT,Single-asset,open_long,0.0,-0.00409158
2025-01-19 17:09:07,USDT,TRUMPUSDT,Single-asset,open_long,0.0,-0.00409152
2025-01-19 17:09:07,USDT,TRUMPUSDT,Single-asset,open_long,0.0,-0.00409152
2025-01-19 17:09:07,USDT,TRUMPUSDT,Single-asset,open_long,0.0,-0.0040914
2025-01-19 17:09:07,USDT,TRUMPUSDT,Single-asset,open_long,0.0,-0.00409128
2025-01-19 17:09:07,USDT,TRUMPUSDT,Single-asset,open_long,0.0,-0.00409122
2025-01-19 17:09:07,USDT,TRUMPUSDT,Single-asset,open_long,0.0,-0.00409122
2025-01-19 17:09:07,USDT,TRUMPUSDT,Single-asset,open_long,0.0,-0.00409116
2025-01-19 16:59:18,USDT,TRUMPUSDT,Single-asset,close_long,3.1504,-0.16001304
2025-01-19 16:58:38,USDT,TRUMPUSDT,Single-asset,open_long,0.0,-0.1581228
2025-01-19 16:58:06,USDT,TRUMPUSDT,Single-asset,close_long,-23.5928,-0.15229632
2025-01-19 16:56:08,USDT,TRUMPUSDT,Single-asset,open_long,0.0,-0.166452
2025-01-19 16:50:21,USDT,TRUMPUSDT,Single-asset,close_long,8.3559,-0.08641962
2025-01-19 16:48:56,USDT,TRUMPUSDT,Single-asset,open_long,0.0,-0.08140608
2025-01-19 16:45:05,USDT,,Single-asset,trans_from_exchange,47.7731969,0.0
2025-01-19 16:24:44,USDT,,Single-asset,trans_to_exchange,-44.7901874,0.0
2025-01-19 15:31:07,USDT,BTCUSDT,Single-asset,close_short,1.4751,-0.56816316
2025-01-19 14:50:16,USDT,BTCUSDT,Single-asset,open_short,0.0,-0.56904822
2025-01-19 13:16:12,USDT,SOLUSDT,Single-asset,close_short,-0.291112941177,-0.14501538
2025-01-19 13:16:12,USDT,SOLUSDT,Single-asset,close_short,-0.808647058825,-0.4028205
2025-01-19 13:16:12,USDT,SOLUSDT,Single-asset,close_short,-0.032345882353,-0.01611282
2025-01-19 13:16:12,USDT,SOLUSDT,Single-asset,close_short,-0.032145882353,-0.0161127
2025-01-19 13:16:12,USDT,SOLUSDT,Single-asset,close_short,-0.897284705884,-0.45115392
2025-01-19 13:16:12,USDT,SOLUSDT,Single-asset,close_short,-0.670863529413,-0.33836418
2025-01-19 13:16:00,USDT,SOLUSDT,Single-asset,open_short,0.0,-0.20921238
2025-01-19 13:16:00,USDT,SOLUSDT,Single-asset,open_short,0.0,-1.15872768
2025-01-19 11:21:01,USDT,SOLUSDT,Single-asset,close_long,1.12908679245,-0.1830312
2025-01-19 11:21:01,USDT,SOLUSDT,Single-asset,close_long,3.911013207537,-0.62538858
2025-01-19 11:15:01,USDT,SOLUSDT,Single-asset,open_long,0.0,-0.19756308
2025-01-19 11:15:01,USDT,SOLUSDT,Single-asset,open_long,0.0,-0.0911826
2025-01-19 11:15:01,USDT,SOLUSDT,Single-asset,open_long,0.0,-0.01519668
2025-01-19 11:15:01,USDT,SOLUSDT,Single-asset,open_long,0.0,-0.01519608
2025-01-19 11:15:01,USDT,SOLUSDT,Single-asset,open_long,0.0,-0.01519554
2025-01-19 11:15:01,USDT,SOLUSDT,Single-asset,open_long,0.0,-0.47106174
2025-01-19 10:44:25,USDT,SOLUSDT,Single-asset,close_long,-1.947100000011,-1.4683314
2025-01-19 10:44:07,USDT,SOLUSDT,Single-asset,open_long,0.0,-0.04640598
2025-01-19 10:44:07,USDT,SOLUSDT,Single-asset,open_long,0.0,-0.80436408
2025-01-19 10:44:07,USDT,SOLUSDT,Single-asset,open_long,0.0,-0.27842832
2025-01-19 10:44:07,USDT,SOLUSDT,Single-asset,open_long,0.0,-0.34030128
2025-01-19 10:36:30,USDT,SOLUSDT,Single-asset,close_long,-0.202776271187,-0.03081492
2025-01-19 10:36:30,USDT,SOLUSDT,Single-asset,close_long,-2.940255932206,-0.44681634
2025-01-19 10:36:30,USDT,SOLUSDT,Single-asset,close_long,-0.91249322034,-0.13866714
2025-01-19 10:36:30,USDT,SOLUSDT,Single-asset,close_long,-1.926374576273,-0.29274174
2025-01-19 10:14:11,USDT,SOLUSDT,Single-asset,open_long,0.0,-0.55686528
2025-01-19 10:14:11,USDT,SOLUSDT,Single-asset,open_long,0.0,-0.015468
2025-01-19 10:14:11,USDT,SOLUSDT,Single-asset,open_long,0.0,-0.07734
2025-01-19 10:14:11,USDT,SOLUSDT,Single-asset,open_long,0.0,-0.015468
2025-01-19 10:14:11,USDT,SOLUSDT,Single-asset,open_long,0.0,-0.23202
2025-01-19 10:14:11,USDT,SOLUSDT,Single-asset,open_long,0.0,-0.015468
2025-01-19 01:31:23,USDT,TRUMPUSDT,Single-asset,close_long,-1.134,-0.02937924
2025-01-19 01:31:23,USDT,TRUMPUSDT,Single-asset,close_long,-2.331,-0.06039066
2025-01-19 01:27:08,USDT,TRUMPUSDT,Single-asset,open_long,0.0,-0.0751491
2025-01-19 01:27:08,USDT,TRUMPUSDT,Single-asset,open_long,0.0,-0.00166998
2025-01-19 01:27:08,USDT,TRUMPUSDT,Single-asset,open_long,0.0,-0.00166998
2025-01-19 01:27:08,USDT,TRUMPUSDT,Single-asset,open_long,0.0,-0.00166998
2025-01-19 01:27:08,USDT,TRUMPUSDT,Single-asset,open_long,0.0,-0.00166998
2025-01-19 01:27:08,USDT,TRUMPUSDT,Single-asset,open_long,0.0,-0.01001988
2025-01-19 01:23:30,USDT,TRUMPUSDT,Single-asset,close_short,-1.7284,-0.09926004
2025-01-19 01:20:17,USDT,TRUMPUSDT,Single-asset,open_short,0.0,-0.098223
2025-01-19 01:08:35,USDT,TRUMPUSDT,Single-asset,close_short,5.763599999998,-0.08436858
2025-01-19 01:07:13,USDT,TRUMPUSDT,Single-asset,open_short,0.0,-0.07953984
2025-01-19 01:07:13,USDT,TRUMPUSDT,Single-asset,open_short,0.0,-0.0082869
2025-01-19 01:02:58,USDT,TRUMPUSDT,Single-asset,close_short,-0.4976,-0.02602272
2025-01-19 01:02:58,USDT,TRUMPUSDT,Single-asset,close_short,-0.3421,-0.01789062
2025-01-19 01:02:58,USDT,TRUMPUSDT,Single-asset,close_short,-0.118,-0.00650184
2025-01-19 01:02:58,USDT,TRUMPUSDT,Single-asset,close_short,-0.2044,-0.01137696
2025-01-19 01:02:58,USDT,TRUMPUSDT,Single-asset,close_short,-0.1981,-0.01137318
2025-01-19 01:01:17,USDT,TRUMPUSDT,Single-asset,open_short,0.0,-0.0723492
2025-01-19 00:58:00,USDT,,Single-asset,trans_from_exchange,60.67124601,0.0
2025-01-18 23:37:40,USDT,,Single-asset,trans_to_exchange,-63.34693622,0.0
2025-01-18 21:56:48,USDT,XRPUSDT,Single-asset,close_long,3.9182,-0.53163672
2025-01-18 21:36:14,USDT,XRPUSDT,Single-asset,open_long,0.0,-0.5292858
2025-01-18 18:48:43,USDT,SOLUSDT,Single-asset,close_short,4.7904,-0.34516656
2025-01-18 18:48:43,USDT,SOLUSDT,Single-asset,close_short,3.618,-0.2588598
2025-01-18 18:45:54,USDT,SOLUSDT,Single-asset,open_short,0.0,-0.6090714
2025-01-18 18:35:08,USDT,,Single-asset,trans_from_exchange,53.2943565,0.0
2025-01-18 18:33:31,USDT,,Single-asset,trans_to_exchange,-53.2943565,0.0
2025-01-18 18:27:56,USDT,,Single-asset,trans_from_exchange,53.2943565,0.0
2025-01-08 18:25:16,USDT,,Single-asset,trans_to_otc,-462.476902,0.0
2025-01-08 18:17:29,USDT,,Single-asset,trans_from_exchange,462.476902,0.0
