时间,方向,币种,合约,交易类型,委托价格,成交均价,委托数量,成交量,成交额,已实现盈亏,净盈亏,状态
2026-08-05 20:36:35,Open short,USDT,BTCUSDT,Limit,65187.9,65187.9,0.0045,0.0045,293.34555,0.0,0.0,fully executed
2026-08-05 12:27:20,Open short,USDT,BTCUSDT,Limit,64104.5,64104.5,0.0046,0.0046,294.8807,0.0,0.0,fully executed
2026-08-05 10:17:11,Close short,USDT,SOXLUSDT,Limit,137.59,137.59,0.24,0.24,33.0216,0.3528,0.34619568,fully executed
2026-08-05 10:10:37,Open short,USDT,SOXLUSDT,Limit,139.06,139.06,0.24,0.24,33.3744,0.0,0.0,fully executed
2026-08-04 21:30:04,Close long,USDT,SOXLUSDT,Position SL—market,,130.31,0.14,0.14,18.2434,-0.2058,-0.21674604,fully executed
2026-08-04 21:08:47,Close long,USDT,SOXLUSDT,Limit edited,134.34,,0.14,0.0,0.0,0.0,0.0,cancelled
2026-08-04 21:03:42,Close long,USDT,SOXLUSDT,Limit,134.26,,0.14,0.0,0.0,0.0,0.0,cancelled
2026-08-04 21:02:16,Open long,USDT,SOXLUSDT,Trigger order—limit,131.79,131.78,0.14,0.14,18.4492,0.0,0.0,fully executed
2026-08-04 10:33:53,Close short,USDT,SOXLUSDT,Limit,115.88,115.88,0.96,0.96,111.2448,0.105599999999,0.083351039999,fully executed
2026-08-04 10:33:03,Open short,USDT,SOXLUSDT,Limit,116.99,116.99,0.24,0.24,28.0776,0.0,0.0,fully executed
2026-08-04 10:32:13,Close short,USDT,SOXLUSDT,Limit,115.13,,0.72,0.0,0.0,0.0,0.0,cancelled
2026-08-04 10:31:32,Open short,USDT,SOXLUSDT,Limit edited,116.71,116.71,0.48,0.48,56.0208,0.0,0.0,fully executed
2026-08-04 10:31:28,Open short,USDT,SOXLUSDT,Limit,116.99,,0.48,0.0,0.0,0.0,0.0,cancelled
2026-08-04 09:54:18,Open short,USDT,SOXLUSDT,Limit,120.68,,0.24,0.0,0.0,0.0,0.0,cancelled
2026-08-04 09:01:09,Open short,USDT,SOXLUSDT,Limit,113.55,113.55,0.24,0.24,27.252,0.0,0.0,fully executed
2026-08-03 16:14:51,Open short,USDT,SOXLUSDT,Limit edited,117.48,,0.14,0.0,0.0,0.0,0.0,cancelled
2026-08-03 16:14:47,Open short,USDT,SOXLUSDT,Limit edited,117.53,,0.14,0.0,0.0,0.0,0.0,cancelled
2026-08-03 16:14:39,Open short,USDT,SOXLUSDT,Limit,117.46,,0.14,0.0,0.0,0.0,0.0,cancelled
2026-08-03 16:13:50,Close short,USDT,SOXLUSDT,Limit,115.79,115.79,0.14,0.14,16.2106,0.0238,0.02055788,fully executed
2026-08-03 16:07:43,Open short,USDT,SOXLUSDT,Trigger order—limit,115.89,115.96,0.14,0.14,16.2344,0.0,0.0,fully executed
2026-08-03 15:40:56,Close long,USDT,SOXLUSDT,Market,,117.34,0.24,0.24,28.1616,-0.3768,-0.39369696,fully executed
2026-08-03 15:12:02,Close long,USDT,SOXLUSDT,Limit,120.42,,0.24,0.0,0.0,0.0,0.0,cancelled
2026-08-03 15:11:28,Open long,USDT,SOXLUSDT,Trigger order—limit,118.95,118.91,0.24,0.24,28.5384,0.0,0.0,fully executed
2026-08-02 10:06:46,Close short,USDT,BTCUSDT,Position SL—market,,63135.4,0.0093,0.0093,587.15922,1.06857,0.716274468,fully executed
2026-07-31 19:28:09,Close short,USDT,SOXLUSDT,Position SL—market,,129.08,0.19,0.19,24.5252,0.0855,0.07078488,fully executed
2026-07-31 19:21:27,Close short,USDT,SOXLUSDT,Limit edited,127.58,,0.19,0.0,0.0,0.0,0.0,cancelled
2026-07-31 19:16:37,Close short,USDT,SOXLUSDT,Limit edited,127.05,,0.19,0.0,0.0,0.0,0.0,cancelled
2026-07-31 19:10:43,Close short,USDT,SOXLUSDT,Limit edited,127.59,,0.19,0.0,0.0,0.0,0.0,cancelled
2026-07-31 19:10:39,Close short,USDT,SOXLUSDT,Limit,127.61,,0.19,0.0,0.0,0.0,0.0,cancelled
2026-07-31 19:05:24,Open short,USDT,SOXLUSDT,Limit,129.53,129.53,0.19,0.19,24.6107,0.0,0.0,fully executed
2026-07-31 17:34:49,Close long,USDT,SOXLUSDT,Market,,127.12,0.1,0.1,12.712,-0.138,-0.1456272,fully executed
2026-07-31 17:15:50,Close long,USDT,SOXLUSDT,Limit,131.99,,0.1,0.0,0.0,0.0,0.0,cancelled
2026-07-31 16:50:24,Open long,USDT,SOXLUSDT,Trigger order—limit,128.5,128.5,0.1,0.1,12.85,0.0,0.0,fully executed
2026-07-31 11:21:44,Close short,USDT,SOXLUSDT,Market,,122.48,0.12,0.12,14.6976,-0.234,-0.24281856,fully executed
2026-07-31 11:13:17,Close short,USDT,SOXLUSDT,Limit,117.49,,0.12,0.0,0.0,0.0,0.0,cancelled
2026-07-31 11:12:30,Open short,USDT,SOXLUSDT,Trigger order—limit,120.53,120.53,0.12,0.12,14.4636,0.0,0.0,fully executed
2026-07-31 09:24:09,Open short,USDT,BTCUSDT,Limit,65354.6,,0.0021,0.0,0.0,0.0,0.0,cancelled
2026-07-30 17:51:02,Close long,USDT,SOXLUSDT,Limit,97.28,97.28,0.15,0.15,14.592,0.3405,0.3375816,fully executed
2026-07-30 17:49:59,Open long,USDT,SOXLUSDT,Trigger order—limit,95.01,95.01,0.15,0.15,14.2515,0.0,0.0,fully executed
2026-07-30 15:55:22,Close long,USDT,SOXLUSDT,Market,,91.6,0.26,0.26,23.816,-0.0546,-0.0688896,fully executed
2026-07-30 15:55:18,Close long,USDT,SOXLUSDT,Limit edited,91.89,,0.26,0.0,0.0,0.0,0.0,cancelled
2026-07-30 15:41:26,Close long,USDT,SOXLUSDT,Limit,93.42,,0.26,0.0,0.0,0.0,0.0,cancelled
2026-07-30 15:40:32,Open long,USDT,SOXLUSDT,Limit edited,91.81,91.81,0.26,0.26,23.8706,0.0,0.0,fully executed
2026-07-30 15:40:27,Open long,USDT,SOXLUSDT,Limit,91.8,,0.26,0.0,0.0,0.0,0.0,cancelled
2026-07-30 11:25:32,Close short,USDT,SOXLUSDT,Market,,93.4,0.19,0.19,17.746,0.2907,0.2800524,fully executed
2026-07-30 11:25:27,Close short,USDT,SOXLUSDT,Limit edited,93.11,,0.19,0.0,0.0,0.0,0.0,cancelled
2026-07-30 11:15:29,Close short,USDT,SOXLUSDT,Limit edited,91.27,,0.19,0.0,0.0,0.0,0.0,cancelled
2026-07-30 11:09:42,Close short,USDT,SOXLUSDT,Limit edited,92.18,,0.19,0.0,0.0,0.0,0.0,cancelled
2026-07-30 11:05:59,Close short,USDT,SOXLUSDT,Limit edited,93.07,,0.19,0.0,0.0,0.0,0.0,cancelled
2026-07-30 11:05:56,Close short,USDT,SOXLUSDT,Limit edited,93.12,,0.19,0.0,0.0,0.0,0.0,cancelled
2026-07-30 11:01:03,Close short,USDT,SOXLUSDT,Limit,92.19,,0.19,0.0,0.0,0.0,0.0,cancelled
2026-07-30 10:57:32,Open short,USDT,SOXLUSDT,Trigger order—limit,94.93,94.93,0.19,0.19,18.0367,0.0,0.0,fully executed
2026-07-30 10:30:05,Close long,USDT,SOXLUSDT,Market,,96.31,0.09,0.09,8.6679,-0.2574,-0.26260074,fully executed
2026-07-30 09:36:36,Close long,USDT,SOXLUSDT,Limit,103.06,,0.09,0.0,0.0,0.0,0.0,cancelled
2026-07-30 09:35:56,Open long,USDT,SOXLUSDT,Trigger order—limit,99.17,99.17,0.09,0.09,8.9253,0.0,0.0,fully executed
2026-07-29 18:49:09,Close long,USDT,SOXLUSDT,Position SL—market,,107.5,0.1,0.1,10.75,-0.368,-0.37445,fully executed
2026-07-29 17:51:16,Close long,USDT,SOXLUSDT,Limit,114.92,,0.1,0.0,0.0,0.0,0.0,cancelled
2026-07-29 17:50:17,Open long,USDT,SOXLUSDT,Limit,111.18,111.18,0.1,0.1,11.118,0.0,0.0,fully executed
2026-07-29 13:03:25,Close short,USDT,SOXLUSDT,Position SL—market,,102.27,0.08,0.08,8.1816,-0.1976,-0.20250896,fully executed
2026-07-29 12:16:57,Close short,USDT,SOXLUSDT,Limit,90.14,,0.08,0.0,0.0,0.0,0.0,cancelled
2026-07-29 11:59:10,Open short,USDT,SOXLUSDT,Trigger order—limit,99.8,99.8,0.08,0.08,7.984,0.0,0.0,fully executed
2026-07-28 10:38:42,Close short,USDT,SOXLUSDT,Market,,118.96,0.1,0.1,11.896,0.022,0.0148624,fully executed
2026-07-28 10:32:08,Close short,USDT,SOXLUSDT,Limit edited,115.6,,0.1,0.0,0.0,0.0,0.0,cancelled
2026-07-28 10:31:33,Close short,USDT,SOXLUSDT,Limit edited,118.11,,0.1,0.0,0.0,0.0,0.0,cancelled
2026-07-28 10:20:50,Close short,USDT,SOXLUSDT,Limit edited,118.85,,0.1,0.0,0.0,0.0,0.0,cancelled
2026-07-28 10:20:33,Close short,USDT,SOXLUSDT,Limit edited,119.07,,0.1,0.0,0.0,0.0,0.0,cancelled
2026-07-28 10:06:11,Close short,USDT,SOXLUSDT,Limit,115.64,,0.1,0.0,0.0,0.0,0.0,cancelled
2026-07-28 10:05:13,Open short,USDT,SOXLUSDT,Limit,119.18,119.18,0.1,0.1,11.918,0.0,0.0,fully executed
2026-07-28 10:01:55,Open short,USDT,SOXLUSDT,Limit,119.68,,0.12,0.0,0.0,0.0,0.0,cancelled
2026-07-28 09:50:28,Open short,USDT,BTCUSDT,Limit edited,63250.3,63250.3,0.0093,0.0093,588.22779,0.0,0.0,fully executed
2026-07-28 09:50:25,Open short,USDT,BTCUSDT,Limit,63288.0,,0.0093,0.0,0.0,0.0,0.0,cancelled
2026-07-28 09:34:22,Close short,USDT,SOXLUSDT,Market,,121.78,0.08,0.08,9.7424,0.0384,0.03255456,fully executed
2026-07-28 09:06:14,Close short,USDT,SOXLUSDT,Limit,117.05,,0.08,0.0,0.0,0.0,0.0,cancelled
2026-07-28 08:56:46,Open short,USDT,SOXLUSDT,Limit edited,122.26,122.26,0.08,0.08,9.7808,0.0,0.0,fully executed
2026-07-28 08:50:56,Open short,USDT,SOXLUSDT,Limit,122.85,,0.08,0.0,0.0,0.0,0.0,cancelled
2026-07-27 12:27:55,Close short,USDT,SKHYNIXUSDT,Limit edited,1202.69,1202.69,0.03,0.03,36.0807,0.0021,-0.00511614,fully executed
2026-07-27 12:26:58,Close short,USDT,SKHYNIXUSDT,Limit edited,1200.65,,0.03,0.0,0.0,0.0,0.0,cancelled
2026-07-27 12:19:37,Close short,USDT,SKHYNIXUSDT,Limit edited,1202.69,,0.03,0.0,0.0,0.0,0.0,cancelled
2026-07-27 12:18:18,Close short,USDT,SKHYNIXUSDT,Limit edited,1201.85,,0.03,0.0,0.0,0.0,0.0,cancelled
2026-07-27 12:17:38,Close short,USDT,SKHYNIXUSDT,Limit edited,1202.42,,0.03,0.0,0.0,0.0,0.0,cancelled
2026-07-27 12:17:18,Close short,USDT,SKHYNIXUSDT,Limit edited,1202.75,,0.03,0.0,0.0,0.0,0.0,cancelled
2026-07-27 11:46:18,Close short,USDT,SKHYNIXUSDT,Limit,1185.55,,0.03,0.0,0.0,0.0,0.0,cancelled
2026-07-27 11:45:50,Open short,USDT,SKHYNIXUSDT,Trigger order—limit,1202.62,1202.76,0.03,0.03,36.0828,0.0,0.0,fully executed
2026-07-27 11:23:44,Close long,USDT,HYPEUSDT,Limit edited,59.609,59.609,0.83,0.83,49.47547,0.08217,0.072274906,fully executed
2026-07-27 11:23:39,Close long,USDT,HYPEUSDT,Limit edited,59.611,,0.83,0.0,0.0,0.0,0.0,cancelled
2026-07-27 11:23:36,Close long,USDT,HYPEUSDT,Limit edited,59.615,,0.83,0.0,0.0,0.0,0.0,cancelled
2026-07-27 11:23:32,Close long,USDT,HYPEUSDT,Limit,59.623,,0.83,0.0,0.0,0.0,0.0,cancelled
2026-07-27 11:23:25,Close long,USDT,HYPEUSDT,Limit,59.601,,0.83,0.0,0.0,0.0,0.0,cancelled
2026-07-27 11:23:16,Close long,USDT,HYPEUSDT,Limit,59.6,,0.83,0.0,0.0,0.0,0.0,cancelled
2026-07-27 11:23:09,Close long,USDT,HYPEUSDT,Limit,59.593,,0.83,0.0,0.0,0.0,0.0,cancelled
2026-07-27 11:22:58,Close long,USDT,HYPEUSDT,Limit edited,59.589,,0.83,0.0,0.0,0.0,0.0,cancelled
2026-07-27 11:04:54,Close long,USDT,HYPEUSDT,Limit edited,59.916,,0.83,0.0,0.0,0.0,0.0,cancelled
2026-07-27 10:44:18,Close long,USDT,HYPEUSDT,Limit edited,59.951,,0.83,0.0,0.0,0.0,0.0,cancelled
2026-07-27 10:02:49,Close long,USDT,HYPEUSDT,Limit,59.917,,0.83,0.0,0.0,0.0,0.0,cancelled
2026-07-27 09:59:05,Open long,USDT,HYPEUSDT,Trigger order—limit,59.51,59.51,0.83,0.83,49.3933,0.0,0.0,fully executed
2026-07-24 19:15:13,Close long,USDT,SOXLUSDT,Limit edited,156.34,156.34,0.23,0.23,35.9582,0.0023,-0.00489164,fully executed
2026-07-24 19:15:02,Close long,USDT,SOXLUSDT,Limit edited,157.31,,0.23,0.0,0.0,0.0,0.0,cancelled
2026-07-24 19:11:09,Close long,USDT,SOXLUSDT,Limit edited,156.35,,0.23,0.0,0.0,0.0,0.0,cancelled
2026-07-24 19:10:50,Close long,USDT,SOXLUSDT,Limit edited,156.32,,0.23,0.0,0.0,0.0,0.0,cancelled
2026-07-24 19:05:37,Close long,USDT,SOXLUSDT,Limit,157.81,,0.23,0.0,0.0,0.0,0.0,cancelled
2026-07-24 19:05:08,Open long,USDT,SOXLUSDT,Trigger order—limit,156.33,156.33,0.23,0.23,35.9559,0.0,0.0,fully executed
2026-07-24 12:11:58,Close short,USDT,SOXLUSDT,Market,,151.27,0.22,0.22,33.2794,0.154,0.13403236,fully executed
2026-07-24 12:11:56,Close short,USDT,SOXLUSDT,Limit edited,150.33,,0.22,0.0,0.0,0.0,0.0,cancelled
2026-07-24 11:46:27,Close short,USDT,SOXLUSDT,Limit edited,149.61,,0.22,0.0,0.0,0.0,0.0,cancelled
2026-07-24 11:36:34,Close short,USDT,SOXLUSDT,Limit,150.34,,0.22,0.0,0.0,0.0,0.0,cancelled
2026-07-24 11:36:19,Open short,USDT,SOXLUSDT,Trigger order—limit,151.97,151.97,0.22,0.22,33.4334,0.0,0.0,fully executed
2026-07-24 11:15:39,Close short,USDT,SOXLUSDT,Limit edited,152.75,152.75,0.15,0.15,22.9125,0.2835,0.2789175,fully executed
2026-07-24 11:12:14,Close short,USDT,SOXLUSDT,Limit edited,151.7,,0.15,0.0,0.0,0.0,0.0,cancelled
2026-07-24 11:09:37,Close short,USDT,SOXLUSDT,Limit edited,150.24,,0.15,0.0,0.0,0.0,0.0,cancelled
2026-07-24 11:04:39,Close short,USDT,SOXLUSDT,Limit edited,151.72,,0.15,0.0,0.0,0.0,0.0,cancelled
2026-07-24 11:00:29,Close short,USDT,SOXLUSDT,Limit edited,150.23,,0.15,0.0,0.0,0.0,0.0,cancelled
2026-07-24 10:59:33,Close short,USDT,SOXLUSDT,Limit edited,150.19,,0.15,0.0,0.0,0.0,0.0,cancelled
2026-07-24 10:59:13,Close short,USDT,SOXLUSDT,Limit edited,150.36,,0.15,0.0,0.0,0.0,0.0,cancelled
2026-07-24 10:34:12,Close short,USDT,SOXLUSDT,Limit edited,151.7,,0.15,0.0,0.0,0.0,0.0,cancelled
2026-07-24 10:34:08,Close short,USDT,SOXLUSDT,Limit edited,151.71,,0.15,0.0,0.0,0.0,0.0,cancelled
2026-07-24 10:09:21,Close short,USDT,SOXLUSDT,Limit edited,152.66,,0.15,0.0,0.0,0.0,0.0,cancelled
2026-07-24 10:09:02,Close short,USDT,SOXLUSDT,Limit edited,151.69,,0.15,0.0,0.0,0.0,0.0,cancelled
2026-07-24 10:06:29,Close short,USDT,SOXLUSDT,Limit,152.67,,0.15,0.0,0.0,0.0,0.0,cancelled
2026-07-24 10:06:15,Open short,USDT,SOXLUSDT,Market,,154.64,0.15,0.15,23.196,0.0,0.0,fully executed
2026-07-24 10:05:28,Open short,USDT,SOXLUSDT,Limit edited,154.87,,0.15,0.0,0.0,0.0,0.0,cancelled
2026-07-24 10:05:22,Open short,USDT,SOXLUSDT,Limit,154.88,,0.15,0.0,0.0,0.0,0.0,cancelled
2026-07-23 11:36:59,Close short,USDT,SOXLUSDT,Market,,160.54,4.94,4.94,793.0676,-14.326,-14.80184056,fully executed
2026-07-23 11:18:19,Close short,USDT,SOXLUSDT,Limit edited,157.39,,4.94,0.0,0.0,0.0,0.0,cancelled
2026-07-23 11:17:13,Close short,USDT,SOXLUSDT,Limit,157.26,,4.94,0.0,0.0,0.0,0.0,cancelled
2026-07-23 11:11:07,Open short,USDT,SOXLUSDT,Limit,157.64,157.64,4.94,4.94,778.7416,0.0,0.0,fully executed
2026-07-22 21:24:23,Close short,USDT,SOXLUSDT,Market,,147.11,0.1,0.1,14.711,-0.107,-0.1158266,fully executed
2026-07-22 21:20:57,Close short,USDT,SOXLUSDT,Limit edited,142.59,,0.1,0.0,0.0,0.0,0.0,cancelled
2026-07-22 20:03:03,Close short,USDT,SOXLUSDT,Limit,139.23,,0.1,0.0,0.0,0.0,0.0,cancelled
2026-07-22 20:02:23,Open short,USDT,SOXLUSDT,Trigger order—limit,146.04,146.04,0.1,0.1,14.604,0.0,0.0,fully executed
2026-07-22 18:21:18,Close short,USDT,SOXLUSDT,Position SL—market,,150.07,0.15,0.15,22.5105,-0.312,-0.3255063,fully executed
2026-07-22 17:42:45,Close short,USDT,SOXLUSDT,Limit edited,144.53,,0.15,0.0,0.0,0.0,0.0,cancelled
2026-07-22 17:42:25,Close short,USDT,SOXLUSDT,Limit,145.7,,0.15,0.0,0.0,0.0,0.0,cancelled
2026-07-22 17:41:37,Open short,USDT,SOXLUSDT,Limit,147.99,147.99,0.15,0.15,22.1985,0.0,0.0,fully executed
2026-07-22 17:30:47,Open short,USDT,SOXLUSDT,Limit,148.79,,0.23,0.0,0.0,0.0,0.0,cancelled
2026-07-22 17:21:14,Close short,USDT,SOXLUSDT,Market,,149.49,0.15,0.15,22.4235,-0.339,-0.3524541,fully executed
2026-07-22 15:53:48,Close short,USDT,SOXLUSDT,Limit edited,144.05,,0.15,0.0,0.0,0.0,0.0,cancelled
2026-07-22 15:53:16,Close short,USDT,SOXLUSDT,Limit edited,146.97,,0.15,0.0,0.0,0.0,0.0,cancelled
2026-07-22 15:40:26,Close short,USDT,SOXLUSDT,Limit,144.05,,0.15,0.0,0.0,0.0,0.0,cancelled
2026-07-22 15:39:23,Open short,USDT,SOXLUSDT,Limit edited,147.67,,0.04,0.0,0.0,0.0,0.0,cancelled
2026-07-22 15:39:17,Open short,USDT,SOXLUSDT,Limit,147.68,,0.04,0.0,0.0,0.0,0.0,cancelled
2026-07-22 15:37:13,Open short,USDT,SOXLUSDT,Market,,147.23,0.15,0.15,22.0845,0.0,0.0,fully executed
2026-07-21 15:22:59,Close long,USDT,SOXLUSDT,Limit edited,149.64,149.64,0.13,0.13,19.4532,0.195,0.19110936,fully executed
2026-07-21 14:36:30,Close long,USDT,SOXLUSDT,Limit edited,153.25,,0.13,0.0,0.0,0.0,0.0,cancelled
2026-07-21 14:18:47,Close long,USDT,SOXLUSDT,Limit edited,151.63,,0.13,0.0,0.0,0.0,0.0,cancelled
2026-07-21 14:07:32,Close long,USDT,SOXLUSDT,Limit edited,151.51,,0.13,0.0,0.0,0.0,0.0,cancelled
2026-07-21 13:51:58,Close long,USDT,SOXLUSDT,Limit,150.68,,0.13,0.0,0.0,0.0,0.0,cancelled
2026-07-21 13:48:34,Open long,USDT,SOXLUSDT,Trigger order—limit,148.14,148.14,0.13,0.13,19.2582,0.0,0.0,fully executed
2026-07-21 11:19:31,Close long,USDT,SOXLUSDT,Limit edited,147.19,147.19,0.12,0.12,17.6628,0.6744,0.67086744,fully executed
2026-07-21 11:04:57,Close long,USDT,SOXLUSDT,Limit edited,145.78,,0.12,0.0,0.0,0.0,0.0,cancelled
2026-07-21 10:44:04,Close long,USDT,SOXLUSDT,Limit edited,144.76,,0.12,0.0,0.0,0.0,0.0,cancelled
2026-07-21 10:05:45,Close long,USDT,SOXLUSDT,Limit,144.4,,0.12,0.0,0.0,0.0,0.0,cancelled
2026-07-21 10:05:09,Open long,USDT,SOXLUSDT,Trigger order—limit,141.58,141.57,0.12,0.12,16.9884,0.0,0.0,fully executed
2026-07-20 15:31:24,Close long,USDT,CLUSDT,Position SL—market,,83.0,0.72,0.72,59.76,2.83536,2.799504,fully executed
2026-07-17 14:25:30,Close short,USDT,HYPEUSDT,Limit,58.484,58.484,0.47,0.47,27.48748,0.36566,0.360162504,fully executed
2026-07-17 14:10:58,Open short,USDT,HYPEUSDT,Trigger order—limit,59.256,59.262,0.47,0.47,27.85314,0.0,0.0,fully executed
2026-07-17 12:48:13,Close short,USDT,HYPEUSDT,Market,,60.134,0.32,0.32,19.24288,0.05184,0.040294272,fully executed
2026-07-17 12:13:09,Close short,USDT,HYPEUSDT,Limit edited,59.346,,0.32,0.0,0.0,0.0,0.0,cancelled
2026-07-17 11:42:00,Close short,USDT,HYPEUSDT,Limit,59.169,,0.32,0.0,0.0,0.0,0.0,cancelled
2026-07-17 11:40:35,Open short,USDT,HYPEUSDT,Trigger order—limit,60.286,60.296,0.32,0.32,19.29472,0.0,0.0,fully executed
2026-07-16 16:06:49,Close short,USDT,HYPEUSDT,Limit edited,65.608,65.608,0.79,0.79,51.83032,0.71732,0.706953936,fully executed
2026-07-16 16:04:28,Close short,USDT,HYPEUSDT,Limit edited,65.483,,0.79,0.0,0.0,0.0,0.0,cancelled
2026-07-16 15:43:50,Close short,USDT,HYPEUSDT,Limit edited,65.611,,0.79,0.0,0.0,0.0,0.0,cancelled
2026-07-16 15:42:09,Close short,USDT,HYPEUSDT,Limit edited,65.969,,0.79,0.0,0.0,0.0,0.0,cancelled
2026-07-16 15:41:37,Close short,USDT,HYPEUSDT,Limit edited,65.608,,0.79,0.0,0.0,0.0,0.0,cancelled
2026-07-16 15:33:29,Close short,USDT,HYPEUSDT,Limit,66.059,,0.79,0.0,0.0,0.0,0.0,cancelled
2026-07-16 15:31:03,Open short,USDT,HYPEUSDT,Trigger order—limit,66.503,66.516,0.79,0.79,52.54764,0.0,0.0,fully executed
2026-07-16 15:28:47,Close long,USDT,HYPEUSDT,Market,,66.574,0.73,0.73,48.59902,-0.2482,-0.277359412,fully executed
2026-07-16 14:54:00,Close long,USDT,HYPEUSDT,Limit,67.371,,0.73,0.0,0.0,0.0,0.0,cancelled
2026-07-16 14:53:33,Open long,USDT,HYPEUSDT,Trigger order—limit,66.914,66.914,0.73,0.73,48.84722,0.0,0.0,fully executed
2026-07-16 14:36:09,Open long,USDT,CLUSDT,Market,,79.062,0.72,0.72,56.92464,0.0,0.0,fully executed
2026-07-15 13:23:08,Close long,USDT,SOLUSDT,Market,,77.743,0.7,0.7,54.4201,-0.1267,-0.15935206,fully executed
2026-07-15 13:19:30,Close long,USDT,SOLUSDT,Limit,78.364,,0.7,0.0,0.0,0.0,0.0,cancelled
2026-07-15 12:46:30,Open long,USDT,SOLUSDT,Trigger order—limit,77.924,77.924,0.7,0.7,54.5468,0.0,0.0,fully executed
2026-07-15 12:35:46,Open long,USDT,SOLUSDT,Trigger order—limit,77.765,,0.5,0.0,0.0,0.0,0.0,cancelled
2026-07-13 21:12:48,Close short,USDT,HYPEUSDT,Limit,63.593,63.593,0.71,0.71,45.15103,0.44446,0.435429794,fully executed
2026-07-13 21:02:02,Open short,USDT,HYPEUSDT,Trigger order—limit,64.219,64.219,0.71,0.71,45.59549,0.0,0.0,fully executed
2026-07-13 15:22:59,Close short,USDT,HYPEUSDT,Market,,65.375,0.76,0.76,49.685,-0.15732,-0.187131,fully executed
2026-07-13 14:33:01,Close short,USDT,HYPEUSDT,Limit edited,64.485,,0.76,0.0,0.0,0.0,0.0,cancelled
2026-07-13 14:32:39,Close short,USDT,HYPEUSDT,Limit,64.709,,0.76,0.0,0.0,0.0,0.0,cancelled
2026-07-13 14:31:56,Open short,USDT,HYPEUSDT,Trigger order—limit,65.167,65.168,0.76,0.76,49.52768,0.0,0.0,fully executed
2026-07-13 13:40:25,Close short,USDT,SOXLUSDT,Market,,175.05,0.12,0.12,21.006,-0.4056,-0.4182036,fully executed
2026-07-13 13:35:20,Close short,USDT,SOXLUSDT,Limit edited,171.67,,0.12,0.0,0.0,0.0,0.0,cancelled
2026-07-13 13:35:13,Close short,USDT,SOXLUSDT,Limit edited,171.68,,0.12,0.0,0.0,0.0,0.0,cancelled
2026-07-13 13:31:01,Close short,USDT,SOXLUSDT,Limit,168.86,,0.12,0.0,0.0,0.0,0.0,cancelled
2026-07-13 13:30:07,Open short,USDT,SOXLUSDT,Trigger order—limit,171.67,171.67,0.12,0.12,20.6004,0.0,0.0,fully executed
2026-07-10 14:55:18,Close long,USDT,SOXLUSDT,Position SL—market,,189.0,0.22,0.22,41.58,0.0594,0.034452,fully executed
2026-07-10 14:50:37,Close long,USDT,SOXLUSDT,Limit edited,190.87,,0.22,0.0,0.0,0.0,0.0,cancelled
2026-07-10 14:45:27,Close long,USDT,SOXLUSDT,Limit,190.25,,0.22,0.0,0.0,0.0,0.0,cancelled
2026-07-10 14:45:18,Open long,USDT,SOXLUSDT,Trigger order—limit,188.73,188.73,0.22,0.22,41.5206,0.0,0.0,fully executed
2026-07-10 14:28:43,Close long,USDT,SOLUSDT,Market,,78.861,0.7,0.7,55.2027,-0.0413,-0.07442162,fully executed
2026-07-10 14:04:42,Close long,USDT,HYPEUSDT,Market,,67.952,0.56,0.56,38.05312,-0.16744,-0.190271872,fully executed
2026-07-10 11:36:36,Close long,USDT,HYPEUSDT,Limit,68.863,,0.56,0.0,0.0,0.0,0.0,cancelled
2026-07-10 11:36:10,Open long,USDT,HYPEUSDT,Limit,68.251,68.251,0.56,0.56,38.22056,0.0,0.0,fully executed
2026-07-10 10:37:08,Close long,USDT,SOLUSDT,Limit,79.479,,0.7,0.0,0.0,0.0,0.0,cancelled
2026-07-10 10:36:39,Open long,USDT,SOLUSDT,Trigger order—limit,78.921,78.92,0.7,0.7,55.244,0.0,0.0,fully executed
2026-07-10 10:32:55,Close short,USDT,KORUUSDT,Market,,554.16,0.02,0.02,11.0832,-0.169,-0.17564992,fully executed
2026-07-10 10:23:02,Close short,USDT,KORUUSDT,Limit edited,539.72,,0.02,0.0,0.0,0.0,0.0,cancelled
2026-07-10 10:22:57,Close short,USDT,KORUUSDT,Limit edited,538.83,,0.02,0.0,0.0,0.0,0.0,cancelled
2026-07-10 10:22:30,Close short,USDT,KORUUSDT,Limit edited,545.08,,0.02,0.0,0.0,0.0,0.0,cancelled
2026-07-10 10:19:32,Close short,USDT,KORUUSDT,Limit edited,544.88,,0.02,0.0,0.0,0.0,0.0,cancelled
2026-07-10 10:07:33,Close short,USDT,KORUUSDT,Limit edited,528.79,,0.02,0.0,0.0,0.0,0.0,cancelled
2026-07-10 10:03:20,Close short,USDT,KORUUSDT,Limit,539.8,,0.02,0.0,0.0,0.0,0.0,cancelled
2026-07-10 10:02:19,Open short,USDT,KORUUSDT,Limit,545.71,545.71,0.02,0.02,10.9142,0.0,0.0,fully executed
2026-07-09 22:15:22,Close long,USDT,SOXLUSDT,Market,,198.49,0.07,0.07,13.8943,-0.3955,-0.40383658,fully executed
2026-07-09 22:10:26,Open long,USDT,SOXLUSDT,Limit edited,200.34,,0.07,0.0,0.0,0.0,0.0,cancelled
2026-07-09 22:09:29,Open long,USDT,SOXLUSDT,Limit,200.43,,0.07,0.0,0.0,0.0,0.0,cancelled
2026-07-09 22:01:12,Open long,USDT,SOXLUSDT,Limit,200.0,,0.14,0.0,0.0,0.0,0.0,cancelled
2026-07-09 21:56:28,Close long,USDT,SOXLUSDT,Limit,213.46,,0.07,0.0,0.0,0.0,0.0,cancelled
2026-07-09 21:55:35,Open long,USDT,SOXLUSDT,Trigger order—limit,204.14,204.14,0.07,0.07,14.2898,0.0,0.0,fully executed
2026-07-09 21:48:44,Close long,USDT,SOXLUSDT,Position SL—market,,200.88,0.06,0.06,12.0528,0.0522,0.04496832,fully executed
2026-07-09 21:38:31,Close long,USDT,SOXLUSDT,Limit edited,212.02,,0.06,0.0,0.0,0.0,0.0,cancelled
2026-07-09 21:38:22,Close long,USDT,SOXLUSDT,Limit edited,209.07,,0.06,0.0,0.0,0.0,0.0,cancelled
2026-07-09 20:43:51,Close long,USDT,SOXLUSDT,Limit,206.07,,0.06,0.0,0.0,0.0,0.0,cancelled
2026-07-09 20:39:04,Open long,USDT,SOXLUSDT,Limit,200.01,200.01,0.06,0.06,12.0006,0.0,0.0,fully executed
2026-07-09 17:53:59,Close short,USDT,SOLUSDT,Market,,78.05,0.7,0.7,54.635,-0.1582,-0.190981,fully executed
2026-07-09 17:46:18,Close short,USDT,SOLUSDT,Limit,77.282,,0.7,0.0,0.0,0.0,0.0,cancelled
2026-07-09 17:45:33,Open short,USDT,SOLUSDT,Trigger order—limit,77.824,77.824,0.7,0.7,54.4768,0.0,0.0,fully executed
2026-07-09 16:26:31,Open long,USDT,SOLUSDT,Trigger order—limit,78.231,,0.6,0.0,0.0,0.0,0.0,cancelled
2026-07-09 16:20:34,Close short,USDT,HYPEUSDT,Market,,68.159,0.74,0.74,50.43766,-0.13764,-0.167902596,fully executed
2026-07-09 16:11:13,Close short,USDT,HYPEUSDT,Limit,67.517,,0.74,0.0,0.0,0.0,0.0,cancelled
2026-07-09 16:10:16,Open short,USDT,HYPEUSDT,Trigger order—limit,67.973,67.973,0.74,0.74,50.30002,0.0,0.0,fully executed
2026-07-09 16:01:00,Close long,USDT,SOXLUSDT,Position SL—market,,184.36,0.11,0.11,20.2796,0.0319,0.01973224,fully executed
2026-07-09 16:00:06,Close short,USDT,HYPEUSDT,Market,,68.071,0.58,0.58,39.48118,-0.14674,-0.170428708,fully executed
2026-07-09 15:28:56,Close short,USDT,HYPEUSDT,Limit,67.204,,0.58,0.0,0.0,0.0,0.0,cancelled
2026-07-09 15:28:26,Open short,USDT,HYPEUSDT,Limit,67.818,67.818,0.58,0.58,39.33444,0.0,0.0,fully executed
2026-07-09 15:16:17,Close long,USDT,SOXLUSDT,Limit,187.21,,0.11,0.0,0.0,0.0,0.0,cancelled
2026-07-09 15:15:52,Open long,USDT,SOXLUSDT,Trigger order—limit,184.07,184.07,0.11,0.11,20.2477,0.0,0.0,fully executed
2026-07-09 15:14:19,Open long,USDT,SOXLUSDT,Limit,183.36,,0.07,0.0,0.0,0.0,0.0,cancelled
2026-07-09 14:53:37,Close long,USDT,SOXLUSDT,Limit edited,182.07,182.07,0.11,0.11,20.0277,0.0,-0.00400554,fully executed
2026-07-09 14:53:00,Close long,USDT,SOXLUSDT,Limit edited,182.46,,0.11,0.0,0.0,0.0,0.0,cancelled
2026-07-09 14:36:33,Close long,USDT,HYPEUSDT,Limit edited,68.179,68.179,0.43,0.43,29.31697,0.03612,0.030256606,fully executed
2026-07-09 14:35:37,Close long,USDT,HYPEUSDT,Limit edited,68.186,,0.43,0.0,0.0,0.0,0.0,cancelled
2026-07-09 14:35:32,Close long,USDT,HYPEUSDT,Limit edited,68.218,,0.43,0.0,0.0,0.0,0.0,cancelled
2026-07-09 14:35:19,Close long,USDT,HYPEUSDT,Limit edited,68.195,,0.43,0.0,0.0,0.0,0.0,cancelled
2026-07-09 14:26:42,Close long,USDT,HYPEUSDT,Limit,68.899,,0.43,0.0,0.0,0.0,0.0,cancelled
2026-07-09 14:25:54,Open long,USDT,HYPEUSDT,Trigger order—limit,68.095,68.095,0.43,0.43,29.28085,0.0,0.0,fully executed
2026-07-09 14:23:10,Close long,USDT,SOXLUSDT,Limit,185.27,,0.11,0.0,0.0,0.0,0.0,cancelled
2026-07-09 14:22:47,Open long,USDT,SOXLUSDT,Trigger order—limit,182.07,182.07,0.11,0.11,20.0277,0.0,0.0,fully executed
2026-07-09 14:15:13,Open long,USDT,SOXLUSDT,Trigger order—limit,180.95,,0.06,0.0,0.0,0.0,0.0,cancelled
2026-07-09 14:12:57,Open long,USDT,SOXLUSDT,Limit,180.37,,0.07,0.0,0.0,0.0,0.0,cancelled
2026-07-09 14:10:34,Close long,USDT,SOLUSDT,Market,,78.125,0.4,0.4,31.25,0.0556,0.03685,fully executed
2026-07-09 13:51:06,Close long,USDT,SOLUSDT,Limit,78.795,,0.4,0.0,0.0,0.0,0.0,cancelled
2026-07-09 13:40:51,Open long,USDT,SOLUSDT,Trigger order—limit,77.986,77.986,0.4,0.4,31.1944,0.0,0.0,fully executed
2026-07-09 13:34:45,Close short,USDT,SOXLUSDT,Market,,176.29,0.12,0.12,21.1548,0.0276,0.01490712,fully executed
2026-07-09 13:30:06,Close short,USDT,SOXLUSDT,Limit,173.56,,0.12,0.0,0.0,0.0,0.0,cancelled
2026-07-09 13:29:44,Open short,USDT,SOXLUSDT,Trigger order—limit,176.52,176.52,0.12,0.12,21.1824,0.0,0.0,fully executed
2026-07-09 12:36:29,Close short,USDT,HYPEUSDT,Market,,67.591,0.31,0.31,20.95321,-0.11718,-0.129751926,fully executed
2026-07-09 12:35:11,Close short,USDT,HYPEUSDT,Limit edited,67.166,,0.31,0.0,0.0,0.0,0.0,cancelled
2026-07-09 12:30:42,Close short,USDT,SOXLUSDT,Market,,175.1,0.11,0.11,19.261,0.0363,0.0247434,fully executed
2026-07-09 12:28:56,Close short,USDT,HYPEUSDT,Limit edited,67.133,,0.31,0.0,0.0,0.0,0.0,cancelled
2026-07-09 12:28:43,Close short,USDT,HYPEUSDT,Limit edited,67.109,,0.31,0.0,0.0,0.0,0.0,cancelled
2026-07-09 12:28:33,Close short,USDT,HYPEUSDT,Limit edited,67.143,,0.31,0.0,0.0,0.0,0.0,cancelled
2026-07-09 12:25:32,Close short,USDT,SOXLUSDT,Limit,172.07,,0.11,0.0,0.0,0.0,0.0,cancelled
2026-07-09 12:03:03,Open short,USDT,SOXLUSDT,Trigger order—limit,175.43,175.43,0.11,0.11,19.2973,0.0,0.0,fully executed
2026-07-09 10:44:33,Close long,USDT,SOXLUSDT,Market,,175.156666666666,0.06,0.06,10.5094,-0.2006,-0.20690564,fully executed
2026-07-09 10:35:28,Close short,USDT,HYPEUSDT,Limit,66.031,,0.31,0.0,0.0,0.0,0.0,cancelled
2026-07-09 10:35:01,Open short,USDT,HYPEUSDT,Trigger order—limit,67.205,67.213,0.31,0.31,20.83603,0.0,0.0,fully executed
2026-07-09 10:31:35,Close long,USDT,SOXLUSDT,Limit,183.73,,0.06,0.0,0.0,0.0,0.0,cancelled
2026-07-09 10:21:21,Open long,USDT,SOXLUSDT,Trigger order—limit,178.5,178.5,0.06,0.06,10.71,0.0,0.0,fully executed
2026-07-08 16:24:14,Close short,USDT,SOXLUSDT,Limit edited,148.27,148.27,0.06,0.06,8.8962,0.7374,0.73562076,fully executed
2026-07-08 16:24:04,Close short,USDT,SOXLUSDT,Limit edited,148.25,,0.06,0.0,0.0,0.0,0.0,cancelled
2026-07-08 16:21:21,Close short,USDT,SOXLUSDT,Limit,154.49,,0.06,0.0,0.0,0.0,0.0,cancelled
2026-07-08 16:20:44,Open short,USDT,SOXLUSDT,Trigger order—limit,160.56,160.56,0.06,0.06,9.6336,0.0,0.0,fully executed
2026-07-08 16:14:25,Close short,USDT,SOXLUSDT,Position SL—market,,166.64,0.07,0.07,11.6648,-0.3304,-0.33739888,fully executed
2026-07-08 14:12:20,Close short,USDT,SOXLUSDT,Limit,156.47,,0.07,0.0,0.0,0.0,0.0,cancelled
2026-07-08 14:11:44,Open short,USDT,SOXLUSDT,Trigger order—limit,161.92,161.92,0.07,0.07,11.3344,0.0,0.0,fully executed
2026-07-08 11:10:39,Close short,USDT,SOXLUSDT,Market,,170.29,0.05,0.05,8.5145,-0.138,-0.1431087,fully executed
2026-07-08 10:15:00,Close short,USDT,SOXLUSDT,Limit,160.39,,0.05,0.0,0.0,0.0,0.0,cancelled
2026-07-08 09:55:29,Open short,USDT,SOXLUSDT,Trigger order—limit,167.44,167.53,0.05,0.05,8.3765,0.0,0.0,fully executed
2026-07-07 22:58:11,Close short,USDT,HYPEUSDT,Position SL—market,,72.249,0.33,0.33,23.84217,-0.31977,-0.334075302,fully executed
2026-07-07 21:57:39,Close short,USDT,HYPEUSDT,Limit,70.187,,0.33,0.0,0.0,0.0,0.0,cancelled
2026-07-07 21:55:49,Open short,USDT,HYPEUSDT,Trigger order—limit,71.28,71.28,0.33,0.33,23.5224,0.0,0.0,fully executed
2026-07-07 19:02:39,Close long,USDT,HYPEUSDT,Position SL—market,,71.139044444444,0.45,0.45,32.01257,-0.17098,-0.190187542,fully executed
2026-07-07 17:10:52,Close long,USDT,HYPEUSDT,Limit,72.291,,0.45,0.0,0.0,0.0,0.0,cancelled
2026-07-07 17:10:07,Open long,USDT,HYPEUSDT,Trigger order—limit,71.519,71.519,0.45,0.45,32.18355,0.0,0.0,fully executed
2026-07-07 17:03:02,Close short,USDT,HYPEUSDT,Market,,71.065,0.52,0.52,36.9538,-0.23608,-0.25825228,fully executed
2026-07-07 16:36:57,Close short,USDT,HYPEUSDT,Limit,69.923,,0.52,0.0,0.0,0.0,0.0,cancelled
2026-07-07 16:35:30,Open short,USDT,HYPEUSDT,Trigger order—limit,70.611,70.611,0.52,0.52,36.71772,0.0,0.0,fully executed
2026-07-07 15:01:23,Open long,USDT,HYPEUSDT,Limit,70.951,,0.44,0.0,0.0,0.0,0.0,cancelled
2026-07-07 11:45:17,Open short,USDT,SOXLUSDT,Limit edited,178.65,,0.11,0.0,0.0,0.0,0.0,cancelled
2026-07-07 11:45:12,Open short,USDT,SOXLUSDT,Trigger order—limit,178.62,,0.11,0.0,0.0,0.0,0.0,cancelled
2026-07-07 11:05:06,Close short,USDT,SOXLUSDT,Position SL—market,,185.0,0.11,0.11,20.35,0.0275,0.01529,fully executed
2026-07-07 10:45:43,Close short,USDT,SOXLUSDT,Limit edited,181.99,,0.11,0.0,0.0,0.0,0.0,cancelled
2026-07-07 10:45:35,Close short,USDT,SOXLUSDT,Limit edited,181.97,,0.11,0.0,0.0,0.0,0.0,cancelled
2026-07-07 10:38:35,Close short,USDT,SOXLUSDT,Limit edited,181.77,,0.11,0.0,0.0,0.0,0.0,cancelled
2026-07-07 10:27:24,Close short,USDT,SOXLUSDT,Limit,181.97,,0.11,0.0,0.0,0.0,0.0,cancelled
2026-07-07 10:25:24,Open short,USDT,SOXLUSDT,Limit,185.25,185.25,0.11,0.11,20.3775,0.0,0.0,fully executed
2026-07-07 09:57:32,Close short,USDT,SOLUSDT,Limit,80.894,80.894,0.6,0.6,48.5364,0.6216,0.61189272,fully executed
2026-07-07 09:55:42,Open short,USDT,SOLUSDT,Trigger order—limit,81.93,81.93,0.6,0.6,49.158,0.0,0.0,fully executed
2026-07-06 19:44:30,Close short,USDT,HYPEUSDT,Limit,70.253,70.253,0.82,0.82,57.60746,0.38868,0.377158508,fully executed
2026-07-06 19:41:20,Open short,USDT,HYPEUSDT,Trigger order—limit,70.727,70.727,0.82,0.82,57.99614,0.0,0.0,fully executed
2026-07-06 14:11:27,Close long,USDT,SOXLUSDT,Market,,192.49,0.12,0.12,23.0988,-0.1608,-0.17465928,fully executed
2026-07-06 14:00:40,Close long,USDT,SOXLUSDT,Limit,196.67,,0.12,0.0,0.0,0.0,0.0,cancelled
2026-07-06 14:00:10,Open long,USDT,SOXLUSDT,Trigger order—limit,193.83,193.83,0.12,0.12,23.2596,0.0,0.0,fully executed
2026-07-06 13:29:34,Close long,USDT,SOXLUSDT,Position SL—market,,192.13,0.06,0.06,11.5278,0.0132,0.00628332,fully executed
2026-07-06 12:18:18,Close long,USDT,SOXLUSDT,Limit,197.6,,0.06,0.0,0.0,0.0,0.0,cancelled
2026-07-06 12:17:23,Open long,USDT,SOXLUSDT,Limit,191.91,191.91,0.06,0.06,11.5146,0.0,0.0,fully executed
2026-07-06 11:55:39,Close short,USDT,HYPEUSDT,Limit edited,71.331,71.331,0.54,0.54,38.51874,0.34992,0.342216252,fully executed
2026-07-06 11:55:23,Close short,USDT,HYPEUSDT,Limit edited,71.263,,0.54,0.0,0.0,0.0,0.0,cancelled
2026-07-06 11:54:38,Close short,USDT,HYPEUSDT,Limit edited,71.256,,0.54,0.0,0.0,0.0,0.0,cancelled
2026-07-06 11:47:02,Close short,USDT,HYPEUSDT,Limit edited,71.243,,0.54,0.0,0.0,0.0,0.0,cancelled
2026-07-06 11:14:37,Close short,USDT,HYPEUSDT,Limit,71.331,,0.54,0.0,0.0,0.0,0.0,cancelled
2026-07-06 11:13:57,Open short,USDT,HYPEUSDT,Trigger order—limit,71.979,71.979,0.54,0.54,38.86866,0.0,0.0,fully executed
2026-07-05 21:07:40,Close long,USDT,SOLUSDT,Limit,81.6,81.6,0.6,0.6,48.96,0.4752,0.465408,fully executed
2026-07-05 21:05:11,Open long,USDT,SOLUSDT,Trigger order—limit,80.808,80.808,0.6,0.6,48.4848,0.0,0.0,fully executed
2026-07-05 20:32:30,Open long,USDT,SOLUSDT,Limit edited,81.038,,0.6,0.0,0.0,0.0,0.0,cancelled
2026-07-05 20:31:32,Open long,USDT,SOLUSDT,Limit edited,80.897,,0.6,0.0,0.0,0.0,0.0,cancelled
2026-07-05 20:31:27,Open long,USDT,SOLUSDT,Limit,80.854,,0.6,0.0,0.0,0.0,0.0,cancelled
2026-07-05 19:01:01,Close short,USDT,SOLUSDT,Position SL—market,,80.557,0.4,0.4,32.2228,0.0204,0.00106632,fully executed
2026-07-05 18:48:51,Close short,USDT,SOLUSDT,Limit edited,79.394,,0.4,0.0,0.0,0.0,0.0,cancelled
2026-07-05 17:31:53,Close short,USDT,SOLUSDT,Limit edited,79.399,,0.4,0.0,0.0,0.0,0.0,cancelled
2026-07-05 17:31:40,Close short,USDT,SOLUSDT,Limit edited,79.396,,0.4,0.0,0.0,0.0,0.0,cancelled
2026-07-05 17:30:27,Close short,USDT,SOLUSDT,Limit edited,79.369,,0.4,0.0,0.0,0.0,0.0,cancelled
2026-07-05 10:08:41,Close short,USDT,SOLUSDT,Limit edited,79.753,,0.4,0.0,0.0,0.0,0.0,cancelled
2026-07-05 10:08:33,Close short,USDT,SOLUSDT,Limit,79.796,,0.4,0.0,0.0,0.0,0.0,cancelled
2026-07-05 10:07:28,Open short,USDT,SOLUSDT,Limit edited,80.608,80.608,0.4,0.4,32.2432,0.0,0.0,fully executed
2026-07-05 10:07:25,Open short,USDT,SOLUSDT,Limit,80.621,,0.4,0.0,0.0,0.0,0.0,cancelled
2026-07-04 15:57:39,Close short,USDT,SOLUSDT,Position SL—market,,82.777,0.6,0.6,49.6662,-0.1668,-0.19659972,fully executed
2026-07-04 14:55:53,Open short,USDT,SOLUSDT,Limit edited,82.499,82.499,0.6,0.6,49.4994,0.0,0.0,fully executed
2026-07-04 14:55:48,Open short,USDT,SOLUSDT,Limit,82.493,,0.6,0.0,0.0,0.0,0.0,cancelled
2026-07-03 16:53:13,Close long,USDT,HYPEUSDT,Market,,67.419,0.61,0.61,41.12559,0.01342,-0.011255354,fully executed
2026-07-03 15:43:57,Close long,USDT,HYPEUSDT,Limit,67.965,,0.61,0.0,0.0,0.0,0.0,cancelled
2026-07-03 15:42:10,Open long,USDT,HYPEUSDT,Trigger order—limit,67.397,67.397,0.61,0.61,41.11217,0.0,0.0,fully executed
2026-07-03 13:33:17,Open long,USDT,HYPEUSDT,Limit,67.535,,0.32,0.0,0.0,0.0,0.0,cancelled
2026-07-03 11:32:34,Close short,USDT,HYPEUSDT,Market,,66.693,0.62,0.62,41.34966,-0.12338,-0.148189796,fully executed
2026-07-03 10:44:47,Close short,USDT,HYPEUSDT,Limit,65.917,,0.62,0.0,0.0,0.0,0.0,cancelled
2026-07-03 10:42:46,Open short,USDT,HYPEUSDT,Trigger order—limit,66.494,66.494,0.62,0.62,41.22628,0.0,0.0,fully executed
2026-07-03 10:31:24,Open short,USDT,HYPEUSDT,Limit,66.549,,0.67,0.0,0.0,0.0,0.0,cancelled
2026-07-03 10:29:57,Close long,USDT,SOLUSDT,Market,,81.103,0.6,0.6,48.6618,-0.3042,-0.33339708,fully executed
2026-07-03 09:54:02,Close long,USDT,SOLUSDT,Limit,82.156,,0.6,0.0,0.0,0.0,0.0,cancelled
2026-07-03 09:52:21,Open long,USDT,SOLUSDT,Trigger order—limit,81.61,81.61,0.6,0.6,48.966,0.0,0.0,fully executed
2026-07-02 20:21:16,Close long,USDT,SOLUSDT,Market,,81.707,0.1,0.1,8.1707,0.046,0.04109758,fully executed
2026-07-02 19:16:14,Close long,USDT,HYPEUSDT,Limit edited,65.016,65.016,0.56,0.56,36.40896,0.34944,0.342158208,fully executed
2026-07-02 19:12:41,Close long,USDT,HYPEUSDT,Limit edited,65.224,,0.56,0.0,0.0,0.0,0.0,cancelled
2026-07-02 19:09:21,Close long,USDT,HYPEUSDT,Limit,65.017,,0.56,0.0,0.0,0.0,0.0,cancelled
2026-07-02 18:52:25,Open long,USDT,HYPEUSDT,Trigger order—limit,64.392,64.392,0.56,0.56,36.05952,0.0,0.0,fully executed
2026-07-02 18:43:16,Open long,USDT,SOLUSDT,Trigger order—limit,81.247,81.247,0.1,0.1,8.1247,0.0,0.0,fully executed
2026-07-02 18:42:10,Open long,USDT,SOLUSDT,Limit edited,81.019,,0.2,0.0,0.0,0.0,0.0,cancelled
2026-07-02 18:42:02,Open long,USDT,SOLUSDT,Limit,80.911,,0.2,0.0,0.0,0.0,0.0,cancelled
2026-07-02 15:45:35,Close short,USDT,SOXLUSDT,Market,,208.13,0.08,0.08,16.6504,0.016,0.00600976,fully executed
2026-07-02 15:13:47,Close short,USDT,SOXLUSDT,Limit edited,199.0,,0.08,0.0,0.0,0.0,0.0,cancelled
2026-07-02 14:50:32,Close short,USDT,SOXLUSDT,Limit,203.27,,0.08,0.0,0.0,0.0,0.0,cancelled
2026-07-02 14:50:13,Open short,USDT,SOXLUSDT,Trigger order—limit,208.33,208.33,0.08,0.08,16.6664,0.0,0.0,fully executed
2026-07-02 14:25:35,Close short,USDT,HYPEUSDT,Market,,63.407,0.57,0.57,36.14199,-0.11571,-0.137395194,fully executed
2026-07-02 14:22:50,Close short,USDT,SOLUSDT,Market,,78.307,0.5,0.5,39.1535,-0.253,-0.2764921,fully executed
2026-07-02 14:15:17,Open short,USDT,SOXLUSDT,Limit,211.26,,0.05,0.0,0.0,0.0,0.0,cancelled
2026-07-02 14:15:12,Open short,USDT,SOXLUSDT,Limit,211.26,,0.05,0.0,0.0,0.0,0.0,cancelled
2026-07-02 14:06:52,Close short,USDT,HYPEUSDT,Limit,62.577,,0.57,0.0,0.0,0.0,0.0,cancelled
2026-07-02 14:06:34,Open short,USDT,HYPEUSDT,Trigger order—limit,63.204,63.204,0.57,0.57,36.02628,0.0,0.0,fully executed
2026-07-02 13:40:42,Close short,USDT,SOLUSDT,Limit,77.091,,0.5,0.0,0.0,0.0,0.0,cancelled
2026-07-02 13:40:07,Open short,USDT,SOLUSDT,Trigger order—limit,77.801,77.801,0.5,0.5,38.9005,0.0,0.0,fully executed
2026-07-02 12:20:18,Close long,USDT,HYPEUSDT,Market,,63.38,0.28,0.28,17.7464,0.11172,0.10107216,fully executed
2026-07-02 12:15:22,Close short,USDT,SOXLUSDT,Limit edited,219.77,219.77,0.07,0.07,15.3839,0.3955,0.39242322,fully executed
2026-07-02 11:23:39,Close short,USDT,SOXLUSDT,Limit edited,220.12,,0.07,0.0,0.0,0.0,0.0,cancelled
2026-07-02 11:23:30,Close short,USDT,SOXLUSDT,Limit edited,220.05,,0.07,0.0,0.0,0.0,0.0,cancelled
2026-07-02 11:21:35,Open short,USDT,SOLUSDT,Limit,78.068,,0.5,0.0,0.0,0.0,0.0,cancelled
2026-07-02 10:30:31,Close short,USDT,SOXLUSDT,Limit,220.35,,0.07,0.0,0.0,0.0,0.0,cancelled
2026-07-02 10:30:03,Open short,USDT,SOXLUSDT,Trigger order—limit,225.42,225.42,0.07,0.07,15.7794,0.0,0.0,fully executed
2026-07-02 09:51:07,Close long,USDT,SOLUSDT,Market,,78.041,0.4,0.4,31.2164,0.1688,0.15007016,fully executed
2026-07-02 09:37:18,Close long,USDT,HYPEUSDT,Limit,64.262,,0.28,0.0,0.0,0.0,0.0,cancelled
2026-07-02 09:35:55,Open long,USDT,HYPEUSDT,Trigger order—limit,62.981,62.981,0.28,0.28,17.63468,0.0,0.0,fully executed
2026-07-02 09:31:00,Close long,USDT,SOLUSDT,Limit edited,79.153,,0.4,0.0,0.0,0.0,0.0,cancelled
2026-07-02 09:17:18,Close long,USDT,SOLUSDT,Limit,78.388,,0.4,0.0,0.0,0.0,0.0,cancelled
2026-07-02 09:15:58,Open long,USDT,SOLUSDT,Trigger order—limit,77.619,77.619,0.4,0.4,31.0476,0.0,0.0,fully executed
2026-07-02 09:13:08,Open long,USDT,SOLUSDT,Limit,77.461,,0.5,0.0,0.0,0.0,0.0,cancelled
2026-07-01 23:06:44,Close short,USDT,HYPEUSDT,Market,,64.246,0.25,0.25,16.0615,-0.22275,-0.2323869,fully executed
2026-07-01 22:41:01,Open long,USDT,SOLUSDT,Limit,76.821,,2.0,0.0,0.0,0.0,0.0,cancelled
2026-07-01 22:38:32,Close short,USDT,HYPEUSDT,Limit,61.877,,0.25,0.0,0.0,0.0,0.0,cancelled
2026-07-01 22:37:49,Open short,USDT,HYPEUSDT,Trigger order—limit,63.355,63.355,0.25,0.25,15.83875,0.0,0.0,fully executed
2026-07-01 22:33:15,Close long,USDT,HYPEUSDT,Market,,63.594,0.58,0.58,36.88452,-0.39034,-0.412470712,fully executed
2026-07-01 22:15:33,Close long,USDT,SOLUSDT,Limit,76.952,76.952,0.5,0.5,38.476,0.336,0.3283048,fully executed
2026-07-01 22:15:01,Open long,USDT,SOLUSDT,Trigger order—limit,76.28,76.28,0.5,0.5,38.14,0.0,0.0,fully executed
2026-07-01 22:11:19,Close long,USDT,HYPEUSDT,Limit,64.953,,0.58,0.0,0.0,0.0,0.0,cancelled
2026-07-01 22:11:05,Open long,USDT,HYPEUSDT,Limit,64.267,64.267,0.58,0.58,37.27486,0.0,0.0,fully executed
2026-07-01 21:30:35,Close long,USDT,HYPEUSDT,Market,,62.646,0.58,0.58,36.33468,-0.17052,-0.192320808,fully executed
2026-07-01 21:29:45,Close long,USDT,HYPEUSDT,Limit edited,63.541,,0.58,0.0,0.0,0.0,0.0,cancelled
2026-07-01 21:14:39,Close long,USDT,HYPEUSDT,Limit,64.132,,0.58,0.0,0.0,0.0,0.0,cancelled
2026-07-01 21:05:59,Open long,USDT,HYPEUSDT,Trigger order—limit,62.94,62.94,0.58,0.58,36.5052,0.0,0.0,fully executed
2026-07-01 14:51:46,Close short,USDT,HYPEUSDT,Position SL—market,,64.919,0.86,0.86,55.83034,0.1075,0.074001796,fully executed
2026-07-01 14:48:29,Close short,USDT,HYPEUSDT,Limit edited,64.532,,0.86,0.0,0.0,0.0,0.0,cancelled
2026-07-01 14:42:27,Close short,USDT,HYPEUSDT,Limit edited,64.53,,0.86,0.0,0.0,0.0,0.0,cancelled
2026-07-01 14:39:01,Close short,USDT,HYPEUSDT,Limit edited,64.471,,0.86,0.0,0.0,0.0,0.0,cancelled
2026-07-01 14:38:13,Close short,USDT,HYPEUSDT,Limit edited,64.415,,0.86,0.0,0.0,0.0,0.0,cancelled
2026-07-01 14:38:10,Close short,USDT,HYPEUSDT,Limit edited,64.406,,0.86,0.0,0.0,0.0,0.0,cancelled
2026-07-01 14:35:55,Close short,USDT,HYPEUSDT,Limit edited,64.494,,0.86,0.0,0.0,0.0,0.0,cancelled
2026-07-01 14:35:48,Close short,USDT,HYPEUSDT,Limit edited,64.475,,0.86,0.0,0.0,0.0,0.0,cancelled
2026-07-01 14:35:45,Close short,USDT,HYPEUSDT,Limit edited,64.411,,0.86,0.0,0.0,0.0,0.0,cancelled
2026-07-01 14:21:55,Close short,USDT,HYPEUSDT,Limit,64.653,,0.86,0.0,0.0,0.0,0.0,cancelled
2026-07-01 14:21:00,Open short,USDT,HYPEUSDT,Trigger order—limit,65.044,65.044,0.86,0.86,55.93784,0.0,0.0,fully executed
2026-07-01 14:06:27,Close long,USDT,SOLUSDT,Market,,75.035,0.3,0.3,22.5105,0.0291,0.0155937,fully executed
2026-07-01 10:45:44,Close long,USDT,SOLUSDT,Limit,76.126,,0.3,0.0,0.0,0.0,0.0,cancelled
2026-07-01 10:44:34,Open long,USDT,SOLUSDT,Limit,74.938,74.938,0.3,0.3,22.4814,0.0,0.0,fully executed
2026-06-20 12:25:21,Open long,USDT,HYPEUSDT,Limit edited,69.154,,0.54,0.0,0.0,0.0,0.0,cancelled
2026-06-20 12:25:15,Open long,USDT,HYPEUSDT,Limit,69.151,,0.54,0.0,0.0,0.0,0.0,cancelled
2026-06-19 22:28:19,Close short,USDT,HYPEUSDT,Market,,68.333,0.6,0.6,40.9998,-0.2472,-0.27179988,fully executed
2026-06-19 22:18:20,Close short,USDT,HYPEUSDT,Limit edited,67.401,,0.6,0.0,0.0,0.0,0.0,cancelled
2026-06-19 22:17:28,Close short,USDT,HYPEUSDT,Limit,67.35,,0.6,0.0,0.0,0.0,0.0,cancelled
2026-06-19 22:16:53,Open short,USDT,HYPEUSDT,Limit,67.921,67.921,0.6,0.6,40.7526,0.0,0.0,fully executed
2026-06-19 18:08:41,Close short,USDT,HYPEUSDT,Position SL—market,,66.95,0.41,0.41,27.4495,-0.12587,-0.1423397,fully executed
2026-06-19 18:05:42,Close short,USDT,HYPEUSDT,Limit edited,66.664,,0.41,0.0,0.0,0.0,0.0,cancelled
2026-06-19 18:05:22,Close short,USDT,HYPEUSDT,Limit edited,66.684,,0.41,0.0,0.0,0.0,0.0,cancelled
2026-06-19 18:05:05,Close short,USDT,HYPEUSDT,Limit,66.559,,0.41,0.0,0.0,0.0,0.0,cancelled
2026-06-19 18:03:07,Open short,USDT,HYPEUSDT,Limit,66.643,66.643,0.41,0.41,27.32363,0.0,0.0,fully executed
2026-06-19 17:11:03,Open short,USDT,HYPEUSDT,Limit,67.057,,0.54,0.0,0.0,0.0,0.0,cancelled
2026-06-19 17:10:35,Open short,USDT,HYPEUSDT,Limit,67.057,,0.54,0.0,0.0,0.0,0.0,cancelled
2026-06-19 17:10:20,Open short,USDT,HYPEUSDT,Limit,67.057,,0.54,0.0,0.0,0.0,0.0,cancelled
2026-06-19 16:23:34,Close short,USDT,HYPEUSDT,Market,,67.472,0.44,0.44,29.68768,-0.31108,-0.328892608,fully executed
2026-06-19 15:44:37,Close short,USDT,HYPEUSDT,Limit edited,65.764,,0.44,0.0,0.0,0.0,0.0,cancelled
2026-06-19 15:36:14,Close short,USDT,HYPEUSDT,Limit,66.006,,0.44,0.0,0.0,0.0,0.0,cancelled
2026-06-19 15:35:30,Open short,USDT,HYPEUSDT,Limit,66.765,66.765,0.44,0.44,29.3766,0.0,0.0,fully executed
2026-06-19 15:35:24,Open short,USDT,HYPEUSDT,Limit,66.765,,0.44,0.0,0.0,0.0,0.0,cancelled
2026-06-19 14:13:05,Close short,USDT,HYPEUSDT,Market,,67.067,0.54,0.54,36.21618,-0.16794,-0.189669708,fully executed
2026-06-19 14:11:39,Close short,USDT,HYPEUSDT,Limit,66.12,,0.54,0.0,0.0,0.0,0.0,cancelled
2026-06-19 14:11:18,Open short,USDT,HYPEUSDT,Trigger order—limit,66.749,66.756,0.54,0.54,36.04824,0.0,0.0,fully executed
2026-06-19 11:13:49,Close long,USDT,HYPEUSDT,Position SL—market,,67.469,0.58,0.58,39.13202,0.07076,0.047280788,fully executed
2026-06-19 10:52:27,Close long,USDT,HYPEUSDT,Limit edited,68.542,,0.58,0.0,0.0,0.0,0.0,cancelled
2026-06-19 10:48:15,Close long,USDT,HYPEUSDT,Limit,67.941,,0.58,0.0,0.0,0.0,0.0,cancelled
2026-06-19 10:47:33,Open long,USDT,HYPEUSDT,Trigger order—limit,67.347,67.347,0.58,0.58,39.06126,0.0,0.0,fully executed
2026-06-18 21:30:39,Close short,USDT,HYPEUSDT,Limit,71.04,71.04,0.54,0.54,38.3616,0.33588,0.32820768,fully executed
2026-06-18 21:30:18,Open short,USDT,HYPEUSDT,Limit,71.662,71.662,0.54,0.54,38.69748,0.0,0.0,fully executed
2026-06-18 21:30:13,Open short,USDT,HYPEUSDT,Limit,71.662,,0.54,0.0,0.0,0.0,0.0,cancelled
2026-06-18 19:38:04,Close short,USDT,HYPEUSDT,Limit edited,70.874,70.874,0.94,0.94,66.62156,0.3384,0.325075688,fully executed
2026-06-18 19:37:57,Close short,USDT,HYPEUSDT,Limit,70.877,,0.94,0.0,0.0,0.0,0.0,cancelled
2026-06-18 19:37:34,Open short,USDT,HYPEUSDT,Limit,71.234,71.234,0.94,0.94,66.95996,0.0,0.0,fully executed
2026-06-18 18:50:51,Close short,USDT,HYPEUSDT,Market,,71.925,0.57,0.57,40.99725,-0.286940000001,-0.311538350001,fully executed
2026-06-18 18:45:31,Close short,USDT,HYPEUSDT,Limit edited,71.241,,0.57,0.0,0.0,0.0,0.0,cancelled
2026-06-18 18:43:09,Close short,USDT,HYPEUSDT,Limit,71.418,,0.57,0.0,0.0,0.0,0.0,cancelled
2026-06-18 18:40:30,Open short,USDT,HYPEUSDT,Trigger order—limit,71.411,71.421596491228,0.57,0.57,40.71031,0.0,0.0,fully executed
2026-06-18 15:10:18,Close long,USDT,HYPEUSDT,Market,,70.82,0.54,0.54,38.2428,0.22032,0.19737432,fully executed
2026-06-18 14:46:46,Close long,USDT,HYPEUSDT,Limit edited,71.413,,0.54,0.0,0.0,0.0,0.0,cancelled
2026-06-18 14:28:22,Close long,USDT,HYPEUSDT,Limit,71.079,,0.54,0.0,0.0,0.0,0.0,cancelled
2026-06-18 14:27:48,Open long,USDT,HYPEUSDT,Limit,70.412,70.412,0.54,0.54,38.02248,0.0,0.0,fully executed
2026-06-18 14:27:41,Open long,USDT,HYPEUSDT,Limit,70.412,,0.54,0.0,0.0,0.0,0.0,cancelled
2026-06-18 14:22:51,Close short,USDT,HYPEUSDT,Position SL—market,,70.184,0.84,0.84,58.95456,-0.29148,-0.326852736,fully executed
2026-06-18 14:11:40,Close short,USDT,HYPEUSDT,Limit,69.045,,0.84,0.0,0.0,0.0,0.0,cancelled
2026-06-18 14:11:09,Open short,USDT,HYPEUSDT,Trigger order—limit,69.835,69.837,0.84,0.84,58.66308,0.0,0.0,fully executed
2026-06-18 12:29:45,Close short,USDT,HYPEUSDT,Limit edited,68.789,68.789,0.5,0.5,34.3945,0.3695,0.3626211,fully executed
2026-06-18 12:28:55,Close short,USDT,HYPEUSDT,Limit edited,68.643,,0.5,0.0,0.0,0.0,0.0,cancelled
2026-06-18 12:28:52,Close short,USDT,HYPEUSDT,Limit edited,68.6,,0.5,0.0,0.0,0.0,0.0,cancelled
2026-06-18 12:20:38,Close short,USDT,HYPEUSDT,Limit,68.792,,0.5,0.0,0.0,0.0,0.0,cancelled
2026-06-18 12:20:22,Open short,USDT,HYPEUSDT,Trigger order—limit,69.528,69.528,0.5,0.5,34.764,0.0,0.0,fully executed
2026-06-18 09:09:18,Open long,USDT,HYPEUSDT,Limit,73.145,,0.4,0.0,0.0,0.0,0.0,cancelled
2026-06-17 23:37:24,Close long,USDT,HYPEUSDT,Limit,74.216,74.216,0.4,0.4,29.6864,0.43,0.42406272,fully executed
2026-06-17 23:36:57,Open long,USDT,HYPEUSDT,Limit,73.141,73.141,0.4,0.4,29.2564,0.0,0.0,fully executed
2026-06-17 23:36:35,Open long,USDT,HYPEUSDT,Limit,73.141,,0.5,0.0,0.0,0.0,0.0,cancelled
2026-06-17 22:50:39,Close short,USDT,HYPEUSDT,Position SL—market,,72.27,0.52,0.52,37.5804,-0.31304,-0.33558824,fully executed
2026-06-17 22:48:26,Close short,USDT,HYPEUSDT,Limit edited,70.932,,0.52,0.0,0.0,0.0,0.0,cancelled
2026-06-17 22:48:01,Close short,USDT,HYPEUSDT,Limit,70.98,,0.52,0.0,0.0,0.0,0.0,cancelled
2026-06-17 22:47:35,Open short,USDT,HYPEUSDT,Trigger order—limit,71.668,71.668,0.52,0.52,37.26736,0.0,0.0,fully executed
2026-06-17 20:49:01,Close short,USDT,HYPEUSDT,Position SL—market,,71.33,0.17,0.17,12.1261,0.13464,0.12736434,fully executed
2026-06-17 20:23:50,Close short,USDT,HYPEUSDT,Limit,70.045,70.045,0.18,0.18,12.6081,0.37386,0.37133838,fully executed
2026-06-17 20:23:00,Close short,USDT,HYPEUSDT,Limit,70.045,,0.11,0.0,0.0,0.0,0.0,cancelled
2026-06-17 20:22:38,Close short,USDT,HYPEUSDT,Limit,70.045,,0.09,0.0,0.0,0.0,0.0,cancelled
2026-06-17 20:22:18,Close short,USDT,HYPEUSDT,Limit edited,69.004,,0.35,0.0,0.0,0.0,0.0,cancelled
2026-06-17 19:07:21,Close short,USDT,HYPEUSDT,Limit edited,70.03,,0.35,0.0,0.0,0.0,0.0,cancelled
2026-06-17 19:06:57,Close short,USDT,HYPEUSDT,Limit edited,69.544,,0.35,0.0,0.0,0.0,0.0,cancelled
2026-06-17 18:50:20,Close short,USDT,HYPEUSDT,Limit,71.089,,0.35,0.0,0.0,0.0,0.0,cancelled
2026-06-17 18:49:34,Open short,USDT,HYPEUSDT,Limit,72.122,72.122,0.35,0.35,25.2427,0.0,0.0,fully executed
2026-06-17 18:24:33,Close short,USDT,SOXLUSDT,Market,,242.16,0.06,0.06,14.5296,-0.2022,-0.21091776,fully executed
2026-06-17 18:07:35,Open short,USDT,SOXLUSDT,Trigger order—limit,238.64,238.79,0.06,0.06,14.3274,0.0,0.0,fully executed
2026-06-17 17:50:43,Close long,USDT,SOXLUSDT,Position SL—market,,241.61,0.2,0.2,48.322,-0.32,-0.3489932,fully executed
2026-06-17 17:01:56,Close long,USDT,SOXLUSDT,Limit,245.32,,0.2,0.0,0.0,0.0,0.0,cancelled
2026-06-17 17:01:17,Open long,USDT,SOXLUSDT,Limit,243.21,243.21,0.2,0.2,48.642,0.0,0.0,fully executed
2026-06-16 22:38:07,Close long,USDT,ETHUSDT,Limit,1797.4,1797.4,0.04,0.04,71.896,0.818,0.8036208,fully executed
2026-06-16 22:37:38,Open long,USDT,ETHUSDT,Trigger order—limit,1777.01,1776.95,0.04,0.04,71.078,0.0,0.0,fully executed
2026-06-16 21:10:17,Close long,USDT,SOLUSDT,Market,,74.32,0.4,0.4,29.728,-0.2772,-0.2950368,fully executed
2026-06-16 20:20:14,Open long,USDT,SOLUSDT,Limit,75.013,75.013,0.4,0.4,30.0052,0.0,0.0,fully executed
2026-06-16 15:12:56,Close long,USDT,HYPEUSDT,Market,,71.95,0.27,0.27,19.4265,-0.21897,-0.2306259,fully executed
2026-06-16 15:06:44,Close long,USDT,HYPEUSDT,Limit,74.116,,0.27,0.0,0.0,0.0,0.0,cancelled
2026-06-16 15:06:09,Open long,USDT,HYPEUSDT,Trigger order—limit,72.761,72.761,0.27,0.27,19.64547,0.0,0.0,fully executed
2026-06-16 14:48:38,Close long,USDT,SOLUSDT,Limit,75.131,75.131,0.4,0.4,30.0524,0.3948,0.38878952,fully executed
2026-06-16 14:46:48,Open long,USDT,SOLUSDT,Trigger order—limit,74.144,74.144,0.4,0.4,29.6576,0.0,0.0,fully executed
2026-06-16 14:42:42,Open long,USDT,SOLUSDT,Limit,73.992,,0.4,0.0,0.0,0.0,0.0,cancelled
2026-06-16 13:03:13,Close short,USDT,SOLUSDT,Market,,73.535,0.4,0.4,29.414,0.0704,0.0527516,fully executed
2026-06-16 13:00:46,Open long,USDT,HYPEUSDT,Limit,70.501,,0.25,0.0,0.0,0.0,0.0,cancelled
2026-06-16 13:00:40,Open long,USDT,HYPEUSDT,Limit,70.501,,0.25,0.0,0.0,0.0,0.0,cancelled
2026-06-16 13:00:36,Open long,USDT,HYPEUSDT,Limit,70.501,,0.25,0.0,0.0,0.0,0.0,cancelled
2026-06-16 12:17:23,Close short,USDT,SOLUSDT,Limit,72.862,,0.4,0.0,0.0,0.0,0.0,cancelled
2026-06-16 12:16:41,Close short,USDT,ETHUSDT,Limit,1764.25,1764.25,0.05,0.05,88.2125,0.528,0.5103575,fully executed
2026-06-16 12:16:06,Open short,USDT,ETHUSDT,Limit,1774.81,1774.81,0.05,0.05,88.7405,0.0,0.0,fully executed
2026-06-16 12:15:12,Open short,USDT,SOLUSDT,Limit edited,73.711,73.711,0.4,0.4,29.4844,0.0,0.0,fully executed
2026-06-16 12:14:56,Open short,USDT,SOLUSDT,Limit,73.724,,0.4,0.0,0.0,0.0,0.0,cancelled
2026-06-15 22:22:16,Close long,USDT,BTCUSDT,Limit,66886.8,66886.8,0.0008,0.0008,53.50944,0.33368,0.322978112,fully executed
2026-06-15 22:19:10,Open long,USDT,BTCUSDT,Limit,66469.7,66469.7,0.0008,0.0008,53.17576,0.0,0.0,fully executed
2026-06-15 22:19:04,Open long,USDT,BTCUSDT,Limit,66469.7,,0.0008,0.0,0.0,0.0,0.0,cancelled
2026-06-15 19:56:31,Close long,USDT,ETHUSDT,Limit,1790.34,1790.34,0.02,0.02,35.8068,0.5103,0.50313864,fully executed
2026-06-15 19:51:51,Open long,USDT,ETHUSDT,Trigger order—limit,1764.81,1764.81,0.01,0.01,17.6481,0.0,0.0,fully executed
2026-06-15 19:50:48,Open long,USDT,ETHUSDT,Trigger order—limit,1764.84,1764.84,0.01,0.01,17.6484,0.0,0.0,fully executed
2026-06-15 17:51:42,Open long,USDT,HUSDT,Limit,0.47782,,20.0,0.0,0.0,0.0,0.0,cancelled
2026-06-15 10:03:11,Close long,USDT,HYPEUSDT,Limit edited,65.548,65.548,0.76,0.76,49.81648,1.254,1.244036704,fully executed
2026-06-15 09:48:26,Close long,USDT,HYPEUSDT,Limit,64.87,,0.76,0.0,0.0,0.0,0.0,cancelled
2026-06-15 09:47:09,Open long,USDT,HYPEUSDT,Trigger order—limit,63.915,63.898,0.76,0.76,48.56248,0.0,0.0,fully executed
2026-06-14 23:16:23,Close long,USDT,SOLUSDT,Limit,68.059,68.059,0.5,0.5,34.0295,0.3545,0.3476941,fully executed
2026-06-14 23:08:16,Open long,USDT,SOLUSDT,Trigger order—limit,67.35,67.35,0.5,0.5,33.675,0.0,0.0,fully executed
2026-06-14 22:53:00,Open long,USDT,SOLUSDT,Limit,67.065,,0.5,0.0,0.0,0.0,0.0,cancelled
2026-06-14 21:05:30,Close short,USDT,BEATUSDT,Market,,5.48281,2.0,2.0,10.96562,0.01196,0.005380628,fully executed
2026-06-14 20:54:03,Open short,USDT,BEATUSDT,Limit,5.48879,5.48879,2.0,2.0,10.97758,0.0,0.0,fully executed
2026-06-14 20:52:08,Open short,USDT,BEATUSDT,Limit,5.48879,,3.0,0.0,0.0,0.0,0.0,cancelled
2026-06-14 19:04:00,Close long,USDT,SOLUSDT,Market,,68.036,0.6,0.6,40.8216,-0.2388,-0.26329296,fully executed
2026-06-14 17:58:41,Close long,USDT,SOLUSDT,Limit,69.573,,0.6,0.0,0.0,0.0,0.0,cancelled
2026-06-14 17:57:30,Open long,USDT,SOLUSDT,Trigger order—limit,68.434,68.434,0.6,0.6,41.0604,0.0,0.0,fully executed
2026-06-14 16:42:22,Close short,USDT,BEATUSDT,Market,,6.84546,2.0,2.0,13.69092,-0.23198,-0.240194552,fully executed
2026-06-14 16:22:45,Close short,USDT,SOLUSDT,Limit,68.059,68.059,1.4,1.4,95.2826,0.3094,0.29034348,fully executed
2026-06-14 16:20:47,Open short,USDT,SOLUSDT,Limit,68.28,68.28,1.4,1.4,95.592,0.0,0.0,fully executed
2026-06-14 16:19:45,Open short,USDT,SOLUSDT,Limit,68.281,,0.5,0.0,0.0,0.0,0.0,cancelled
2026-06-14 16:18:07,Close short,USDT,BEATUSDT,Limit,6.26367,,2.0,0.0,0.0,0.0,0.0,cancelled
2026-06-14 16:17:28,Open short,USDT,BEATUSDT,Market,,6.72947,2.0,2.0,13.45894,0.0,0.0,fully executed
2026-06-14 16:07:11,Open short,USDT,BEATUSDT,Limit,6.86695,,2.0,0.0,0.0,0.0,0.0,cancelled
2026-06-14 16:00:05,Close short,USDT,BEATUSDT,Market,,7.17,2.0,2.0,14.34,-0.67884,-0.687444,fully executed
2026-06-14 14:19:44,Close short,USDT,BEATUSDT,Limit,6.28988,,2.0,0.0,0.0,0.0,0.0,cancelled
2026-06-14 14:19:05,Open short,USDT,BEATUSDT,Trigger order—limit,6.83058,6.83058,2.0,2.0,13.66116,0.0,0.0,fully executed
2026-06-14 13:54:06,Close short,USDT,BEATUSDT,Position SL—market,,7.13741,2.0,2.0,14.27482,-0.76014,-0.768704892,fully executed
2026-06-14 13:42:58,Close short,USDT,BEATUSDT,Limit edited,6.37631,,2.0,0.0,0.0,0.0,0.0,cancelled
2026-06-14 12:32:46,Close short,USDT,BEATUSDT,Limit,6.37943,,2.0,0.0,0.0,0.0,0.0,cancelled
2026-06-14 12:32:08,Open short,USDT,BEATUSDT,Market,,6.75734,2.0,2.0,13.51468,0.0,0.0,fully executed
2026-06-13 18:18:39,Close long,USDT,BEATUSDT,Market,,9.18027,6.0,6.0,55.08162,0.61656,0.583511028,fully executed
2026-06-13 16:24:29,Close long,USDT,BEATUSDT,Limit,9.58592,,6.0,0.0,0.0,0.0,0.0,cancelled
2026-06-13 16:23:28,Open long,USDT,BEATUSDT,Market,,9.09267,3.0,3.0,27.27801,0.0,0.0,fully executed
2026-06-13 16:23:09,Open long,USDT,BEATUSDT,Market,,9.06235,3.0,3.0,27.18705,0.0,0.0,fully executed
2026-06-13 16:16:27,Close short,USDT,SIRENUSDT,Market,,0.16249,70.0,70.0,11.3743,-2.7216,-2.72842458,fully executed
2026-06-13 14:52:24,Close short,USDT,SIRENUSDT,Limit edited,0.08004,,70.0,0.0,0.0,0.0,0.0,cancelled
2026-06-13 14:16:25,Close short,USDT,SIRENUSDT,Limit,0.08827,,70.0,0.0,0.0,0.0,0.0,cancelled
2026-06-13 14:12:03,Open short,USDT,SIRENUSDT,Market,,0.12361,70.0,70.0,8.6527,0.0,0.0,fully executed
2026-06-11 12:12:49,Close short,USDT,XAUUSDT,Market,,4086.4,0.01,0.01,40.864,0.0804,0.0558816,fully executed
2026-06-11 10:31:34,Close short,USDT,XAUUSDT,Limit edited,4036.08,,0.01,0.0,0.0,0.0,0.0,cancelled
2026-06-11 10:31:27,Close short,USDT,XAUUSDT,Limit edited,4035.76,,0.01,0.0,0.0,0.0,0.0,cancelled
2026-06-11 10:17:09,Close short,USDT,XAUUSDT,Limit,4065.11,,0.01,0.0,0.0,0.0,0.0,cancelled
2026-06-11 10:16:31,Open short,USDT,XAUUSDT,Limit,4094.44,4094.44,0.01,0.01,40.9444,0.0,0.0,fully executed
2026-06-11 10:16:26,Open short,USDT,XAUUSDT,Limit,4094.44,,0.1,0.0,0.0,0.0,0.0,cancelled
2026-06-10 15:28:16,Close short,USDT,XAUUSDT,Limit,4172.65,4172.65,0.02,0.02,83.453,0.5416,0.5249094,fully executed
2026-06-10 15:27:44,Open short,USDT,XAUUSDT,Trigger order—limit,4199.73,4199.73,0.02,0.02,83.9946,0.0,0.0,fully executed
2026-06-10 15:26:15,Close short,USDT,BTCUSDT,Market,,61601.8,0.0001,0.0001,6.16018,-0.03022,-0.033916108,fully executed
2026-06-10 14:08:25,Close short,USDT,XAUUSDT,Position SL—market,,4226.0,0.01,0.01,42.26,-0.4215,-0.446856,fully executed
2026-06-10 10:32:50,Open short,USDT,XAUUSDT,Trigger order—limit,4183.44,4183.85,0.01,0.01,41.8385,0.0,0.0,fully executed
2026-06-09 22:49:37,Close short,USDT,BTCUSDT,Limit,60058.2,,0.0001,0.0,0.0,0.0,0.0,cancelled
2026-06-09 22:46:02,Open short,USDT,BTCUSDT,Trigger order—limit,61299.6,61299.6,0.0001,0.0001,6.12996,0.0,0.0,fully executed
2026-06-07 09:25:59,Close long,USDT,BTCUSDT,Limit,62056.2,62056.2,0.0007,0.0007,43.43934,0.46347,0.454782132,fully executed
2026-06-07 09:16:48,Open long,USDT,BTCUSDT,Trigger order—limit,61394.1,61394.1,0.0007,0.0007,42.97587,0.0,0.0,fully executed
2026-06-06 21:23:44,Open short,USDT,ZECUSDT,Trigger order—limit,368.13,,0.029,0.0,0.0,0.0,0.0,cancelled
2026-06-06 20:52:55,Close short,USDT,ZECUSDT,Market,,373.51,0.019,0.019,7.09669,-0.22439,-0.228648014,fully executed
2026-06-06 20:13:11,Close short,USDT,ZECUSDT,Limit,325.69,,0.019,0.0,0.0,0.0,0.0,cancelled
2026-06-06 18:31:48,Open short,USDT,ZECUSDT,Trigger order—limit,361.7,361.7,0.019,0.019,6.8723,0.0,0.0,fully executed
2026-06-05 20:47:44,Close short,USDT,ZECUSDT,Position SL—market,,310.65,0.044,0.044,13.6686,0.50468,0.49647884,fully executed
2026-06-05 19:07:10,Close short,USDT,HYPEUSDT,Market,,61.8115,0.48,0.48,29.66952,-0.3828,-0.400601712,fully executed
2026-06-05 19:06:47,Close short,USDT,ZECUSDT,Limit,283.9,,0.044,0.0,0.0,0.0,0.0,cancelled
2026-06-05 19:05:39,Open short,USDT,ZECUSDT,Trigger order—limit,322.12,322.12,0.044,0.044,14.17328,0.0,0.0,fully executed
2026-06-05 18:16:50,Close short,USDT,HYPEUSDT,Limit,59.547,,0.48,0.0,0.0,0.0,0.0,cancelled
2026-06-05 18:16:40,Close short,USDT,HYPEUSDT,Limit,61.063,,0.48,0.0,0.0,0.0,0.0,cancelled
2026-06-05 18:15:56,Open short,USDT,HYPEUSDT,Trigger order—limit,61.01,61.014,0.48,0.48,29.28672,0.0,0.0,fully executed
2026-06-05 14:24:20,Close short,USDT,ZECUSDT,Limit,303.93,303.93,0.085,0.085,25.83405,3.40255,3.39738319,fully executed
2026-06-05 14:23:33,Open short,USDT,ZECUSDT,Market,,343.96,0.085,0.085,29.2366,0.0,0.0,fully executed
2026-06-05 12:56:14,Close short,USDT,ZECUSDT,Market,,396.88,0.073,0.073,28.97224,0.150719999999,0.133336655999,fully executed
2026-06-05 10:41:05,Close short,USDT,ZECUSDT,Limit,351.19,,0.073,0.0,0.0,0.0,0.0,cancelled
2026-06-05 10:40:31,Open short,USDT,ZECUSDT,Trigger order—limit,398.71,398.944657534246,0.073,0.073,29.12296,0.0,0.0,fully executed
2026-06-04 21:01:44,Close short,USDT,SOXLUSDT,Limit,243.43,243.43,0.11,0.11,26.7773,0.385,0.37964454,fully executed
2026-06-04 21:01:15,Open short,USDT,SOXLUSDT,Trigger order—limit,246.89,246.93,0.11,0.11,27.1623,0.0,0.0,fully executed
2026-06-04 13:22:24,Close short,USDT,BTCUSDT,Limit,62589.9,62589.9,0.0004,0.0004,25.03596,0.4276,0.422592808,fully executed
2026-06-04 13:21:53,Open short,USDT,BTCUSDT,Trigger order—limit,63658.9,63658.9,0.0004,0.0004,25.46356,0.0,0.0,fully executed
2026-06-04 13:19:58,Close long,USDT,BTCUSDT,Market,,63805.0,0.0004,0.0004,25.522,-0.28808,-0.3033932,fully executed
2026-06-04 13:18:59,Close long,USDT,BTCUSDT,Limit edited,64395.0,,0.0004,0.0,0.0,0.0,0.0,cancelled
2026-06-04 13:18:50,Close long,USDT,BTCUSDT,Limit edited,64514.9,,0.0004,0.0,0.0,0.0,0.0,cancelled
2026-06-04 12:06:38,Close long,USDT,BTCUSDT,Limit,65731.9,,0.0004,0.0,0.0,0.0,0.0,cancelled
2026-06-04 12:05:12,Open long,USDT,BTCUSDT,Trigger order—limit,64525.2,64525.2,0.0004,0.0004,25.81008,0.0,0.0,fully executed
2026-06-04 09:47:23,Close short,USDT,HYPEUSDT,Limit,70.376,70.376,0.4,0.4,28.1504,0.8128,0.80716992,fully executed
2026-06-04 09:46:48,Open short,USDT,HYPEUSDT,Trigger order—limit,72.407,72.408,0.4,0.4,28.9632,0.0,0.0,fully executed
2026-06-04 09:01:08,Liquidation for short,USDT,BTCUSDT,Limit,63621.420147911245,63380.0,0.0003,0.0003,19.086426044373,0.0,0.0,fully executed
2026-06-04 08:53:57,Open short,USDT,BTCUSDT,Trigger order—limit,63015.8,63029.3,0.0003,0.0003,18.90879,0.0,0.0,fully executed
2026-06-03 19:52:57,Close short,USDT,BTCUSDT,Limit,66165.8,66165.8,0.0004,0.0004,26.46632,0.35288,0.347586736,fully executed
2026-06-03 19:48:37,Close long,USDT,HYPEUSDT,Market,,72.188,0.4,0.4,28.8752,-0.4444,-0.46172512,fully executed
2026-06-03 19:47:38,Open short,USDT,BTCUSDT,Trigger order—limit,67048.0,67048.0,0.0004,0.0004,26.8192,0.0,0.0,fully executed
2026-06-03 19:34:59,Close long,USDT,WLDUSDT,Market,,0.507,54.0,54.0,27.378,-0.8856,-0.9020268,fully executed
2026-06-03 19:23:20,Close long,USDT,WLDUSDT,Limit,0.5413,,54.0,0.0,0.0,0.0,0.0,cancelled
2026-06-03 19:22:39,Open long,USDT,WLDUSDT,Trigger order—limit,0.5235,0.5234,54.0,54.0,28.2636,0.0,0.0,fully executed
2026-06-03 19:19:22,Close long,USDT,HYPEUSDT,Limit,75.018,,0.4,0.0,0.0,0.0,0.0,cancelled
2026-06-03 19:18:11,Open long,USDT,HYPEUSDT,Trigger order—limit,73.299,73.299,0.4,0.4,29.3196,0.0,0.0,fully executed
2026-06-03 18:07:06,Close short,USDT,BTCUSDT,Position SL—market,,67343.9,0.0005,0.0005,33.67195,-0.14425,-0.16445317,fully executed
2026-06-03 16:16:08,Close short,USDT,BTCUSDT,Limit,66165.0,,0.0005,0.0,0.0,0.0,0.0,cancelled
2026-06-03 16:15:26,Open short,USDT,BTCUSDT,Limit,67055.4,67055.4,0.0005,0.0005,33.5277,0.0,0.0,fully executed
2026-06-03 00:05:59,Close short,USDT,HYPEUSDT,Position SL—market,,72.53924390244,0.41,0.41,29.74109,-0.67086,-0.688704654,fully executed
2026-06-02 23:20:48,Close short,USDT,HYPEUSDT,Limit,69.359,,0.41,0.0,0.0,0.0,0.0,cancelled
2026-06-02 23:20:14,Open short,USDT,HYPEUSDT,Trigger order—limit,70.887,70.903,0.41,0.41,29.07023,0.0,0.0,fully executed
2026-06-02 22:31:13,Close long,USDT,HYPEUSDT,Position SL—market,,72.563,0.4,0.4,29.0252,-0.3544,-0.37181512,fully executed
2026-06-02 22:23:34,Close long,USDT,HYPEUSDT,Limit edited,75.506,,0.4,0.0,0.0,0.0,0.0,cancelled
2026-06-02 21:31:19,Close long,USDT,HYPEUSDT,Limit edited,75.494,,0.4,0.0,0.0,0.0,0.0,cancelled
2026-06-02 21:20:36,Close long,USDT,LABUSDT,Position SL—market,,18.63125,1.0,1.0,18.63125,-1.05333,-1.06450875,fully executed
2026-06-02 21:02:49,Close long,USDT,HYPEUSDT,Limit,74.466,,0.4,0.0,0.0,0.0,0.0,cancelled
2026-06-02 21:02:26,Open long,USDT,HYPEUSDT,Market,,73.449,0.4,0.4,29.3796,0.0,0.0,fully executed
2026-06-02 21:01:44,Close long,USDT,LABUSDT,Limit,20.78865,,1.0,0.0,0.0,0.0,0.0,cancelled
2026-06-02 21:01:18,Open long,USDT,LABUSDT,Market,,19.68458,1.0,1.0,19.68458,0.0,0.0,fully executed
2026-06-02 20:53:41,Close long,USDT,XAUUSDT,Position SL—market,,4522.54,0.01,0.01,45.2254,-0.1317,-0.15883524,fully executed
2026-06-02 19:05:52,Close long,USDT,XAUUSDT,Limit,4549.13,,0.01,0.0,0.0,0.0,0.0,cancelled
2026-06-02 17:56:13,Open long,USDT,XAUUSDT,Trigger order—limit,4535.71,4535.71,0.01,0.01,45.3571,0.0,0.0,fully executed
2026-06-02 12:59:58,Close short,USDT,HYPEUSDT,Limit edited,72.156,72.156,0.39,0.39,28.14084,0.91143,0.905801832,fully executed
2026-06-02 12:50:47,Close short,USDT,HYPEUSDT,Limit edited,73.324,,0.39,0.0,0.0,0.0,0.0,cancelled
2026-06-02 12:48:53,Close short,USDT,HYPEUSDT,Limit edited,72.156,,0.39,0.0,0.0,0.0,0.0,cancelled
2026-06-02 12:30:36,Close short,USDT,HYPEUSDT,Limit,73.31,,0.39,0.0,0.0,0.0,0.0,cancelled
2026-06-02 12:09:25,Open short,USDT,HYPEUSDT,Trigger order—limit,74.493,74.493,0.39,0.39,29.05227,0.0,0.0,fully executed
2026-06-02 11:33:02,Open long,USDT,WLDUSDT,Trigger order—limit,0.4568,,64.0,0.0,0.0,0.0,0.0,cancelled
2026-06-02 01:29:55,Close short,USDT,BTCUSDT,Position SL—market,,71699.5,0.0005,0.0005,35.84975,0.0275,0.00599015,fully executed
2026-06-01 22:36:21,Close short,USDT,BTCUSDT,Limit edited,70634.5,,0.0005,0.0,0.0,0.0,0.0,cancelled
2026-06-01 22:05:25,Close short,USDT,BTCUSDT,Limit edited,71190.8,,0.0005,0.0,0.0,0.0,0.0,cancelled
2026-06-01 21:56:19,Close short,USDT,BTCUSDT,Limit edited,70633.5,,0.0005,0.0,0.0,0.0,0.0,cancelled
2026-06-01 21:32:04,Close short,USDT,BTCUSDT,Limit,71195.6,,0.0005,0.0,0.0,0.0,0.0,cancelled
2026-06-01 21:30:53,Open short,USDT,BTCUSDT,Trigger order—limit,71754.5,71754.5,0.0005,0.0005,35.87725,0.0,0.0,fully executed
2026-06-01 19:08:20,Close long,USDT,LABUSDT,Position SL—market,,14.49927,4.0,4.0,57.99708,-0.19752,-0.232318248,fully executed
2026-06-01 19:06:28,Close long,USDT,LABUSDT,Limit,15.2751,,4.0,0.0,0.0,0.0,0.0,cancelled
2026-06-01 19:05:13,Open long,USDT,LABUSDT,Trigger order—limit,14.55289,14.54865,4.0,4.0,58.1946,0.0,0.0,fully executed
2026-06-01 18:50:29,Close long,USDT,LABUSDT,Position SL—market,,15.35173,2.0,2.0,30.70346,1.1588,1.140377924,fully executed
2026-06-01 18:41:18,Close long,USDT,LABUSDT,Limit,17.51218,,2.0,0.0,0.0,0.0,0.0,cancelled
2026-06-01 18:39:26,Close long,USDT,LABUSDT,Limit edited,16.52925,,2.0,0.0,0.0,0.0,0.0,cancelled
2026-06-01 18:30:43,Close long,USDT,LABUSDT,Limit edited,16.00724,,2.0,0.0,0.0,0.0,0.0,cancelled
2026-06-01 18:29:51,Close long,USDT,LABUSDT,Limit edited,16.63279,,2.0,0.0,0.0,0.0,0.0,cancelled
2026-06-01 18:26:06,Close long,USDT,LABUSDT,Limit,15.70928,,2.0,0.0,0.0,0.0,0.0,cancelled
2026-06-01 18:25:46,Open long,USDT,LABUSDT,Trigger order—limit,14.92433,14.91779,1.0,1.0,14.91779,0.0,0.0,fully executed
2026-06-01 18:24:59,Open long,USDT,LABUSDT,Trigger order—limit,14.62687,14.62687,1.0,1.0,14.62687,0.0,0.0,fully executed
2026-06-01 18:17:27,Close long,USDT,LABUSDT,Position SL—market,,13.26081,2.0,2.0,26.52162,-2.43942,-2.455332972,fully executed
2026-06-01 17:56:01,Close long,USDT,LABUSDT,Limit,15.77056,,2.0,0.0,0.0,0.0,0.0,cancelled
2026-06-01 17:55:27,Open long,USDT,LABUSDT,Market,,14.48052,2.0,2.0,28.96104,0.0,0.0,fully executed
2026-05-31 15:12:28,Close long,USDT,BNBUSDT,Position SL—market,,730.44,0.04,0.04,29.2176,-0.2692,-0.28673056,fully executed
2026-05-31 13:22:40,Close long,USDT,BNBUSDT,Limit,750.36,,0.04,0.0,0.0,0.0,0.0,cancelled
2026-05-31 13:18:21,Open long,USDT,BNBUSDT,Trigger order—limit,737.17,737.17,0.04,0.04,29.4868,0.0,0.0,fully executed
2026-05-28 20:51:20,Close short,USDT,XAUUSDT,Position SL—market,,4419.76,0.01,0.01,44.1976,-0.2724,-0.29891856,fully executed
2026-05-28 12:58:58,Close short,USDT,XAUUSDT,Limit edited,4367.25,,0.01,0.0,0.0,0.0,0.0,cancelled
2026-05-28 11:37:56,Close short,USDT,XAUUSDT,Limit edited,4341.98,,0.01,0.0,0.0,0.0,0.0,cancelled
2026-05-28 11:37:17,Close short,USDT,XAUUSDT,Limit edited,4367.19,,0.01,0.0,0.0,0.0,0.0,cancelled
2026-05-28 11:37:09,Close short,USDT,XAUUSDT,Limit,4360.98,,0.01,0.0,0.0,0.0,0.0,cancelled
2026-05-28 11:19:26,Open short,USDT,XAUUSDT,Limit,4392.52,4392.52,0.01,0.01,43.9252,0.0,0.0,fully executed
2026-05-27 23:11:26,Close short,USDT,BTCUSDT,Limit edited,74322.6,74322.6,0.0004,0.0004,29.72904,0.32792,0.321974192,fully executed
2026-05-27 21:42:07,Close short,USDT,BTCUSDT,Limit edited,73494.4,,0.0004,0.0,0.0,0.0,0.0,cancelled
2026-05-27 21:36:18,Close short,USDT,BTCUSDT,Limit,74281.5,,0.0004,0.0,0.0,0.0,0.0,cancelled
2026-05-27 21:35:40,Open short,USDT,BTCUSDT,Trigger order—limit,75142.4,75142.4,0.0004,0.0004,30.05696,0.0,0.0,fully executed
2026-05-27 14:37:48,Close short,USDT,ETHUSDT,Market,,2079.01,0.02,0.02,41.5802,-0.2346,-0.25954812,fully executed
2026-05-27 13:12:35,Close short,USDT,ETHUSDT,Limit,2050.96,,0.02,0.0,0.0,0.0,0.0,cancelled
2026-05-27 12:14:55,Open short,USDT,ETHUSDT,Trigger order—limit,2067.28,2067.28,0.02,0.02,41.3456,0.0,0.0,fully executed
2026-05-22 23:32:20,Close short,USDT,ETHUSDT,Limit edited,2109.91,2109.91,0.02,0.02,42.1982,0.3105,0.30206036,fully executed
2026-05-22 16:43:44,Close short,USDT,ETHUSDT,Limit edited,2094.65,,0.02,0.0,0.0,0.0,0.0,cancelled
2026-05-22 15:15:58,Close short,USDT,ETHUSDT,Limit,2089.76,,0.02,0.0,0.0,0.0,0.0,cancelled
2026-05-22 15:12:39,Open short,USDT,ETHUSDT,Limit edited,2127.58,2127.58,0.01,0.01,21.2758,0.0,0.0,fully executed
2026-05-22 15:11:32,Open short,USDT,ETHUSDT,Limit,2128.6,,0.01,0.0,0.0,0.0,0.0,cancelled
2026-05-22 15:09:19,Open short,USDT,ETHUSDT,Limit,2123.1,,0.01,0.0,0.0,0.0,0.0,cancelled
2026-05-22 15:08:05,Open short,USDT,ETHUSDT,Trigger order—limit,2122.93,2123.29,0.01,0.01,21.2329,0.0,0.0,fully executed
2026-05-21 23:13:51,Close short,USDT,ETHUSDT,Position SL—market,,2130.16,0.01,0.01,21.3016,-0.1534,-0.16618096,fully executed
2026-05-21 19:03:45,Close short,USDT,ETHUSDT,Limit,2084.33,,0.01,0.0,0.0,0.0,0.0,cancelled
2026-05-21 18:40:52,Open short,USDT,ETHUSDT,Limit,2114.82,2114.82,0.01,0.01,21.1482,0.0,0.0,fully executed
2026-05-21 16:11:55,Close short,USDT,ETHUSDT,Market,,2143.09,0.01,0.01,21.4309,-0.1745,-0.18735854,fully executed
2026-05-21 15:20:06,Close short,USDT,ETHUSDT,Limit,2081.89,,0.01,0.0,0.0,0.0,0.0,cancelled
2026-05-21 15:18:21,Open short,USDT,ETHUSDT,Trigger order—limit,2125.6,2125.64,0.01,0.01,21.2564,0.0,0.0,fully executed
2026-05-20 22:16:36,Close short,USDT,ETHUSDT,Position SL—market,,2134.65,0.03,0.03,64.0395,-0.1674,-0.2058237,fully executed
2026-05-20 21:15:59,Close short,USDT,ETHUSDT,Limit,2108.15,,0.03,0.0,0.0,0.0,0.0,cancelled
2026-05-20 21:15:29,Open short,USDT,ETHUSDT,Trigger order—limit,2129.07,2129.07,0.03,0.03,63.8721,0.0,0.0,fully executed
2026-05-20 20:57:03,Close short,USDT,ETHUSDT,Position SL—market,,2138.92,0.03,0.03,64.1676,-0.3573,-0.39580056,fully executed
2026-05-20 19:41:39,Close short,USDT,ETHUSDT,Limit,2105.64,,0.03,0.0,0.0,0.0,0.0,cancelled
2026-05-20 19:32:29,Open short,USDT,ETHUSDT,Trigger order—limit,2127.01,2127.01,0.03,0.03,63.8103,0.0,0.0,fully executed
2026-05-20 14:24:28,Close short,USDT,ETHUSDT,Position SL—market,,2131.15,0.01,0.01,21.3115,-0.2157,-0.2284869,fully executed
2026-05-19 18:49:01,Close short,USDT,ETHUSDT,Limit,2066.09,,0.01,0.0,0.0,0.0,0.0,cancelled
2026-05-19 18:05:15,Open short,USDT,ETHUSDT,Trigger order—limit,2109.58,2109.58,0.01,0.01,21.0958,0.0,0.0,fully executed
2026-05-18 22:22:55,Close short,USDT,ETHUSDT,Limit edited,2094.14,2094.14,0.02,0.02,41.8828,0.6778,0.66942344,fully executed
2026-05-18 22:01:39,Close short,USDT,ETHUSDT,Limit,2093.83,,0.02,0.0,0.0,0.0,0.0,cancelled
2026-05-18 22:00:22,Open short,USDT,ETHUSDT,Limit,2128.03,2128.03,0.02,0.02,42.5606,0.0,0.0,fully executed
2026-05-18 11:42:09,Close short,USDT,XAGUSDT,Position SL—market,,74.8,0.78,0.78,58.344,0.2028,0.1677936,fully executed
2026-05-18 11:37:06,Close short,USDT,XAGUSDT,Limit edited,74.49,,0.78,0.0,0.0,0.0,0.0,cancelled
2026-05-18 11:35:53,Close short,USDT,XAGUSDT,Limit edited,74.35,,0.78,0.0,0.0,0.0,0.0,cancelled
2026-05-18 11:35:15,Close short,USDT,XAGUSDT,Limit edited,74.33,,0.78,0.0,0.0,0.0,0.0,cancelled
2026-05-18 11:05:23,Close short,USDT,XAGUSDT,Limit edited,74.49,,0.78,0.0,0.0,0.0,0.0,cancelled
2026-05-18 10:30:46,Close short,USDT,XAGUSDT,Limit edited,74.41,,0.78,0.0,0.0,0.0,0.0,cancelled
2026-05-18 10:30:43,Close short,USDT,XAGUSDT,Limit,74.49,,0.78,0.0,0.0,0.0,0.0,cancelled
2026-05-18 10:30:16,Open short,USDT,XAGUSDT,Market,,75.06,0.78,0.78,58.5468,0.0,0.0,fully executed
2026-05-18 03:40:43,Close short,USDT,BTCUSDT,Position SL—market,,78352.6,0.0007,0.0007,54.84682,-0.1498,-0.182708092,fully executed
2026-05-17 22:02:39,Close short,USDT,BTCUSDT,Limit,77344.4,,0.0007,0.0,0.0,0.0,0.0,cancelled
2026-05-17 22:00:47,Open short,USDT,BTCUSDT,Trigger order—limit,78138.6,78138.6,0.0007,0.0007,54.69702,0.0,0.0,fully executed
2026-05-15 22:33:59,Close short,USDT,ETHUSDT,Limit,2210.76,2210.76,0.02,0.02,44.2152,-0.0024,-0.01124304,fully executed
2026-05-15 22:33:01,Open short,USDT,ETHUSDT,Trigger order—limit,2210.64,2210.64,0.02,0.02,44.2128,0.0,0.0,fully executed
2026-05-15 22:17:40,Close short,USDT,ETHUSDT,Market,,2221.12,0.02,0.02,44.4224,0.0314,0.00474656,fully executed
2026-05-15 22:00:39,Close short,USDT,ETHUSDT,Limit edited,2173.28,,0.02,0.0,0.0,0.0,0.0,cancelled
2026-05-15 21:46:08,Close short,USDT,ETHUSDT,Limit,2198.21,,0.02,0.0,0.0,0.0,0.0,cancelled
2026-05-15 21:45:28,Open short,USDT,ETHUSDT,Trigger order—limit,2222.69,2222.69,0.02,0.02,44.4538,0.0,0.0,fully executed
2026-05-14 23:53:05,Close short,USDT,XAGUSDT,Limit,83.04,83.04,0.22,0.22,18.2688,0.4092,0.40554624,fully executed
2026-05-14 23:52:37,Open short,USDT,XAGUSDT,Trigger order—limit,84.9,84.9,0.22,0.22,18.678,0.0,0.0,fully executed
2026-05-14 18:17:56,Close short,USDT,ETHUSDT,Market,,2263.48,0.03,0.03,67.9044,-0.0075,-0.04824264,fully executed
2026-05-14 17:26:47,Close short,USDT,ETHUSDT,Limit,2238.6,,0.03,0.0,0.0,0.0,0.0,cancelled
2026-05-14 17:20:13,Open short,USDT,ETHUSDT,Trigger order—limit,2263.1,2263.23,0.03,0.03,67.8969,0.0,0.0,fully executed
2026-05-14 13:31:31,Close short,USDT,ETHUSDT,Market,,2261.54,0.02,0.02,45.2308,-0.3831,-0.41023848,fully executed
2026-05-14 11:28:09,Close short,USDT,ETHUSDT,Limit,2221.28,,0.02,0.0,0.0,0.0,0.0,cancelled
2026-05-14 11:23:13,Open short,USDT,ETHUSDT,Limit,2242.52,2242.52,0.01,0.01,22.4252,0.0,0.0,fully executed
2026-05-14 11:20:53,Open short,USDT,ETHUSDT,Trigger order—limit,2242.25,2242.25,0.01,0.01,22.4225,0.0,0.0,fully executed
2026-05-14 02:21:03,Close short,USDT,ETHUSDT,Position SL—market,,2268.44,0.02,0.02,45.3688,0.907,0.87977872,fully executed
2026-05-14 00:06:02,Close short,USDT,ETHUSDT,Limit edited,2222.55,,0.02,0.0,0.0,0.0,0.0,cancelled
2026-05-14 00:05:41,Close short,USDT,ETHUSDT,Limit edited,2234.09,,0.02,0.0,0.0,0.0,0.0,cancelled
2026-05-13 23:55:36,Close short,USDT,ETHUSDT,Limit,2222.25,,0.02,0.0,0.0,0.0,0.0,cancelled
2026-05-13 19:34:35,Close short,USDT,XAGUSDT,Position SL—market,,87.5,0.3,0.3,26.25,-0.306,-0.32175,fully executed
2026-05-13 19:06:29,Close short,USDT,ETHUSDT,Limit,2290.92,2290.92,0.02,0.02,45.8184,0.4574,0.44823632,fully executed
2026-05-13 18:22:18,Close short,USDT,XAGUSDT,Limit edited,85.11,,0.3,0.0,0.0,0.0,0.0,cancelled
2026-05-13 18:20:17,Close short,USDT,ETHUSDT,Limit,2291.06,,0.04,0.0,0.0,0.0,0.0,cancelled
2026-05-13 18:16:12,Open short,USDT,ETHUSDT,Trigger order—limit,2313.79,2313.79,0.04,0.04,92.5516,0.0,0.0,fully executed
2026-05-13 13:48:43,Close short,USDT,XAGUSDT,Limit,83.7,,0.3,0.0,0.0,0.0,0.0,cancelled
2026-05-13 12:34:50,Open short,USDT,XAGUSDT,Trigger order—limit,86.48,86.48,0.3,0.3,25.944,0.0,0.0,fully executed
2026-05-12 20:43:25,Close short,USDT,XAGUSDT,Position SL—market,,84.42,0.52,0.52,43.8984,-0.4212,-0.44753904,fully executed
2026-05-12 19:05:50,Close short,USDT,XAGUSDT,Limit,82.01,,0.52,0.0,0.0,0.0,0.0,cancelled
2026-05-12 18:32:38,Open short,USDT,XAGUSDT,Market,,83.61,0.52,0.52,43.4772,0.0,0.0,fully executed
2026-05-12 15:51:19,Close short,USDT,XAGUSDT,Position SL—market,,84.47,0.39,0.39,32.9433,0.381599999998,0.361834019998,fully executed
2026-05-12 14:51:54,Close short,USDT,XAGUSDT,Limit,83.4,,0.2,0.0,0.0,0.0,0.0,cancelled
2026-05-12 13:51:53,Close short,USDT,XAGUSDT,Limit,83.4,,0.39,0.0,0.0,0.0,0.0,cancelled
2026-05-12 13:51:07,Open short,USDT,XAGUSDT,Trigger order—market,,85.448461538461,0.39,0.39,33.3249,0.0,0.0,fully executed
2026-05-12 00:17:19,Close long,USDT,XAGUSDT,Market,,85.47,0.38,0.38,32.4786,0.0912,0.07171284,fully executed
2026-05-11 23:09:24,Close long,USDT,XAGUSDT,Limit,87.39,,0.38,0.0,0.0,0.0,0.0,cancelled
2026-05-11 23:08:54,Open long,USDT,XAGUSDT,Trigger order—market,,85.23,0.38,0.38,32.3874,0.0,0.0,fully executed
2026-05-11 21:45:43,Close short,USDT,XAGUSDT,Market,,85.719770114943,0.87,0.87,74.5762,-3.967,-4.01174572,fully executed
2026-05-11 20:07:05,Open short,USDT,XAGUSDT,Trigger order—limit,81.16,81.16,0.87,0.87,70.6092,0.0,0.0,fully executed
2026-05-11 20:06:56,Open short,USDT,XAGUSDT,Limit,81.16,,0.87,0.0,0.0,0.0,0.0,cancelled
2026-05-11 19:39:36,Open short,USDT,XAGUSDT,Limit,81.4,,0.18,0.0,0.0,0.0,0.0,cancelled
2026-05-11 15:01:05,Close long,USDT,SUIUSDT,Position SL—market,,1.2682,13.5,13.5,17.1207,-0.48465,-0.49492242,fully executed
2026-05-11 14:27:12,Close long,USDT,SUIUSDT,Limit,1.3774,,13.5,0.0,0.0,0.0,0.0,cancelled
2026-05-11 14:25:52,Open long,USDT,SUIUSDT,Trigger order—market,,1.3041,13.5,13.5,17.60535,0.0,0.0,fully executed
2026-05-10 00:02:37,Close short,USDT,ETHUSDT,Market,,2316.89,0.02,0.02,46.3378,-0.092,-0.11980268,fully executed
2026-05-10 00:02:35,Close short,USDT,ETHUSDT,Limit edited,2299.05,,0.02,0.0,0.0,0.0,0.0,cancelled
2026-05-09 13:00:25,Close short,USDT,ETHUSDT,Limit,2286.04,,0.02,0.0,0.0,0.0,0.0,cancelled
2026-05-09 12:59:44,Open short,USDT,ETHUSDT,Trigger order—limit,2312.29,2312.29,0.02,0.02,46.2458,0.0,0.0,fully executed
2026-05-08 16:37:59,Close short,USDT,BTCUSDT,Market,,79758.1,0.0007,0.0007,55.83067,-0.32928,-0.362778402,fully executed
2026-05-08 11:06:19,Close short,USDT,BTCUSDT,Limit,78212.0,,0.0007,0.0,0.0,0.0,0.0,cancelled
2026-05-08 11:05:43,Open short,USDT,BTCUSDT,Trigger order—limit,79283.6,79287.7,0.0007,0.0007,55.50139,0.0,0.0,fully executed
2026-05-07 22:40:45,Close long,USDT,GRAMUSDT,Market,,2.4554,16.7,16.7,41.00518,-0.207100000004,-0.231703108004,fully executed
2026-05-07 22:39:32,Close long,USDT,GRAMUSDT,Limit edited,2.4708,,16.7,0.0,0.0,0.0,0.0,cancelled
2026-05-07 22:39:22,Close long,USDT,GRAMUSDT,Limit edited,2.4699,,16.7,0.0,0.0,0.0,0.0,cancelled
2026-05-07 22:39:17,Close long,USDT,GRAMUSDT,Limit,2.4703,,16.7,0.0,0.0,0.0,0.0,cancelled
2026-05-07 22:38:44,Open long,USDT,GRAMUSDT,Limit,2.4514,2.4514,8.4,8.4,20.59176,0.0,0.0,fully executed
2026-05-07 22:35:19,Close long,USDT,GRAMUSDT,Limit edited,2.4872,,8.3,0.0,0.0,0.0,0.0,cancelled
2026-05-07 22:35:15,Close long,USDT,GRAMUSDT,Limit edited,2.4859,,8.3,0.0,0.0,0.0,0.0,cancelled
2026-05-07 22:26:17,Close long,USDT,GRAMUSDT,Limit,2.5926,,8.3,0.0,0.0,0.0,0.0,cancelled
2026-05-07 22:15:04,Open long,USDT,GRAMUSDT,Trigger order—market,,2.4844,8.3,8.3,20.62052,0.0,0.0,fully executed
2026-05-07 22:07:32,Close long,USDT,GRAMUSDT,Position SL—market,,2.4603,13.1,13.1,32.22993,-0.283720000011,-0.303057958011,fully executed
2026-05-07 21:53:06,Close long,USDT,GRAMUSDT,Limit,2.5401,,6.6,0.0,0.0,0.0,0.0,cancelled
2026-05-07 21:52:28,Open long,USDT,GRAMUSDT,Trigger order—market,,2.481958015268,13.1,13.1,32.51365,0.0,0.0,fully executed
2026-05-07 18:26:07,Close long,USDT,ETHUSDT,Market,,2322.5,0.01,0.01,23.225,-0.1593,-0.173235,fully executed
2026-05-07 18:25:34,Close long,USDT,GRAMUSDT,Position SL—market,,2.565132352941,6.8,6.8,17.4429,-0.21942,-0.22988574,fully executed
2026-05-07 18:08:50,Open long,USDT,GRAMUSDT,Trigger order—market,,2.5974,6.8,6.8,17.66232,0.0,0.0,fully executed
2026-05-07 17:39:31,Close long,USDT,GRAMUSDT,Position SL—market,,2.6111,5.5,5.5,14.36105,-0.35145,-0.36006663,fully executed
2026-05-07 17:35:24,Open long,USDT,GRAMUSDT,Trigger order—market,,2.675,5.5,5.5,14.7125,0.0,0.0,fully executed
2026-05-07 15:21:24,Close long,USDT,GRAMUSDT,Position SL—market,,2.7738,3.7,3.7,10.26306,0.04329,0.037132164,fully executed
2026-05-07 14:59:34,Close long,USDT,ETHUSDT,Limit,2364.98,,0.01,0.0,0.0,0.0,0.0,cancelled
2026-05-07 14:55:58,Open long,USDT,ETHUSDT,Trigger order—limit,2338.5,2338.43,0.01,0.01,23.3843,0.0,0.0,fully executed
2026-05-07 14:15:59,Close long,USDT,GRAMUSDT,Limit,2.8828,2.8828,3.7,3.7,10.66636,0.44659,0.444456728,fully executed
2026-05-07 14:15:06,Open long,USDT,GRAMUSDT,Trigger order—market,,2.7621,7.4,7.4,20.43954,0.0,0.0,fully executed
2026-05-07 00:32:44,Close short,USDT,ETHUSDT,Limit,2335.24,2335.24,0.02,0.02,46.7048,0.289,0.27965904,fully executed
2026-05-07 00:32:06,Open short,USDT,ETHUSDT,Trigger order—limit,2349.69,2349.69,0.02,0.02,46.9938,0.0,0.0,fully executed
2026-05-07 00:29:14,Open short,USDT,ETHUSDT,Trigger order—limit,2353.58,,0.02,0.0,0.0,0.0,0.0,cancelled
2026-05-06 23:43:35,Open short,USDT,ETHUSDT,Limit,2355.5,,0.02,0.0,0.0,0.0,0.0,cancelled
2026-05-06 14:29:25,Close long,USDT,XAUUSDT,Limit,4678.82,4678.82,0.01,0.01,46.7882,0.4758,0.46644236,fully executed
2026-05-06 10:36:17,Open long,USDT,XAUUSDT,Limit,4631.24,4631.24,0.01,0.01,46.3124,0.0,0.0,fully executed
2026-05-06 07:12:15,Close short,USDT,XAUUSDT,Position SL—market,,4584.83,0.01,0.01,45.8483,-0.293,-0.32050898,fully executed
2026-05-06 00:34:18,Close short,USDT,XAUUSDT,Limit,4525.57,,0.01,0.0,0.0,0.0,0.0,cancelled
2026-05-06 00:31:30,Open short,USDT,XAUUSDT,Limit,4555.53,4555.53,0.01,0.01,45.5553,0.0,0.0,fully executed
2026-05-05 22:29:38,Close short,USDT,BTCUSDT,Position SL—market,,81388.0,0.0007,0.0007,56.9716,-0.02891,-0.06309296,fully executed
2026-05-05 22:16:23,Close short,USDT,BTCUSDT,Limit,80679.4,,0.0004,0.0,0.0,0.0,0.0,cancelled
2026-05-05 22:05:24,Close short,USDT,BTCUSDT,Limit,80679.4,,0.0007,0.0,0.0,0.0,0.0,cancelled
2026-05-05 21:35:21,Open short,USDT,BTCUSDT,Trigger order—limit,81346.7,81346.7,0.0007,0.0007,56.94269,0.0,0.0,fully executed
2026-05-05 21:17:24,Close short,USDT,XAUUSDT,Market,,4583.82,0.01,0.01,45.8382,-0.1752,-0.20270292,fully executed
2026-05-05 20:45:51,Open short,USDT,XAUUSDT,Trigger order—limit,4565.77,4566.3,0.01,0.01,45.663,0.0,0.0,fully executed
2026-05-05 12:20:04,Close long,USDT,XAUUSDT,Position SL—market,,4529.96,0.01,0.01,45.2996,-0.0581,-0.08527976,fully executed
2026-05-05 09:08:13,Close long,USDT,XAUUSDT,Limit,4576.11,,0.01,0.0,0.0,0.0,0.0,cancelled
2026-05-05 09:07:11,Open long,USDT,XAUUSDT,Limit,4535.77,4535.77,0.01,0.01,45.3577,0.0,0.0,fully executed
2026-05-05 09:06:57,Open long,USDT,XAUUSDT,Limit,4535.77,,0.01,0.0,0.0,0.0,0.0,cancelled
2026-05-05 09:06:49,Open long,USDT,XAUUSDT,Limit,4535.77,,0.01,0.0,0.0,0.0,0.0,cancelled
2026-05-05 00:19:48,Close short,USDT,ETHUSDT,Position SL—market,,2357.07,0.01,0.01,23.5707,0.0209,0.00675758,fully executed
2026-05-04 23:52:39,Close short,USDT,ETHUSDT,Limit,2315.15,,0.01,0.0,0.0,0.0,0.0,cancelled
2026-05-04 23:51:34,Close short,USDT,ETHUSDT,Limit edited,2337.25,2337.25,0.01,0.01,23.3725,0.2191,0.2144255,fully executed
2026-05-04 23:20:10,Close short,USDT,ETHUSDT,Limit,2314.86,,0.01,0.0,0.0,0.0,0.0,cancelled
2026-05-04 23:19:29,Open short,USDT,ETHUSDT,Trigger order—limit,2359.11,2359.16,0.02,0.02,47.1832,0.0,0.0,fully executed
2026-05-04 15:33:58,Close short,USDT,ETHUSDT,Limit,2338.91,2338.91,0.02,0.02,46.7782,0.556,0.54664436,fully executed
2026-05-04 15:31:01,Open short,USDT,ETHUSDT,Trigger order—limit,2366.71,2366.71,0.02,0.02,47.3342,0.0,0.0,fully executed
2026-05-04 14:20:27,Close long,USDT,ETHUSDT,Market,,2366.58,0.02,0.02,47.3316,-0.2036,-0.23199896,fully executed
2026-05-04 12:37:38,Close long,USDT,ETHUSDT,Limit edited,2403.51,,0.01,0.0,0.0,0.0,0.0,cancelled
2026-05-04 12:37:35,Close long,USDT,ETHUSDT,Limit,2400.89,,0.01,0.0,0.0,0.0,0.0,cancelled
2026-05-04 11:12:39,Close long,USDT,ETHUSDT,Limit edited,2403.46,,0.02,0.0,0.0,0.0,0.0,cancelled
2026-05-04 11:12:34,Close long,USDT,ETHUSDT,Limit,2396.62,,0.02,0.0,0.0,0.0,0.0,cancelled
2026-05-04 11:05:49,Open long,USDT,ETHUSDT,Limit,2376.76,2376.76,0.02,0.02,47.5352,0.0,0.0,fully executed
2026-05-02 02:13:47,Close long,USDT,XAUUSDT,Position SL—market,,4618.1,0.01,0.01,46.181,-0.178,-0.2057086,fully executed
2026-05-01 23:16:12,Close long,USDT,XAUUSDT,Limit,4669.78,,0.01,0.0,0.0,0.0,0.0,cancelled
2026-05-01 23:15:16,Open long,USDT,XAUUSDT,Trigger order—limit,4636.26,4635.9,0.01,0.01,46.359,0.0,0.0,fully executed
2026-05-01 22:25:50,Close long,USDT,XAUUSDT,Market,,4645.41,0.01,0.01,46.4541,0.0311,0.00322754,fully executed
2026-05-01 22:13:27,Close long,USDT,XAUUSDT,Limit,4667.41,,0.01,0.0,0.0,0.0,0.0,cancelled
2026-05-01 22:11:44,Open long,USDT,XAUUSDT,Trigger order—limit,4642.31,4642.3,0.01,0.01,46.423,0.0,0.0,fully executed
2026-05-01 21:36:34,Close long,USDT,XAUUSDT,Limit,4617.79,4617.79,0.01,0.01,46.1779,0.2403,0.23106442,fully executed
2026-05-01 21:22:18,Close long,USDT,XAUUSDT,Limit,4617.79,,0.01,0.0,0.0,0.0,0.0,cancelled
2026-05-01 21:21:37,Open long,USDT,XAUUSDT,Trigger order—limit,4593.76,4593.76,0.01,0.01,45.9376,0.0,0.0,fully executed
2026-05-01 19:55:29,Close short,USDT,XAGUSDT,Position SL—market,,73.71,0.18,0.18,13.2678,0.0684,0.06043932,fully executed
2026-05-01 19:47:36,Close short,USDT,XAGUSDT,Limit edited,73.41,,0.18,0.0,0.0,0.0,0.0,cancelled
2026-05-01 19:47:30,Close short,USDT,XAGUSDT,Limit edited,73.42,,0.18,0.0,0.0,0.0,0.0,cancelled
2026-05-01 19:46:28,Close short,USDT,XAGUSDT,Limit,73.45,,0.18,0.0,0.0,0.0,0.0,cancelled
2026-05-01 19:41:38,Close short,USDT,XAGUSDT,Limit edited,73.58,73.58,0.21,0.21,15.4518,0.1071,0.10400964,fully executed
2026-05-01 14:48:43,Close short,USDT,XAGUSDT,Limit,73.0,,0.21,0.0,0.0,0.0,0.0,cancelled
2026-05-01 12:32:01,Close short,USDT,XAGUSDT,Limit,73.0,,0.39,0.0,0.0,0.0,0.0,cancelled
2026-05-01 12:30:18,Open short,USDT,XAGUSDT,Trigger order—limit,74.09,74.09,0.39,0.39,28.8951,0.0,0.0,fully executed
2026-05-01 01:57:59,Close long,USDT,XAUUSDT,Market,,4616.28,0.02,0.02,92.3256,-0.004,-0.05939536,fully executed
2026-05-01 01:04:19,Close long,USDT,XAUUSDT,Limit,4627.14,,0.02,0.0,0.0,0.0,0.0,cancelled
2026-05-01 01:04:10,Open long,USDT,XAUUSDT,Trigger order—market,,4616.48,0.02,0.02,92.3296,0.0,0.0,fully executed
2026-05-01 00:57:07,Close long,USDT,XAUUSDT,Market,,4607.09,0.01,0.01,46.0709,-0.0509,-0.07854254,fully executed
2026-05-01 00:36:18,Close long,USDT,XAUUSDT,Limit,4631.69,,0.01,0.0,0.0,0.0,0.0,cancelled
2026-05-01 00:35:03,Open long,USDT,XAUUSDT,Trigger order—market,,4612.18,0.01,0.01,46.1218,0.0,0.0,fully executed
2026-05-01 00:25:06,Close short,USDT,XAUUSDT,Market,,4610.57,0.01,0.01,46.1057,0.0006,-0.02706342,fully executed
2026-05-01 00:25:01,Open short,USDT,XAUUSDT,Limit,4599.66,4610.63,0.01,0.01,46.1063,0.0,0.0,fully executed
2026-05-01 00:24:33,Open long,USDT,XAUUSDT,Limit edited,4582.96,,0.01,0.0,0.0,0.0,0.0,cancelled
2026-05-01 00:24:29,Open long,USDT,XAUUSDT,Limit edited,4581.59,,0.01,0.0,0.0,0.0,0.0,cancelled
2026-05-01 00:24:26,Open long,USDT,XAUUSDT,Limit edited,4587.09,,0.01,0.0,0.0,0.0,0.0,cancelled
2026-05-01 00:24:23,Open long,USDT,XAUUSDT,Limit,4593.37,,0.01,0.0,0.0,0.0,0.0,cancelled
2026-04-30 15:43:30,Close short,USDT,XAUUSDT,Position SL—market,,4595.64,0.01,0.01,45.9564,-0.0669,-0.075172152,fully executed
2026-04-30 15:32:01,Open short,USDT,XAUUSDT,Market,,4588.95,0.01,0.01,45.8895,0.0,0.0,fully executed
2026-04-30 13:10:37,Close short,USDT,XAGUSDT,Position SL—market,,72.02,0.3,0.3,21.606,0.048344262294,0.044455182294,fully executed
2026-04-30 12:56:22,Close short,USDT,XAGUSDT,Limit,71.47,,0.3,0.0,0.0,0.0,0.0,cancelled
2026-04-30 12:46:07,Close short,USDT,XAGUSDT,Limit,71.89,71.89,0.31,0.31,22.2859,0.090255737704,0.090255737704,fully executed
2026-04-30 11:33:38,Close short,USDT,XAGUSDT,Limit,71.47,,0.61,0.0,0.0,0.0,0.0,cancelled
2026-04-30 11:32:45,Close long,USDT,XAGUSDT,Position SL—market,,72.18,0.4,0.4,28.872,-0.192,-0.19719696,fully executed
2026-04-30 11:32:45,Open short,USDT,XAGUSDT,Trigger order—market,,72.181147540982,0.61,0.61,44.0305,0.0,0.0,fully executed
2026-04-30 10:27:49,Open long,USDT,XAGUSDT,Limit,72.66,72.66,0.4,0.4,29.064,0.0,0.0,fully executed
2026-04-30 10:26:52,Open long,USDT,XAGUSDT,Limit,72.66,,0.61,0.0,0.0,0.0,0.0,cancelled
2026-04-30 03:00:19,Close short,USDT,XAGUSDT,Position SL—market,,71.69,0.61,0.61,43.7309,-0.122,-0.129871562,fully executed
2026-04-29 23:56:11,Close short,USDT,XAGUSDT,Limit edited,70.81,,0.61,0.0,0.0,0.0,0.0,cancelled
2026-04-29 22:21:07,Close short,USDT,XAGUSDT,Limit,71.39,,0.61,0.0,0.0,0.0,0.0,cancelled
2026-04-29 21:42:59,Open short,USDT,XAGUSDT,Market,,71.49,0.61,0.61,43.6089,0.0,0.0,fully executed
2026-04-29 18:36:04,Close short,USDT,XAGUSDT,Market,,73.05,0.4,0.4,29.22,-0.148,-0.1532596,fully executed
2026-04-29 16:25:22,Close short,USDT,XAGUSDT,Limit edited,72.16,,0.4,0.0,0.0,0.0,0.0,cancelled
2026-04-29 16:25:07,Close short,USDT,XAGUSDT,Limit,72.22,,0.4,0.0,0.0,0.0,0.0,cancelled
2026-04-29 16:23:18,Open short,USDT,XAGUSDT,Trigger order—market,,72.68,0.4,0.4,29.072,0.0,0.0,fully executed
2026-04-29 14:31:20,Close short,USDT,XAGUSDT,Limit edited,72.88,72.88,0.6,0.6,43.728,0.432,0.432,fully executed
2026-04-29 14:31:07,Close short,USDT,XAGUSDT,Limit,72.89,,0.6,0.0,0.0,0.0,0.0,cancelled
2026-04-29 14:02:03,Open short,USDT,XAGUSDT,Limit,73.9,,0.4,0.0,0.0,0.0,0.0,cancelled
2026-04-29 14:00:00,Open short,USDT,XAGUSDT,Trigger order—market,,73.6,0.6,0.6,44.16,0.0,0.0,fully executed
2026-04-28 22:17:36,Close short,USDT,XAUUSDT,Market,,4574.32,0.01,0.01,45.7432,0.0566,0.048366224,fully executed
2026-04-28 21:54:52,Close short,USDT,XAUUSDT,Limit,4535.22,,0.01,0.0,0.0,0.0,0.0,cancelled
2026-04-28 21:06:20,Open short,USDT,XAUUSDT,Market,,4579.98,0.01,0.01,45.7998,0.0,0.0,fully executed
2026-04-28 20:16:19,Close short,USDT,XAGUSDT,Position SL—market,,72.89,0.4,0.4,29.156,-0.216,-0.22124808,fully executed
2026-04-28 19:40:07,Close short,USDT,XAGUSDT,Limit,71.28,,0.4,0.0,0.0,0.0,0.0,cancelled
2026-04-28 19:37:08,Open short,USDT,XAGUSDT,Market,,72.35,0.4,0.4,28.94,0.0,0.0,fully executed
2026-04-28 18:04:29,Close short,USDT,XAUUSDT,Limit,4584.54,4584.54,0.01,0.01,45.8454,0.2465,0.2465,fully executed
2026-04-28 18:01:43,Open short,USDT,XAGUSDT,Limit,73.36,,0.4,0.0,0.0,0.0,0.0,cancelled
2026-04-28 18:01:10,Open short,USDT,XAUUSDT,Limit,4609.19,4609.19,0.01,0.01,46.0919,0.0,0.0,fully executed
2026-04-28 18:01:03,Open short,USDT,XAUUSDT,Limit,4606.83,,0.01,0.0,0.0,0.0,0.0,cancelled
2026-04-28 13:13:26,Close short,USDT,XAUUSDT,Limit,4630.51,4630.51,0.01,0.01,46.3051,0.1894,0.1894,fully executed
2026-04-28 13:11:22,Open short,USDT,XAUUSDT,Market,,4649.45,0.01,0.01,46.4945,0.0,0.0,fully executed
2026-04-28 13:08:03,Close short,USDT,BTCUSDT,Market,,76998.4,0.0007,0.0007,53.89888,-0.21147,-0.243809328,fully executed
2026-04-28 09:48:38,Close short,USDT,XAGUSDT,Limit,74.6,74.6,0.39,0.39,29.094,0.234,0.234,fully executed
2026-04-28 09:45:48,Open short,USDT,XAGUSDT,Trigger order—market,,75.2,0.39,0.39,29.328,0.0,0.0,fully executed
2026-04-28 00:32:42,Close short,USDT,BTCUSDT,Limit,75855.9,,0.0007,0.0,0.0,0.0,0.0,cancelled
2026-04-28 00:02:47,Open short,USDT,BTCUSDT,Limit edited,76696.3,76696.3,0.0007,0.0007,53.68741,0.0,0.0,fully executed
2026-04-28 00:02:39,Open short,USDT,BTCUSDT,Limit edited,76706.4,,0.0007,0.0,0.0,0.0,0.0,cancelled
2026-04-28 00:02:31,Open short,USDT,BTCUSDT,Limit edited,76719.3,,0.0007,0.0,0.0,0.0,0.0,cancelled
2026-04-28 00:02:21,Open short,USDT,BTCUSDT,Limit,76742.5,,0.0007,0.0,0.0,0.0,0.0,cancelled
2026-04-28 00:02:15,Open short,USDT,BTCUSDT,Limit,76700.7,,0.0007,0.0,0.0,0.0,0.0,cancelled
2026-04-28 00:01:29,Close long,USDT,XAGUSDT,Market,,74.84,0.47,0.47,35.1748,-0.1598,-0.166131464,fully executed
2026-04-27 23:58:23,Close long,USDT,XAGUSDT,Limit,76.22,,0.47,0.0,0.0,0.0,0.0,cancelled
2026-04-27 23:31:02,Open long,USDT,XAGUSDT,Limit,75.18,75.18,0.47,0.47,35.3346,0.0,0.0,fully executed
2026-04-27 22:53:38,Close long,USDT,XAGUSDT,Position SL—market,,74.98,0.39,0.39,29.2422,-0.1365,-0.141763596,fully executed
2026-04-27 22:37:54,Close long,USDT,XAGUSDT,Limit,76.03,,0.39,0.0,0.0,0.0,0.0,cancelled
2026-04-27 22:36:28,Open long,USDT,XAGUSDT,Limit,75.33,75.33,0.39,0.39,29.3787,0.0,0.0,fully executed
2026-04-25 00:08:57,Close long,USDT,XAUUSDT,Market,,4719.29,0.01,0.01,47.1929,-0.0799,-0.088394722,fully executed
2026-04-24 23:47:06,Open long,USDT,XAUUSDT,Limit,4727.28,4727.28,0.01,0.01,47.2728,0.0,0.0,fully executed
2026-04-24 23:46:56,Open long,USDT,XAUUSDT,Limit,4727.28,,0.01,0.0,0.0,0.0,0.0,cancelled
2026-04-24 23:45:06,Close short,USDT,BTCUSDT,Position SL—market,,78030.0,0.0003,0.0003,23.409,-0.03846,-0.0525054,fully executed
2026-04-24 23:19:50,Close short,USDT,BTCUSDT,Limit edited,77549.0,,0.0003,0.0,0.0,0.0,0.0,cancelled
2026-04-24 23:06:54,Close short,USDT,BTCUSDT,Limit,77194.7,,0.0003,0.0,0.0,0.0,0.0,cancelled
2026-04-24 22:26:38,Close short,USDT,BTCUSDT,Limit,77549.3,77549.3,0.0004,0.0004,31.01972,0.141,0.134796056,fully executed
2026-04-24 22:26:02,Close short,USDT,BTCUSDT,Limit edited,77549.0,,0.0007,0.0,0.0,0.0,0.0,cancelled
2026-04-24 22:10:43,Close short,USDT,BTCUSDT,Limit edited,77574.7,,0.0007,0.0,0.0,0.0,0.0,cancelled
2026-04-24 21:59:24,Close short,USDT,BTCUSDT,Limit edited,77351.8,,0.0007,0.0,0.0,0.0,0.0,cancelled
2026-04-24 21:57:15,Close short,USDT,BTCUSDT,Limit,77566.2,,0.0007,0.0,0.0,0.0,0.0,cancelled
2026-04-24 21:56:29,Open short,USDT,BTCUSDT,Limit,77901.8,77901.8,0.0007,0.0007,54.53126,0.0,0.0,fully executed
2026-04-24 17:22:06,Close long,USDT,BTCUSDT,Limit,77975.1,77975.1,0.0007,0.0007,54.58257,0.32858,0.317663486,fully executed
2026-04-24 17:19:59,Open long,USDT,BTCUSDT,Limit,77505.7,77505.7,0.0007,0.0007,54.25399,0.0,0.0,fully executed
2026-04-24 15:03:04,Close short,USDT,XAGUSDT,Position SL—market,,74.49,0.63,0.63,46.9287,-0.2079,-0.216347166,fully executed
2026-04-24 14:50:34,Close short,USDT,XAGUSDT,Limit,73.51,,0.63,0.0,0.0,0.0,0.0,cancelled
2026-04-24 14:50:07,Open short,USDT,XAGUSDT,Trigger order—market,,74.16,0.63,0.63,46.7208,0.0,0.0,fully executed
2026-04-24 14:22:51,Close long,USDT,XAGUSDT,Position SL—market,,74.68,0.62,0.62,46.3016,-0.2418,-0.250134288,fully executed
2026-04-24 12:56:08,Open long,USDT,XAGUSDT,Trigger order—market,,75.07,0.62,0.62,46.5434,0.0,0.0,fully executed
2026-04-24 11:33:46,Open short,USDT,BTCUSDT,Limit,77563.3,,0.0007,0.0,0.0,0.0,0.0,cancelled
2026-04-23 22:26:23,Close short,USDT,XAGUSDT,Market,,76.19,0.38,0.38,28.9522,-0.1824,-0.187611396,fully executed
2026-04-23 22:07:00,Close short,USDT,XAGUSDT,Limit,74.51,,0.38,0.0,0.0,0.0,0.0,cancelled
2026-04-23 22:06:34,Open short,USDT,XAGUSDT,Trigger order—market,,75.71,0.38,0.38,28.7698,0.0,0.0,fully executed
2026-04-23 21:10:12,Close long,USDT,XAGUSDT,Market,,76.48,0.28,0.28,21.4144,0.042,0.038145408,fully executed
2026-04-23 20:35:47,Close long,USDT,XAGUSDT,Limit edited,77.48,,0.28,0.0,0.0,0.0,0.0,cancelled
2026-04-23 20:27:01,Close long,USDT,XAGUSDT,Limit,77.1,,0.28,0.0,0.0,0.0,0.0,cancelled
2026-04-23 20:26:38,Close long,USDT,XAGUSDT,Limit,76.71,76.71,0.29,0.29,22.2459,0.1102,0.1102,fully executed
2026-04-23 20:17:46,Close long,USDT,XAGUSDT,Limit,77.09,,0.57,0.0,0.0,0.0,0.0,cancelled
2026-04-23 20:17:14,Open long,USDT,XAGUSDT,Trigger order—market,,76.33,0.57,0.57,43.5081,0.0,0.0,fully executed
2026-04-23 18:40:50,Close short,USDT,XAGUSDT,Market,,74.52,0.19,0.19,14.1588,0.019,0.016451416,fully executed
2026-04-23 18:26:43,Open short,USDT,XAGUSDT,Limit,74.62,74.62,0.19,0.19,14.1778,0.0,0.0,fully executed
2026-04-23 18:12:13,Close short,USDT,XAGUSDT,Limit edited,74.62,74.62,0.35,0.35,26.117,0.294,0.294,fully executed
2026-04-23 18:09:18,Close short,USDT,XAGUSDT,Limit,74.9,,0.35,0.0,0.0,0.0,0.0,cancelled
2026-04-23 17:50:55,Close short,USDT,XAGUSDT,Limit edited,75.18,75.18,0.35,0.35,26.313,0.098,0.098,fully executed
2026-04-23 17:50:50,Close short,USDT,XAGUSDT,Limit,75.19,,0.35,0.0,0.0,0.0,0.0,cancelled
2026-04-23 17:41:11,Open short,USDT,XAGUSDT,Trigger order—market,,75.46,0.7,0.7,52.822,0.0,0.0,fully executed
2026-04-22 22:20:39,Close short,USDT,XAGUSDT,Position SL—market,,78.318,0.75,0.75,58.7385,-0.1935,-0.20407293,fully executed
2026-04-22 22:07:12,Close short,USDT,XAGUSDT,Limit edited,77.78,,0.75,0.0,0.0,0.0,0.0,cancelled
2026-04-22 22:05:39,Close short,USDT,XAGUSDT,Limit,77.81,,0.75,0.0,0.0,0.0,0.0,cancelled
2026-04-22 22:05:17,Open short,USDT,XAGUSDT,Trigger order—market,,78.06,0.75,0.75,58.545,0.0,0.0,fully executed
2026-04-22 21:25:36,Close short,USDT,XAGUSDT,Market,,77.88,0.57,0.57,44.3916,-0.0114,-0.019390488,fully executed
2026-04-22 20:37:15,Close short,USDT,XAGUSDT,Limit,77.1,,0.57,0.0,0.0,0.0,0.0,cancelled
2026-04-22 20:33:04,Open short,USDT,XAGUSDT,Limit edited,77.86,77.86,0.57,0.57,44.3802,0.0,0.0,fully executed
2026-04-22 20:33:00,Open short,USDT,XAGUSDT,Limit,77.89,,0.57,0.0,0.0,0.0,0.0,cancelled
2026-04-22 19:30:19,Close short,USDT,XAGUSDT,Market,,78.15,0.56,0.56,43.764,0.056,0.04812248,fully executed
2026-04-22 14:09:27,Close short,USDT,XAGUSDT,Limit,77.5,,0.56,0.0,0.0,0.0,0.0,cancelled
2026-04-22 14:09:13,Open short,USDT,XAGUSDT,Trigger order—market,,78.25,0.56,0.56,43.82,0.0,0.0,fully executed
2026-04-22 13:58:22,Close long,USDT,XAGUSDT,Market,,78.46,0.75,0.75,58.845,-0.105,-0.1155921,fully executed
2026-04-22 13:37:20,Open long,USDT,XAGUSDT,Market,,78.6,0.75,0.75,58.95,0.0,0.0,fully executed
2026-04-22 13:37:10,Close short,USDT,XAGUSDT,Market,,78.6,0.67,0.67,52.662,-0.157800000001,-0.167279160001,fully executed
2026-04-22 13:30:58,Close short,USDT,XAGUSDT,Limit,77.91,,0.67,0.0,0.0,0.0,0.0,cancelled
2026-04-22 13:30:37,Open short,USDT,XAGUSDT,Trigger order—market,,78.36447761194,0.67,0.67,52.5042,0.0,0.0,fully executed
2026-04-22 13:29:19,Close long,USDT,XAGUSDT,Market,,78.39,0.75,0.75,58.7925,-0.1575,-0.16808265,fully executed
2026-04-22 13:25:20,Open long,USDT,XAGUSDT,Trigger order—market,,78.6,0.75,0.75,58.95,0.0,0.0,fully executed
2026-04-22 13:16:22,Close short,USDT,XAGUSDT,Position SL—market,,78.47,0.6,0.6,47.082,-0.264,-0.27247476,fully executed
2026-04-22 11:56:18,Close long,USDT,ETHUSDT,Limit,2381.07,2381.07,0.04,0.04,95.2428,0.5108,0.49175144,fully executed
2026-04-22 11:56:09,Close long,USDT,ETHUSDT,Limit,2363.78,,0.04,0.0,0.0,0.0,0.0,cancelled
2026-04-22 11:40:14,Open long,USDT,ETHUSDT,Limit edited,2355.53,,0.04,0.0,0.0,0.0,0.0,cancelled
2026-04-22 11:38:09,Open short,USDT,XAGUSDT,Market,,78.03,0.6,0.6,46.818,0.0,0.0,fully executed
2026-04-22 11:31:47,Open long,USDT,ETHUSDT,Limit,2354.81,,0.04,0.0,0.0,0.0,0.0,cancelled
2026-04-22 11:31:27,Open long,USDT,ETHUSDT,Limit,2360.43,2360.43,0.02,0.02,47.2086,0.0,0.0,fully executed
2026-04-22 11:25:16,Close short,USDT,XAGUSDT,Market,,78.1,0.56,0.56,43.736,-0.028,-0.03587248,fully executed
2026-04-22 11:20:09,Open short,USDT,XAGUSDT,Trigger order—market,,78.05,0.56,0.56,43.708,0.0,0.0,fully executed
2026-04-22 11:08:12,Open short,USDT,XAGUSDT,Limit,78.13,,0.37,0.0,0.0,0.0,0.0,cancelled
2026-04-22 11:06:35,Open long,USDT,ETHUSDT,Trigger order—limit,2376.17,2376.17,0.02,0.02,47.5234,0.0,0.0,fully executed
2026-04-22 01:43:53,Close short,USDT,XAGUSDT,Position SL—market,,76.93,0.76,0.76,58.4668,0.0152,0.004675976,fully executed
2026-04-21 23:26:28,Close short,USDT,XAGUSDT,Limit edited,76.09,,0.76,0.0,0.0,0.0,0.0,cancelled
2026-04-21 22:58:56,Close short,USDT,XAGUSDT,Limit,76.24,,0.76,0.0,0.0,0.0,0.0,cancelled
2026-04-21 22:58:24,Open short,USDT,XAGUSDT,Trigger order—market,,76.95,0.76,0.76,58.482,0.0,0.0,fully executed
2026-04-21 15:16:38,Close short,USDT,XAUUSDT,Market,,4782.55,0.01,0.01,47.8255,-0.0504,-0.05900859,fully executed
2026-04-21 15:10:09,Open short,USDT,XAUUSDT,Market,,4777.51,0.01,0.01,47.7751,0.0,0.0,fully executed
2026-04-21 14:37:51,Open short,USDT,XAUUSDT,Limit,4773.63,,0.01,0.0,0.0,0.0,0.0,cancelled
2026-04-20 07:54:34,Close long,USDT,XAGUSDT,Limit,79.58,79.58,0.37,0.37,29.4446,0.2331,0.2331,fully executed
2026-04-20 07:53:06,Open long,USDT,XAGUSDT,Trigger order—market,,78.95,0.37,0.37,29.2115,0.0,0.0,fully executed
2026-04-18 01:08:56,Close long,USDT,XAGUSDT,Position SL—market,,81.91,0.46,0.46,37.6786,-0.3818,-0.388582148,fully executed
2026-04-17 23:08:19,Close long,USDT,XAGUSDT,Limit,83.57,,0.46,0.0,0.0,0.0,0.0,cancelled
2026-04-17 23:07:58,Open long,USDT,XAGUSDT,Market,,82.74,0.46,0.46,38.0604,0.0,0.0,fully executed
2026-04-17 15:23:24,Close short,USDT,XAGUSDT,Market,,78.71,0.56,0.56,44.0776,-0.0728,-0.080733968,fully executed
2026-04-17 14:30:07,Open short,USDT,XAGUSDT,Trigger order—market,,78.58,0.56,0.56,44.0048,0.0,0.0,fully executed
2026-04-17 00:00:44,Close short,USDT,XAGUSDT,Market,,78.98,0.37,0.37,29.2226,-0.1258,-0.131060068,fully executed
2026-04-16 23:36:18,Close short,USDT,XAGUSDT,Limit,78.15,,0.37,0.0,0.0,0.0,0.0,cancelled
2026-04-16 23:34:41,Open short,USDT,XAGUSDT,Trigger order—market,,78.64,0.37,0.37,29.0968,0.0,0.0,fully executed
2026-04-16 17:53:23,Close short,USDT,XAGUSDT,Position SL—market,,79.61,0.74,0.74,58.9114,0.0222,0.011595948,fully executed
2026-04-16 17:29:38,Close short,USDT,XAGUSDT,Limit,79.21,,0.74,0.0,0.0,0.0,0.0,cancelled
2026-04-16 17:25:41,Open short,USDT,XAGUSDT,Trigger order—market,,79.64,0.74,0.74,58.9336,0.0,0.0,fully executed
2026-04-16 15:30:36,Close short,USDT,XAGUSDT,Market,,80.28,0.55,0.55,44.154,0.0165,0.00855228,fully executed
2026-04-16 15:04:12,Close short,USDT,XAGUSDT,Limit edited,79.87,,0.55,0.0,0.0,0.0,0.0,cancelled
2026-04-16 15:04:08,Close short,USDT,XAGUSDT,Limit,79.88,,0.55,0.0,0.0,0.0,0.0,cancelled
2026-04-16 14:58:09,Open short,USDT,XAGUSDT,Trigger order—market,,80.31,0.55,0.55,44.1705,0.0,0.0,fully executed
2026-04-16 14:50:41,Close short,USDT,XAGUSDT,Market,,80.43,0.54,0.54,43.4322,0.0432,0.035382204,fully executed
2026-04-16 13:39:32,Close short,USDT,XAGUSDT,Limit,79.87,,0.54,0.0,0.0,0.0,0.0,cancelled
2026-04-16 13:35:25,Open short,USDT,XAGUSDT,Trigger order—market,,80.51,0.54,0.54,43.4754,0.0,0.0,fully executed
2026-04-16 13:35:00,Close long,USDT,XAGUSDT,Market,,80.53,0.54,0.54,43.4862,-0.0594,-0.067227516,fully executed
2026-04-16 12:58:54,Open long,USDT,XAGUSDT,Market,,80.64,0.54,0.54,43.5456,0.0,0.0,fully executed
2026-04-15 22:30:49,Close long,USDT,XAGUSDT,Position SL—market,,80.09,0.28,0.28,22.4252,0.322,0.317963464,fully executed
2026-04-15 22:11:15,Close long,USDT,XAGUSDT,Limit edited,80.88,,0.28,0.0,0.0,0.0,0.0,cancelled
2026-04-15 21:55:52,Close long,USDT,XAGUSDT,Limit edited,80.49,,0.28,0.0,0.0,0.0,0.0,cancelled
2026-04-15 21:52:16,Close long,USDT,XAGUSDT,Limit,80.09,,0.28,0.0,0.0,0.0,0.0,cancelled
2026-04-15 21:39:20,Close long,USDT,XAGUSDT,Limit,79.71,79.71,0.28,0.28,22.3188,0.2156,0.2156,fully executed
2026-04-15 21:09:35,Close long,USDT,XAGUSDT,Limit edited,79.7,,0.56,0.0,0.0,0.0,0.0,cancelled
2026-04-15 21:05:58,Close long,USDT,XAGUSDT,Limit,79.32,,0.56,0.0,0.0,0.0,0.0,cancelled
2026-04-15 21:05:06,Open long,USDT,XAGUSDT,Trigger order—market,,78.94,0.56,0.56,44.2064,0.0,0.0,fully executed
2026-04-15 18:46:30,Close short,USDT,XAGUSDT,Position SL—market,,78.78,0.37,0.37,29.1486,-0.1443,-0.149546748,fully executed
2026-04-15 18:39:56,Close short,USDT,XAGUSDT,Limit,77.98,,0.37,0.0,0.0,0.0,0.0,cancelled
2026-04-15 18:26:22,Open short,USDT,XAGUSDT,Trigger order—market,,78.39,0.37,0.37,29.0043,0.0,0.0,fully executed
2026-04-15 17:58:28,Close short,USDT,XAGUSDT,Market,,78.48,0.56,0.56,43.9488,0.028,0.020089216,fully executed
2026-04-15 17:49:32,Close short,USDT,XAGUSDT,Limit,78.03,,0.56,0.0,0.0,0.0,0.0,cancelled
2026-04-15 17:39:33,Open short,USDT,XAGUSDT,Trigger order—market,,78.53,0.56,0.56,43.9768,0.0,0.0,fully executed
2026-04-15 17:13:39,Close short,USDT,XAGUSDT,Position SL—market,,78.819454545455,0.55,0.55,43.3507,0.1433,0.135496874,fully executed
2026-04-15 17:11:47,Close short,USDT,XAGUSDT,Limit edited,78.3,,0.55,0.0,0.0,0.0,0.0,cancelled
2026-04-15 17:11:28,Close short,USDT,XAGUSDT,Limit edited,78.2,,0.55,0.0,0.0,0.0,0.0,cancelled
2026-04-15 17:09:20,Close short,USDT,XAGUSDT,Limit edited,78.55,,0.55,0.0,0.0,0.0,0.0,cancelled
2026-04-15 17:09:15,Close short,USDT,XAGUSDT,Limit,78.56,,0.55,0.0,0.0,0.0,0.0,cancelled
2026-04-15 17:05:46,Open short,USDT,XAGUSDT,Trigger order—market,,79.08,0.55,0.55,43.494,0.0,0.0,fully executed
2026-04-15 15:06:23,Close long,USDT,XAGUSDT,Market,,79.12,0.37,0.37,29.2744,-0.1591,-0.164369392,fully executed
2026-04-15 14:04:11,Close long,USDT,XAGUSDT,Limit,80.67,,0.37,0.0,0.0,0.0,0.0,cancelled
2026-04-15 14:00:51,Open long,USDT,XAGUSDT,Market,,79.55,0.37,0.37,29.4335,0.0,0.0,fully executed
2026-04-15 13:25:10,Close long,USDT,XAGUSDT,Market,,79.7,0.36,0.36,28.692,-0.0396,-0.04476456,fully executed
2026-04-15 13:02:50,Close long,USDT,XAGUSDT,Limit,80.17,,0.36,0.0,0.0,0.0,0.0,cancelled
2026-04-15 12:59:44,Open long,USDT,XAGUSDT,Market,,79.81,0.36,0.36,28.7316,0.0,0.0,fully executed
2026-04-14 23:41:16,Close long,USDT,XAGUSDT,Limit,79.4,79.4,0.22,0.22,17.468,0.1166,0.1166,fully executed
2026-04-14 23:19:59,Open long,USDT,XAGUSDT,Trigger order—market,,78.87,0.22,0.22,17.3514,0.0,0.0,fully executed
2026-04-14 23:10:18,Close long,USDT,XAUUSDT,Market,,4789.59,0.01,0.01,47.8959,-0.1231,-0.131721262,fully executed
2026-04-14 22:56:45,Open long,USDT,XAUUSDT,Market,,4801.9,0.01,0.01,48.019,0.0,0.0,fully executed
2026-04-14 22:44:50,Close long,USDT,XAUUSDT,Position SL—market,,4797.29,0.01,0.01,47.9729,-0.0576,-0.066235122,fully executed
2026-04-14 22:33:21,Close long,USDT,XAUUSDT,Limit,4829.96,,0.01,0.0,0.0,0.0,0.0,cancelled
2026-04-14 22:27:00,Open long,USDT,XAUUSDT,Trigger order—market,,4803.05,0.01,0.01,48.0305,0.0,0.0,fully executed
2026-04-14 14:52:14,Close short,USDT,XAUUSDT,Position SL—market,,4771.6,0.01,0.01,47.716,-0.1588,-0.16738888,fully executed
2026-04-14 14:32:43,Close short,USDT,XAUUSDT,Limit,4739.22,,0.01,0.0,0.0,0.0,0.0,cancelled
2026-04-14 13:40:39,Open short,USDT,XAUUSDT,Trigger order—market,,4755.72,0.01,0.01,47.5572,0.0,0.0,fully executed
2026-04-14 13:26:19,Close long,USDT,XAUUSDT,Position SL—market,,4761.88,0.01,0.01,47.6188,-0.0342,-0.042771384,fully executed
2026-04-14 13:20:39,Open long,USDT,XAUUSDT,Trigger order—market,,4765.3,0.01,0.01,47.653,0.0,0.0,fully executed
2026-04-13 23:36:08,Close long,USDT,XAUUSDT,Limit,4729.52,4729.52,0.01,0.01,47.2952,0.2106,0.2106,fully executed
2026-04-13 23:35:39,Open long,USDT,XAUUSDT,Market,,4708.46,0.01,0.01,47.0846,0.0,0.0,fully executed
2026-04-13 19:41:09,Close long,USDT,XAUUSDT,Position SL—market,,4707.06,0.01,0.01,47.0706,-0.1348,-0.143272708,fully executed
2026-04-13 19:05:39,Close long,USDT,XAUUSDT,Limit,4733.87,,0.01,0.0,0.0,0.0,0.0,cancelled
2026-04-13 18:51:00,Open long,USDT,XAUUSDT,Trigger order—market,,4720.54,0.01,0.01,47.2054,0.0,0.0,fully executed
2026-04-13 18:45:14,Close short,USDT,XAUUSDT,Market,,4716.86,0.01,0.01,47.1686,0.0135,0.005009652,fully executed
2026-04-13 17:09:54,Close short,USDT,XAUUSDT,Limit,4681.59,,0.01,0.0,0.0,0.0,0.0,cancelled
2026-04-13 16:45:30,Open short,USDT,XAUUSDT,Trigger order—market,,4718.21,0.01,0.01,47.1821,0.0,0.0,fully executed
2026-04-13 13:57:07,Close short,USDT,XAUUSDT,Position SL—market,,4725.23,0.01,0.01,47.2523,-0.1336,-0.142105414,fully executed
2026-04-13 11:07:09,Close short,USDT,XAUUSDT,Limit,4685.05,,0.01,0.0,0.0,0.0,0.0,cancelled
2026-04-13 11:05:39,Open short,USDT,XAUUSDT,Trigger order—market,,4711.87,0.01,0.01,47.1187,0.0,0.0,fully executed
2026-04-10 23:36:14,Close long,USDT,XAUUSDT,Position SL—market,,4766.74,0.01,0.01,47.6674,-0.2244,-0.232980132,fully executed
2026-04-10 22:25:30,Close long,USDT,XAUUSDT,Limit,4811.15,,0.01,0.0,0.0,0.0,0.0,cancelled
2026-04-10 22:25:01,Open long,USDT,XAUUSDT,Market,,4789.18,0.01,0.01,47.8918,0.0,0.0,fully executed
2026-04-10 16:07:11,Close short,USDT,BTCUSDT,Market,,71517.1,0.0008,0.0008,57.21368,0.06632,0.031991792,fully executed
2026-04-10 15:49:49,Open short,USDT,BTCUSDT,Trigger order—market,,71600.0,0.0008,0.0008,57.28,0.0,0.0,fully executed
2026-04-08 21:16:07,Close short,USDT,XAUUSDT,Limit,4781.47,4781.47,0.01,0.01,47.8147,0.1492,0.1492,fully executed
2026-04-08 21:15:56,Open short,USDT,XAUUSDT,Market,,4796.39,0.01,0.01,47.9639,0.0,0.0,fully executed
2026-04-08 20:22:00,Close long,USDT,XAUUSDT,Market,,4780.83,0.01,0.01,47.8083,-0.2273,-0.235905494,fully executed
2026-04-08 20:05:51,Open long,USDT,XAUUSDT,Market,,4803.56,0.01,0.01,48.0356,0.0,0.0,fully executed
2026-04-08 18:55:38,Close long,USDT,XAUUSDT,Market,,4788.0,0.01,0.01,47.88,-0.0617,-0.0703184,fully executed
2026-04-08 18:50:22,Open long,USDT,XAUUSDT,Market,,4794.17,0.01,0.01,47.9417,0.0,0.0,fully executed
2026-04-08 16:54:42,Close short,USDT,XAUUSDT,Limit,4778.74,4778.74,0.01,0.01,47.7874,0.2016,0.2016,fully executed
2026-04-08 16:50:21,Open short,USDT,XAUUSDT,Limit,4798.9,4798.9,0.01,0.01,47.989,0.0,0.0,fully executed
2026-04-08 16:29:58,Close short,USDT,XAUUSDT,Position SL—market,,4807.8,0.01,0.01,48.078,-0.0028,-0.01145404,fully executed
2026-04-08 15:44:49,Close short,USDT,XAUUSDT,Limit,4793.81,,0.01,0.0,0.0,0.0,0.0,cancelled
2026-04-08 15:38:14,Open short,USDT,XAUUSDT,Trigger order—market,,4807.52,0.01,0.01,48.0752,0.0,0.0,fully executed
2026-04-08 14:56:40,Close long,USDT,XAUUSDT,Position SL—market,,4819.45,0.01,0.01,48.1945,-0.1226,-0.13127501,fully executed
2026-04-08 14:20:46,Open long,USDT,XAUUSDT,Market,,4831.71,0.01,0.01,48.3171,0.0,0.0,fully executed
2026-04-08 14:08:05,Close long,USDT,XAUUSDT,Position SL—market,,4823.78,0.01,0.01,48.2378,0.175,0.166317196,fully executed
2026-04-08 13:06:25,Open long,USDT,XAUUSDT,Market,,4806.28,0.01,0.01,48.0628,0.0,0.0,fully executed
2026-04-08 00:00:07,Close short,USDT,XAUUSDT,Market,,4656.72,0.01,0.01,46.5672,-0.1916,-0.199982096,fully executed
2026-04-07 22:55:02,Open short,USDT,XAUUSDT,Market,,4637.56,0.01,0.01,46.3756,0.0,0.0,fully executed
2026-04-07 18:26:12,Close long,USDT,XAUUSDT,Position SL—market,,4658.37,0.02,0.02,93.1674,-0.2926,-0.309370132,fully executed
2026-04-07 17:57:20,Close long,USDT,XAUUSDT,Limit,4702.31,,0.02,0.0,0.0,0.0,0.0,cancelled
2026-04-07 17:55:42,Open long,USDT,XAUUSDT,Trigger order—market,,4673.0,0.02,0.02,93.46,0.0,0.0,fully executed
2026-04-07 17:46:27,Close long,USDT,XAUUSDT,Market,,4662.44,0.01,0.01,46.6244,-0.2086,-0.216992392,fully executed
2026-04-07 17:18:32,Close long,USDT,XAUUSDT,Limit,4708.62,,0.01,0.0,0.0,0.0,0.0,cancelled
2026-04-07 16:36:22,Open long,USDT,XAUUSDT,Trigger order—market,,4683.3,0.01,0.01,46.833,0.0,0.0,fully executed
2026-04-07 15:36:13,Close short,USDT,XAUUSDT,Position SL—market,,4646.05,0.01,0.01,46.4605,0.0283,0.01993711,fully executed
2026-04-07 15:24:42,Close short,USDT,XAUUSDT,Limit edited,4634.31,,0.01,0.0,0.0,0.0,0.0,cancelled
2026-04-07 15:24:15,Close short,USDT,XAUUSDT,Limit,4637.22,,0.01,0.0,0.0,0.0,0.0,cancelled
2026-04-07 15:16:06,Open short,USDT,XAUUSDT,Trigger order—market,,4648.88,0.01,0.01,46.4888,0.0,0.0,fully executed
2026-04-07 13:55:23,Close short,USDT,XAUUSDT,Position SL—market,,4640.76,0.01,0.01,46.4076,0.0683,0.059946632,fully executed
2026-04-07 13:27:29,Close short,USDT,XAUUSDT,Limit edited,4617.58,,0.01,0.0,0.0,0.0,0.0,cancelled
2026-04-07 13:26:02,Close short,USDT,XAUUSDT,Limit,4632.6,,0.01,0.0,0.0,0.0,0.0,cancelled
2026-04-07 13:25:10,Open short,USDT,XAUUSDT,Trigger order—market,,4647.59,0.01,0.01,46.4759,0.0,0.0,fully executed
2026-04-06 23:38:32,Close long,USDT,XAUUSDT,Market,,4655.18,0.01,0.01,46.5518,-0.1039,-0.112279324,fully executed
2026-04-06 23:20:33,Open long,USDT,XAUUSDT,Trigger order—market,,4665.57,0.01,0.01,46.6557,0.0,0.0,fully executed
2026-04-06 22:20:04,Close short,USDT,XAUUSDT,Market,,4683.96,0.01,0.01,46.8396,-0.0026,-0.011031128,fully executed
2026-04-06 18:26:44,Open short,USDT,XAUUSDT,Trigger order—market,,4683.7,0.01,0.01,46.837,0.0,0.0,fully executed
2026-04-06 15:49:27,Close short,USDT,XAUUSDT,Position SL—market,,4666.64,0.01,0.01,46.6664,-0.1933,-0.201699952,fully executed
2026-04-06 15:24:03,Close short,USDT,XAUUSDT,Limit,4610.21,,0.01,0.0,0.0,0.0,0.0,cancelled
2026-04-06 15:23:11,Open short,USDT,XAUUSDT,Trigger order—limit,4647.31,4647.31,0.01,0.01,46.4731,0.0,0.0,fully executed
2026-04-06 15:18:16,Close long,USDT,XAUUSDT,Position SL—market,,4648.69,0.01,0.01,46.4869,-0.1203,-0.128667642,fully executed
2026-04-06 14:14:25,Close long,USDT,XAUUSDT,Limit,4680.51,,0.01,0.0,0.0,0.0,0.0,cancelled
2026-04-06 14:12:36,Open long,USDT,XAUUSDT,Trigger order—market,,4660.72,0.01,0.01,46.6072,0.0,0.0,fully executed
2026-04-06 10:34:56,Close short,USDT,XAUUSDT,Limit,4634.37,4634.37,0.01,0.01,46.3437,0.2381,0.2381,fully executed
2026-04-06 10:32:21,Open short,USDT,XAUUSDT,Trigger order—market,,4658.18,0.01,0.01,46.5818,0.0,0.0,fully executed
2026-04-02 23:45:28,Close long,USDT,XAUUSDT,Market,,4659.55,0.01,0.01,46.5955,-0.1001,-0.10848719,fully executed
2026-04-02 23:36:39,Open long,USDT,XAUUSDT,Market,,4669.56,0.01,0.01,46.6956,0.0,0.0,fully executed
2026-04-02 23:25:19,Close long,USDT,XAUUSDT,Position SL—market,,4655.55,0.01,0.01,46.5555,0.0187,0.01032001,fully executed
2026-04-02 22:44:35,Close long,USDT,XAUUSDT,Limit,4702.93,,0.01,0.0,0.0,0.0,0.0,cancelled
2026-04-02 22:11:32,Open long,USDT,XAUUSDT,Trigger order—market,,4653.68,0.01,0.01,46.5368,0.0,0.0,fully executed
2026-04-02 18:13:46,Close short,USDT,XAUUSDT,Limit,4592.45,4592.45,0.01,0.01,45.9245,0.2772,0.2772,fully executed
2026-04-02 16:57:11,Open short,USDT,XAUUSDT,Market,,4620.17,0.01,0.01,46.2017,0.0,0.0,fully executed
2026-04-02 16:57:07,Close long,USDT,XAUUSDT,Market,,4620.73,0.01,0.01,46.2073,-0.0082,-0.016517314,fully executed
2026-04-02 16:57:03,Open long,USDT,XAUUSDT,Market,,4621.55,0.01,0.01,46.2155,0.0,0.0,fully executed
2026-04-02 14:20:40,Close short,USDT,XAUUSDT,Position SL—market,,4592.76,0.01,0.01,45.9276,-0.0191,-0.027366968,fully executed
2026-04-02 14:09:01,Close short,USDT,XAUUSDT,Limit,4509.44,,0.01,0.0,0.0,0.0,0.0,cancelled
2026-04-02 13:50:11,Open short,USDT,XAUUSDT,Market,,4590.85,0.01,0.01,45.9085,0.0,0.0,fully executed
2026-04-01 14:35:31,Close long,USDT,XAUUSDT,Position SL—market,,4701.45,0.01,0.01,47.0145,0.029,0.02053739,fully executed
2026-04-01 13:41:08,Open long,USDT,XAUUSDT,Trigger order—market,,4698.55,0.01,0.01,46.9855,0.0,0.0,fully executed
2026-03-31 20:37:30,Close short,USDT,XAUUSDT,Market,,4588.16,0.01,0.01,45.8816,-0.1501,-0.158358688,fully executed
2026-03-31 20:15:11,Open short,USDT,XAUUSDT,Trigger order—market,,4573.15,0.01,0.01,45.7315,0.0,0.0,fully executed
2026-03-31 18:50:13,Open long,USDT,XAUUSDT,Trigger order—limit,4543.71,,0.01,0.0,0.0,0.0,0.0,cancelled
2026-03-31 17:02:49,Close short,USDT,XAUUSDT,Limit,4555.3,4555.3,0.01,0.01,45.553,0.0934,0.0934,fully executed
2026-03-31 17:02:36,Open short,USDT,XAUUSDT,Market,,4564.64,0.01,0.01,45.6464,0.0,0.0,fully executed
2026-03-31 13:39:53,Close short,USDT,XAUUSDT,Market,,4576.11,0.02,0.02,91.5222,-0.4444,-0.460873996,fully executed
2026-03-31 13:30:41,Open short,USDT,XAUUSDT,Trigger order—limit,4558.43,4558.43,0.01,0.01,45.5843,0.0,0.0,fully executed
2026-03-31 13:13:27,Open short,USDT,XAUUSDT,Trigger order—limit,4549.35,4549.35,0.01,0.01,45.4935,0.0,0.0,fully executed
2026-03-31 13:13:17,Close long,USDT,XAUUSDT,Market,,4551.82,0.01,0.01,45.5182,-0.1559,-0.164093276,fully executed
2026-03-31 13:06:18,Open long,USDT,XAUUSDT,Trigger order—limit,4567.41,4567.41,0.01,0.01,45.6741,0.0,0.0,fully executed
2026-03-30 12:13:21,Close long,USDT,XAUUSDT,Position SL—market,,4492.15,0.01,0.01,44.9215,-0.2345,-0.24258587,fully executed
2026-03-30 11:25:05,Open long,USDT,XAUUSDT,Market,,4515.6,0.01,0.01,45.156,0.0,0.0,fully executed
2026-03-27 10:49:02,Close long,USDT,XAUUSDT,Position SL—market,,4433.68,0.01,0.01,44.3368,-0.0341,-0.042080624,fully executed
2026-03-27 10:47:45,Close long,USDT,XAUUSDT,Limit edited,4450.86,,0.01,0.0,0.0,0.0,0.0,cancelled
2026-03-27 10:47:43,Close long,USDT,XAUUSDT,Limit edited,4446.89,,0.01,0.0,0.0,0.0,0.0,cancelled
2026-03-27 10:26:42,Close long,USDT,XAUUSDT,Limit edited,4438.14,,0.01,0.0,0.0,0.0,0.0,cancelled
2026-03-27 10:26:22,Close long,USDT,XAUUSDT,Limit edited,4437.7,,0.01,0.0,0.0,0.0,0.0,cancelled
2026-03-27 10:26:01,Close long,USDT,XAUUSDT,Limit edited,4440.61,,0.01,0.0,0.0,0.0,0.0,cancelled
2026-03-27 10:25:43,Close long,USDT,XAUUSDT,Limit edited,4437.87,,0.01,0.0,0.0,0.0,0.0,cancelled
2026-03-27 10:25:40,Close long,USDT,XAUUSDT,Limit,4436.76,,0.01,0.0,0.0,0.0,0.0,cancelled
2026-03-27 10:11:25,Open long,USDT,XAUUSDT,Market,,4437.09,0.01,0.01,44.3709,0.0,0.0,fully executed
2026-03-27 10:11:08,Open long,USDT,XAUUSDT,Limit,4439.48,,0.01,0.0,0.0,0.0,0.0,cancelled
2026-03-27 10:10:55,Open long,USDT,XAUUSDT,Limit,4439.71,,0.01,0.0,0.0,0.0,0.0,cancelled
2026-03-26 21:37:36,Close short,USDT,XAUUSDT,Position SL—market,,4446.76,0.01,0.01,44.4676,0.0272,0.019195832,fully executed
2026-03-26 21:30:05,Close short,USDT,XAUUSDT,Limit,4431.39,,0.01,0.0,0.0,0.0,0.0,cancelled
2026-03-26 21:11:21,Open short,USDT,XAUUSDT,Limit,4449.48,4449.48,0.01,0.01,44.4948,0.0,0.0,fully executed
2026-03-26 16:56:00,Close short,USDT,XAGUSDT,Position SL—market,,68.54,0.42,0.42,28.7868,0.3192,0.314018376,fully executed
2026-03-26 16:44:31,Close short,USDT,XAGUSDT,Limit edited,66.99,,0.42,0.0,0.0,0.0,0.0,cancelled
2026-03-26 16:43:58,Close short,USDT,XAGUSDT,Limit edited,66.88,,0.42,0.0,0.0,0.0,0.0,cancelled
2026-03-26 16:26:09,Close short,USDT,XAGUSDT,Limit edited,67.76,,0.42,0.0,0.0,0.0,0.0,cancelled
2026-03-26 14:15:57,Close short,USDT,XAGUSDT,Limit,68.03,,0.42,0.0,0.0,0.0,0.0,cancelled
2026-03-26 14:14:37,Open short,USDT,XAGUSDT,Trigger order—limit,69.3,69.3,0.42,0.42,29.106,0.0,0.0,fully executed
2026-03-26 14:09:16,Close short,USDT,XAGUSDT,Market,,69.76,0.42,0.42,29.2992,0.1848,0.179526144,fully executed
2026-03-26 13:52:06,Open short,USDT,XAGUSDT,Trigger order—market,,70.2,0.42,0.42,29.484,0.0,0.0,fully executed
2026-03-26 13:25:32,Open short,USDT,XAGUSDT,Trigger order—limit,70.9,,0.41,0.0,0.0,0.0,0.0,cancelled
2026-03-26 13:21:45,Open short,USDT,XAGUSDT,Trigger order—limit,71.25,,0.41,0.0,0.0,0.0,0.0,cancelled
2026-03-26 11:29:06,Close short,USDT,XAGUSDT,Position SL—market,,71.56,0.41,0.41,29.3396,0.0082,0.002918872,fully executed
2026-03-26 10:35:32,Open short,USDT,XAGUSDT,Trigger order—limit,71.58,71.58,0.41,0.41,29.3478,0.0,0.0,fully executed
2026-03-26 10:34:35,Open short,USDT,XAUUSDT,Limit,4523.83,,0.01,0.0,0.0,0.0,0.0,cancelled
2026-03-25 10:51:45,Close long,USDT,XAUUSDT,Position SL—market,,4588.61,0.01,0.01,45.8861,0.0103,0.002040502,fully executed
2026-03-25 10:18:31,Open long,USDT,XAUUSDT,Trigger order—limit,4587.58,4587.58,0.01,0.01,45.8758,0.0,0.0,fully executed
2026-03-25 01:05:10,Close long,USDT,XAGUSDT,Position SL—market,,69.34,0.29,0.29,20.1086,-0.1885,-0.192119548,fully executed
2026-03-25 00:17:24,Close long,USDT,XAGUSDT,Limit,70.63,,0.29,0.0,0.0,0.0,0.0,cancelled
2026-03-25 00:16:47,Open long,USDT,XAGUSDT,Market,,69.99,0.29,0.29,20.2971,0.0,0.0,fully executed
2026-03-24 17:06:29,Close long,USDT,XAGUSDT,Market,,69.52,0.42,0.42,29.1984,-0.0126,-0.017855712,fully executed
2026-03-24 16:42:20,Close long,USDT,XAGUSDT,Limit,69.97,,0.42,0.0,0.0,0.0,0.0,cancelled
2026-03-24 16:41:41,Open long,USDT,XAGUSDT,Trigger order—limit,69.55,69.55,0.42,0.42,29.211,0.0,0.0,fully executed
2026-03-24 16:36:33,Close short,USDT,BTCUSDT,Position SL—market,,70995.1,0.0004,0.0004,28.39804,0.01832,0.001281176,fully executed
2026-03-24 16:25:29,Close short,USDT,BTCUSDT,Limit,70691.5,,0.0004,0.0,0.0,0.0,0.0,cancelled
2026-03-24 16:16:09,Open short,USDT,BTCUSDT,Trigger order—limit,71040.9,71040.9,0.0004,0.0004,28.41636,0.0,0.0,fully executed
2026-03-24 16:05:15,Close long,USDT,XAGUSDT,Position SL—market,,69.61,0.21,0.21,14.6181,-0.0735,-0.076131258,fully executed
2026-03-24 16:01:26,Close long,USDT,XAGUSDT,Limit edited,69.99,,0.21,0.0,0.0,0.0,0.0,cancelled
2026-03-24 16:01:06,Close long,USDT,XAGUSDT,Limit edited,70.64,,0.21,0.0,0.0,0.0,0.0,cancelled
2026-03-24 16:00:56,Close long,USDT,XAGUSDT,Limit edited,71.32,,0.21,0.0,0.0,0.0,0.0,cancelled
2026-03-24 16:00:51,Close long,USDT,XAGUSDT,Limit,71.34,,0.21,0.0,0.0,0.0,0.0,cancelled
2026-03-24 15:50:56,Open long,USDT,XAGUSDT,Trigger order—limit,69.97,69.96,0.21,0.21,14.6916,0.0,0.0,fully executed
2026-03-24 15:23:36,Close long,USDT,XAGUSDT,Position SL—market,,69.5,0.42,0.42,29.19,0.168,0.1627458,fully executed
2026-03-24 15:17:18,Close long,USDT,XAGUSDT,Limit edited,70.43,,0.42,0.0,0.0,0.0,0.0,cancelled
2026-03-24 15:17:12,Close long,USDT,XAGUSDT,Limit edited,70.15,,0.42,0.0,0.0,0.0,0.0,cancelled
2026-03-24 15:01:32,Close long,USDT,XAGUSDT,Limit,69.95,,0.42,0.0,0.0,0.0,0.0,cancelled
2026-03-24 14:55:51,Open long,USDT,XAGUSDT,Trigger order—limit,69.1,69.1,0.42,0.42,29.022,0.0,0.0,fully executed
2026-03-23 18:37:32,Close long,USDT,XAGUSDT,Position SL—market,,63.65,0.46,0.46,29.279,-0.2254,-0.23067022,fully executed
2026-03-23 18:11:14,Close long,USDT,XAGUSDT,Limit,65.0,,0.46,0.0,0.0,0.0,0.0,cancelled
2026-03-23 18:10:53,Open long,USDT,XAGUSDT,Trigger order—limit,64.15,64.14,0.46,0.46,29.5044,0.0,0.0,fully executed
2026-03-23 17:55:12,Open long,USDT,ETHUSDT,Limit edited,2037.46,,0.01,0.0,0.0,0.0,0.0,cancelled
2026-03-23 17:54:33,Open long,USDT,ETHUSDT,Limit,2036.96,,0.01,0.0,0.0,0.0,0.0,cancelled
2026-03-23 14:15:05,Close short,USDT,XAGUSDT,Position SL—market,,64.16,0.46,0.46,29.5136,0.0414,0.036087552,fully executed
2026-03-23 13:51:55,Close short,USDT,XAGUSDT,Limit,62.02,,0.46,0.0,0.0,0.0,0.0,cancelled
2026-03-23 13:50:51,Open short,USDT,XAGUSDT,Trigger order—limit,64.25,64.25,0.46,0.46,29.555,0.0,0.0,fully executed
2026-03-23 13:30:16,Close long,USDT,XAGUSDT,Position SL—market,,65.34,0.44,0.44,28.7496,-0.5852,-0.590374928,fully executed
2026-03-23 13:06:41,Open long,USDT,XAGUSDT,Trigger order—limit,66.67,66.67,0.44,0.44,29.3348,0.0,0.0,fully executed
2026-03-22 17:41:37,Close short,USDT,BTCUSDT,Position SL—market,,68793.1,0.0008,0.0008,55.03448,0.30176,0.268739312,fully executed
2026-03-22 15:43:40,Close short,USDT,BTCUSDT,Limit edited,68398.2,,0.0008,0.0,0.0,0.0,0.0,cancelled
2026-03-22 15:43:35,Close short,USDT,BTCUSDT,Limit,68405.5,,0.0008,0.0,0.0,0.0,0.0,cancelled
2026-03-22 13:15:37,Open short,USDT,BTCUSDT,Trigger order—limit,69170.3,69170.3,0.0008,0.0008,55.33624,0.0,0.0,fully executed
2026-03-20 20:15:14,Close long,USDT,XAUUSDT,Limit,4692.79,4692.79,0.01,0.01,46.9279,0.0,0.0,fully executed
2026-03-20 20:10:24,Open long,USDT,XAUUSDT,Trigger order—limit,4692.79,4692.79,0.01,0.01,46.9279,0.0,0.0,fully executed
2026-03-20 18:05:08,Close short,USDT,XAGUSDT,Position SL—market,,71.63,0.41,0.41,29.3683,0.0328,0.027513706,fully executed
2026-03-20 18:01:30,Close short,USDT,XAGUSDT,Limit,71.25,,0.41,0.0,0.0,0.0,0.0,cancelled
2026-03-20 18:00:50,Open short,USDT,XAGUSDT,Trigger order—limit,71.71,71.71,0.41,0.41,29.4011,0.0,0.0,fully executed
2026-03-20 14:10:45,Close short,USDT,XAGUSDT,Limit,72.48,72.48,0.4,0.4,28.992,0.128,0.128,fully executed
2026-03-20 14:10:02,Open short,USDT,XAGUSDT,Trigger order—limit,72.8,72.8,0.4,0.4,29.12,0.0,0.0,fully executed
2026-03-20 14:00:02,Close short,USDT,XAGUSDT,Position SL—market,,72.54,0.4,0.4,29.016,-0.032,-0.03722288,fully executed
2026-03-20 13:57:08,Close short,USDT,XAGUSDT,Limit edited,72.03,,0.4,0.0,0.0,0.0,0.0,cancelled
2026-03-20 13:56:57,Close short,USDT,XAGUSDT,Limit,72.45,,0.4,0.0,0.0,0.0,0.0,cancelled
2026-03-20 13:55:09,Open short,USDT,XAGUSDT,Trigger order—limit,72.46,72.46,0.4,0.4,28.984,0.0,0.0,fully executed
2026-03-20 12:32:36,Close short,USDT,ETHUSDT,Limit,2139.44,2139.44,0.03,0.03,64.1832,0.156499999999,0.143663359999,fully executed
2026-03-20 12:22:16,Open short,USDT,ETHUSDT,Trigger order—limit,2152.45,2152.45,0.01,0.01,21.5245,0.0,0.0,fully executed
2026-03-20 12:00:58,Open short,USDT,ETHUSDT,Trigger order—limit,2150.05,,0.02,0.0,0.0,0.0,0.0,cancelled
2026-03-20 11:44:11,Open short,USDT,ETHUSDT,Trigger order—limit,2147.68,2147.68,0.01,0.01,21.4768,0.0,0.0,fully executed
2026-03-20 10:34:11,Close short,USDT,ETHUSDT,Limit,2108.05,,0.01,0.0,0.0,0.0,0.0,cancelled
2026-03-20 10:33:08,Open short,USDT,ETHUSDT,Limit edited,2133.84,2133.84,0.01,0.01,21.3384,0.0,0.0,fully executed
2026-03-20 10:32:34,Open short,USDT,ETHUSDT,Trigger order—limit,2135.89,,0.01,0.0,0.0,0.0,0.0,cancelled
2026-03-20 10:16:02,Close long,USDT,XAGUSDT,Limit,74.03,74.03,0.4,0.4,29.612,-0.02,-0.02,fully executed
2026-03-20 10:11:05,Open long,USDT,XAGUSDT,Trigger order—limit,74.08,74.08,0.4,0.4,29.632,0.0,0.0,fully executed
2026-03-20 09:47:10,Close long,USDT,XAGUSDT,Position SL—market,,74.26,0.39,0.39,28.9614,0.0156,0.010386948,fully executed
2026-03-20 09:39:42,Close long,USDT,XAGUSDT,Limit,75.01,,0.39,0.0,0.0,0.0,0.0,cancelled
2026-03-20 09:38:00,Open long,USDT,XAGUSDT,Trigger order—limit,74.22,74.22,0.39,0.39,28.9458,0.0,0.0,fully executed
2026-03-19 21:41:39,Close short,USDT,XAGUSDT,Limit edited,67.79,67.79,0.43,0.43,29.1497,0.0258,0.0258,fully executed
2026-03-19 21:41:28,Close short,USDT,XAGUSDT,Limit edited,67.7,,0.43,0.0,0.0,0.0,0.0,cancelled
2026-03-19 21:40:44,Close short,USDT,XAGUSDT,Limit edited,67.0,,0.43,0.0,0.0,0.0,0.0,cancelled
2026-03-19 21:40:25,Close short,USDT,XAGUSDT,Limit edited,66.99,,0.43,0.0,0.0,0.0,0.0,cancelled
2026-03-19 21:40:20,Close short,USDT,XAGUSDT,Limit edited,67.72,,0.43,0.0,0.0,0.0,0.0,cancelled
2026-03-19 21:36:47,Close short,USDT,XAGUSDT,Limit,66.18,,0.43,0.0,0.0,0.0,0.0,cancelled
2026-03-19 21:25:15,Open short,USDT,XAGUSDT,Market,,67.85,0.43,0.43,29.1755,0.0,0.0,fully executed
2026-03-19 16:57:04,Close short,USDT,XAGUSDT,Limit,71.09,71.09,1.24,1.24,88.1516,-0.000800000001,-0.000800000001,fully executed
2026-03-19 16:53:16,Close short,USDT,XAGUSDT,Limit edited,71.08,,0.83,0.0,0.0,0.0,0.0,cancelled
2026-03-19 16:52:48,Open short,USDT,XAGUSDT,Limit,71.68,71.68,0.41,0.41,29.3888,0.0,0.0,fully executed
2026-03-19 16:52:26,Close short,USDT,XAGUSDT,Limit,70.82,,0.83,0.0,0.0,0.0,0.0,cancelled
2026-03-19 16:49:02,Open short,USDT,XAGUSDT,Limit edited,71.42,71.42,0.41,0.41,29.2822,0.0,0.0,fully executed
2026-03-19 16:48:52,Open short,USDT,XAGUSDT,Limit,71.66,,0.41,0.0,0.0,0.0,0.0,cancelled
2026-03-19 16:45:09,Open short,USDT,XAGUSDT,Trigger order—limit,70.18,70.19,0.42,0.42,29.4798,0.0,0.0,fully executed
2026-03-19 15:39:24,Close short,USDT,XAGUSDT,Position SL—market,,72.5,0.4,0.4,29.0,0.02,0.01478,fully executed
2026-03-19 15:35:38,Close short,USDT,XAGUSDT,Limit,72.16,,0.1,0.0,0.0,0.0,0.0,cancelled
2026-03-19 15:25:09,Open short,USDT,XAGUSDT,Trigger order—limit,72.55,72.55,0.4,0.4,29.02,0.0,0.0,fully executed
2026-03-19 14:55:12,Close short,USDT,XAGUSDT,Position SL—market,,72.48,0.2,0.2,14.496,0.208,0.20539072,fully executed
2026-03-19 14:35:27,Close short,USDT,XAGUSDT,Limit edited,72.46,72.46,0.2,0.2,14.492,0.212,0.212,fully executed
2026-03-19 14:34:26,Close short,USDT,XAGUSDT,Limit,72.48,,0.2,0.0,0.0,0.0,0.0,cancelled
2026-03-19 14:30:06,Open short,USDT,XAGUSDT,Trigger order—limit,73.52,73.52,0.4,0.4,29.408,0.0,0.0,fully executed
2026-03-18 23:03:02,Close short,USDT,ETHUSDT,Market,,2183.05,0.01,0.01,21.8305,0.0245,0.0114017,fully executed
2026-03-18 23:01:56,Close short,USDT,ETHUSDT,Limit,2144.42,,0.01,0.0,0.0,0.0,0.0,cancelled
2026-03-18 23:00:14,Open short,USDT,ETHUSDT,Trigger order—limit,2185.36,2185.5,0.01,0.01,21.855,0.0,0.0,fully executed
2026-03-18 20:45:38,Close short,USDT,ETHUSDT,Limit edited,2236.43,2236.43,0.01,0.01,22.3643,0.2668,0.26232714,fully executed
2026-03-18 20:19:46,Close short,USDT,ETHUSDT,Limit,2236.29,,0.01,0.0,0.0,0.0,0.0,cancelled
2026-03-18 19:39:53,Open short,USDT,ETHUSDT,Trigger order—limit,2263.11,2263.11,0.01,0.01,22.6311,0.0,0.0,fully executed
2026-03-18 18:35:37,Close long,USDT,ETHUSDT,Position SL—market,,2325.73,0.01,0.01,23.2573,0.1151,0.10114562,fully executed
2026-03-18 18:11:28,Close long,USDT,ETHUSDT,Limit edited,2333.11,,0.01,0.0,0.0,0.0,0.0,cancelled
2026-03-18 18:11:20,Close long,USDT,ETHUSDT,Limit edited,2332.94,,0.01,0.0,0.0,0.0,0.0,cancelled
2026-03-18 18:10:11,Close long,USDT,ETHUSDT,Limit edited,2330.36,,0.01,0.0,0.0,0.0,0.0,cancelled
2026-03-18 18:09:36,Close long,USDT,ETHUSDT,Limit edited,2328.53,,0.01,0.0,0.0,0.0,0.0,cancelled
2026-03-18 18:07:26,Close long,USDT,ETHUSDT,Limit edited,2325.92,,0.01,0.0,0.0,0.0,0.0,cancelled
2026-03-18 18:07:22,Close long,USDT,ETHUSDT,Limit edited,2324.71,,0.01,0.0,0.0,0.0,0.0,cancelled
2026-03-18 18:07:14,Close long,USDT,ETHUSDT,Limit edited,2328.11,,0.01,0.0,0.0,0.0,0.0,cancelled
2026-03-18 15:44:34,Close long,USDT,ETHUSDT,Limit,2336.1,,0.01,0.0,0.0,0.0,0.0,cancelled
2026-03-18 15:43:52,Open long,USDT,ETHUSDT,Limit,2314.22,2314.22,0.01,0.01,23.1422,0.0,0.0,fully executed
2026-03-17 21:32:40,Close short,USDT,ETHUSDT,Position SL—market,,2336.45,0.01,0.01,23.3645,-0.2907,-0.3047187,fully executed
2026-03-17 19:03:54,Close short,USDT,ETHUSDT,Limit,2276.89,,0.01,0.0,0.0,0.0,0.0,cancelled
2026-03-17 17:18:23,Open short,USDT,ETHUSDT,Trigger order—limit,2307.38,2307.38,0.01,0.01,23.0738,0.0,0.0,fully executed
2026-03-17 15:35:41,Close long,USDT,ETHUSDT,Market,,2329.67,0.01,0.01,23.2967,0.1273,0.11332198,fully executed
2026-03-17 15:21:23,Close long,USDT,ETHUSDT,Limit edited,2346.08,,0.01,0.0,0.0,0.0,0.0,cancelled
2026-03-17 15:20:59,Close long,USDT,ETHUSDT,Limit edited,2343.0,,0.01,0.0,0.0,0.0,0.0,cancelled
2026-03-17 15:20:33,Close long,USDT,ETHUSDT,Limit edited,2341.73,,0.01,0.0,0.0,0.0,0.0,cancelled
2026-03-17 15:20:16,Close long,USDT,ETHUSDT,Limit edited,2337.47,,0.01,0.0,0.0,0.0,0.0,cancelled
2026-03-17 15:20:06,Close long,USDT,ETHUSDT,Limit edited,2344.17,,0.01,0.0,0.0,0.0,0.0,cancelled
2026-03-17 15:04:26,Close long,USDT,ETHUSDT,Limit edited,2337.47,,0.01,0.0,0.0,0.0,0.0,cancelled
2026-03-17 14:50:36,Close long,USDT,ETHUSDT,Limit edited,2320.75,,0.01,0.0,0.0,0.0,0.0,cancelled
2026-03-17 14:29:02,Close long,USDT,ETHUSDT,Limit edited,2337.45,,0.01,0.0,0.0,0.0,0.0,cancelled
2026-03-17 14:21:58,Close long,USDT,ETHUSDT,Limit,2357.62,,0.01,0.0,0.0,0.0,0.0,cancelled
2026-03-17 14:16:12,Open long,USDT,ETHUSDT,Trigger order—limit,2316.94,2316.94,0.01,0.01,23.1694,0.0,0.0,fully executed
2026-03-17 14:10:12,Close short,USDT,ETHUSDT,Position SL—market,,2304.81,0.01,0.01,23.0481,-0.0446,-0.05842886,fully executed
2026-03-17 13:48:09,Close short,USDT,ETHUSDT,Limit,2266.29,,0.01,0.0,0.0,0.0,0.0,cancelled
2026-03-17 13:46:28,Open short,USDT,ETHUSDT,Trigger order—limit,2300.35,2300.35,0.01,0.01,23.0035,0.0,0.0,fully executed
2026-03-14 09:54:58,Close short,USDT,ETHUSDT,Position SL—market,,2093.68,0.01,0.01,20.9368,-0.1146,-0.12716208,fully executed
2026-03-14 09:40:00,Close short,USDT,ETHUSDT,Limit edited,2079.78,,0.01,0.0,0.0,0.0,0.0,cancelled
2026-03-14 09:39:49,Close short,USDT,ETHUSDT,Limit edited,2080.47,,0.01,0.0,0.0,0.0,0.0,cancelled
2026-03-14 08:50:29,Close short,USDT,ETHUSDT,Limit,2070.86,,0.01,0.0,0.0,0.0,0.0,cancelled
2026-03-14 08:45:29,Open short,USDT,ETHUSDT,Trigger order—limit,2082.14,2082.22,0.01,0.01,20.8222,0.0,0.0,fully executed
2026-03-14 01:16:18,Close short,USDT,ETHUSDT,Position SL—market,,2138.34,0.01,0.01,21.3834,-0.1456,-0.15843004,fully executed
2026-03-14 01:13:07,Close short,USDT,ETHUSDT,Limit edited,2132.8,,0.01,0.0,0.0,0.0,0.0,cancelled
2026-03-14 01:11:49,Close short,USDT,ETHUSDT,Limit edited,2131.39,,0.01,0.0,0.0,0.0,0.0,cancelled
2026-03-14 00:45:20,Close short,USDT,ETHUSDT,Limit,2124.17,,0.01,0.0,0.0,0.0,0.0,cancelled
2026-03-14 00:03:22,Open short,USDT,ETHUSDT,Trigger order—limit,2123.78,2123.78,0.01,0.01,21.2378,0.0,0.0,fully executed
2026-03-13 22:51:05,Close short,USDT,ETHUSDT,Limit,2147.12,2147.12,0.01,0.01,21.4712,0.1666,0.16230576,fully executed
2026-03-13 22:50:23,Open short,USDT,ETHUSDT,Trigger order—limit,2163.55,2163.78,0.01,0.01,21.6378,0.0,0.0,fully executed
2026-03-13 21:50:47,Close short,USDT,ETHUSDT,Market,,2190.75,0.01,0.01,21.9075,-0.0847,-0.0978445,fully executed
2026-03-13 21:48:51,Close short,USDT,ETHUSDT,Limit edited,2180.53,,0.01,0.0,0.0,0.0,0.0,cancelled
2026-03-13 21:45:15,Close short,USDT,ETHUSDT,Limit edited,2164.79,,0.01,0.0,0.0,0.0,0.0,cancelled
2026-03-13 21:27:40,Close short,USDT,ETHUSDT,Limit,2164.4,,0.01,0.0,0.0,0.0,0.0,cancelled
2026-03-13 21:26:30,Open short,USDT,ETHUSDT,Trigger order—limit,2182.28,2182.28,0.01,0.01,21.8228,0.0,0.0,fully executed
2026-03-13 21:18:45,Close long,USDT,ETHUSDT,Limit edited,2182.48,2182.48,0.01,0.01,21.8248,0.2541,0.24973504,fully executed
2026-03-13 21:18:27,Close long,USDT,ETHUSDT,Limit,2185.05,,0.01,0.0,0.0,0.0,0.0,cancelled
2026-03-13 21:17:05,Open long,USDT,ETHUSDT,Trigger order—limit,2157.07,2157.07,0.01,0.01,21.5707,0.0,0.0,fully executed
2026-03-13 15:00:44,Close long,USDT,XAGUSDT,Position SL—market,,82.59,0.5,0.5,41.295,-0.05,-0.0574331,fully executed
2026-03-13 14:58:21,Close long,USDT,XAGUSDT,Limit,83.18,,0.5,0.0,0.0,0.0,0.0,cancelled
2026-03-13 14:55:39,Open long,USDT,XAGUSDT,Trigger order—limit,82.73,82.69,0.5,0.5,41.345,0.0,0.0,fully executed
2026-03-13 13:31:19,Close short,USDT,XAGUSDT,Limit,83.8,83.8,0.35,0.35,29.33,0.1225,0.1225,fully executed
2026-03-13 13:30:10,Open short,USDT,XAGUSDT,Trigger order—limit,84.14,84.15,0.35,0.35,29.4525,0.0,0.0,fully executed
2026-03-13 13:26:46,Open short,USDT,XAGUSDT,Trigger order—limit,84.35,,0.35,0.0,0.0,0.0,0.0,cancelled
2026-03-13 11:27:36,Close short,USDT,XAGUSDT,Limit edited,84.36,84.36,0.34,0.34,28.6824,0.1394,0.1394,fully executed
2026-03-13 11:27:23,Close short,USDT,XAGUSDT,Limit edited,84.33,,0.34,0.0,0.0,0.0,0.0,cancelled
2026-03-13 11:26:26,Close short,USDT,XAGUSDT,Limit edited,84.37,,0.34,0.0,0.0,0.0,0.0,cancelled
2026-03-13 11:26:17,Close short,USDT,XAGUSDT,Limit edited,84.15,,0.34,0.0,0.0,0.0,0.0,cancelled
2026-03-13 11:26:10,Close short,USDT,XAGUSDT,Limit edited,84.14,,0.34,0.0,0.0,0.0,0.0,cancelled
2026-03-13 11:19:14,Close short,USDT,XAGUSDT,Limit edited,83.52,,0.34,0.0,0.0,0.0,0.0,cancelled
2026-03-13 11:16:57,Close short,USDT,XAGUSDT,Limit,84.15,,0.34,0.0,0.0,0.0,0.0,cancelled
2026-03-13 10:46:15,Open short,USDT,XAGUSDT,Trigger order—limit,84.77,84.77,0.34,0.34,28.8218,0.0,0.0,fully executed
2026-03-12 22:45:33,Close short,USDT,XAGUSDT,Market,,85.77,0.34,0.34,29.1618,-0.0068,-0.012049124,fully executed
2026-03-12 22:34:29,Close short,USDT,XAGUSDT,Limit,84.32,,0.34,0.0,0.0,0.0,0.0,cancelled
2026-03-12 22:23:40,Open short,USDT,XAGUSDT,Trigger order—limit,85.75,85.75,0.34,0.34,29.155,0.0,0.0,fully executed
2026-03-12 21:57:51,Close short,USDT,XAGUSDT,Position SL—market,,86.05,0.34,0.34,29.257,0.0204,0.01513374,fully executed
2026-03-12 21:55:34,Close short,USDT,XAGUSDT,Limit edited,85.72,,0.34,0.0,0.0,0.0,0.0,cancelled
2026-03-12 21:55:15,Close short,USDT,XAGUSDT,Limit edited,85.71,,0.34,0.0,0.0,0.0,0.0,cancelled
2026-03-12 21:54:04,Close short,USDT,XAGUSDT,Limit edited,85.32,,0.34,0.0,0.0,0.0,0.0,cancelled
2026-03-12 21:46:26,Close short,USDT,XAGUSDT,Limit edited,85.72,,0.34,0.0,0.0,0.0,0.0,cancelled
2026-03-12 21:46:23,Close short,USDT,XAGUSDT,Limit edited,85.74,,0.34,0.0,0.0,0.0,0.0,cancelled
2026-03-12 21:40:42,Close short,USDT,XAGUSDT,Limit,86.04,,0.34,0.0,0.0,0.0,0.0,cancelled
2026-03-12 21:36:09,Open short,USDT,XAGUSDT,Trigger order—limit,86.11,86.11,0.34,0.34,29.2774,0.0,0.0,fully executed
2026-03-12 21:05:16,Close long,USDT,XAGUSDT,Market,,87.06,0.16,0.16,13.9296,-0.0448,-0.047307328,fully executed
2026-03-12 21:01:47,Close long,USDT,XAGUSDT,Limit,87.4,,0.16,0.0,0.0,0.0,0.0,cancelled
2026-03-12 20:55:27,Open long,USDT,XAGUSDT,Trigger order—limit,87.34,87.34,0.16,0.16,13.9744,0.0,0.0,fully executed
2026-03-12 14:39:35,Close short,USDT,XAGUSDT,Position SL—market,,85.76,0.34,0.34,29.1584,-0.2074,-0.212648512,fully executed
2026-03-12 14:22:11,Close short,USDT,XAGUSDT,Limit,84.1,,0.34,0.0,0.0,0.0,0.0,cancelled
2026-03-12 14:20:37,Open short,USDT,XAGUSDT,Trigger order—limit,85.15,85.15,0.34,0.34,28.951,0.0,0.0,fully executed
2026-03-12 11:39:04,Close long,USDT,XAGUSDT,Position SL—market,,84.41,0.34,0.34,28.6994,-0.1326,-0.137765892,fully executed
2026-03-12 11:13:14,Close long,USDT,XAGUSDT,Limit,85.18,,0.34,0.0,0.0,0.0,0.0,cancelled
2026-03-12 11:05:23,Open long,USDT,XAGUSDT,Trigger order—limit,84.8,84.8,0.34,0.34,28.832,0.0,0.0,fully executed
2026-03-12 10:05:47,Close short,USDT,XAGUSDT,Position SL—market,,85.58,0.34,0.34,29.0972,-0.0714,-0.076637496,fully executed
2026-03-12 09:56:01,Open short,USDT,XAGUSDT,Trigger order—limit,85.37,85.37,0.34,0.34,29.0258,0.0,0.0,fully executed
2026-03-12 09:38:38,Close short,USDT,XAGUSDT,Market,,85.29,0.34,0.34,28.9986,-0.1156,-0.120819748,fully executed
2026-03-12 09:30:07,Open short,USDT,XAGUSDT,Trigger order—limit,84.95,84.95,0.34,0.34,28.883,0.0,0.0,fully executed
2026-03-11 22:42:18,Close short,USDT,XAGUSDT,Market,,85.49,0.34,0.34,29.0666,0.0272,0.021968012,fully executed
2026-03-11 22:39:47,Close short,USDT,XAGUSDT,Limit edited,84.8,,0.34,0.0,0.0,0.0,0.0,cancelled
2026-03-11 22:39:21,Close short,USDT,XAGUSDT,Limit edited,85.16,,0.34,0.0,0.0,0.0,0.0,cancelled
2026-03-11 22:37:54,Close short,USDT,XAGUSDT,Limit edited,85.33,,0.34,0.0,0.0,0.0,0.0,cancelled
2026-03-11 22:37:43,Close short,USDT,XAGUSDT,Limit edited,85.53,,0.34,0.0,0.0,0.0,0.0,cancelled
2026-03-11 22:37:34,Close short,USDT,XAGUSDT,Limit,85.31,,0.34,0.0,0.0,0.0,0.0,cancelled
2026-03-11 22:35:03,Open short,USDT,XAGUSDT,Trigger order—limit,85.52,85.57,0.34,0.34,29.0938,0.0,0.0,fully executed
2026-03-11 22:31:29,Close short,USDT,XAGUSDT,Market,,85.76,0.34,0.34,29.1584,-0.0374,-0.042648512,fully executed
2026-03-11 22:31:08,Close short,USDT,XAGUSDT,Limit edited,85.65,,0.34,0.0,0.0,0.0,0.0,cancelled
2026-03-11 22:30:54,Close short,USDT,XAGUSDT,Limit edited,85.61,,0.34,0.0,0.0,0.0,0.0,cancelled
2026-03-11 22:16:22,Close short,USDT,XAGUSDT,Limit,84.65,,0.34,0.0,0.0,0.0,0.0,cancelled
2026-03-11 21:55:07,Open short,USDT,XAGUSDT,Limit edited,85.65,85.65,0.34,0.34,29.121,0.0,0.0,fully executed
2026-03-11 21:54:54,Open short,USDT,XAGUSDT,Limit,85.55,,0.34,0.0,0.0,0.0,0.0,cancelled
2026-03-11 21:02:02,Open short,USDT,XAGUSDT,Limit,85.06,,0.13,0.0,0.0,0.0,0.0,cancelled
2026-03-11 21:01:53,Open short,USDT,XAGUSDT,Limit,84.97,,0.13,0.0,0.0,0.0,0.0,cancelled
2026-03-11 19:50:06,Close short,USDT,XAGUSDT,Market,,86.27,0.34,0.34,29.3318,-0.0136,-0.018879724,fully executed
2026-03-11 19:45:01,Open short,USDT,XAGUSDT,Trigger order—limit,86.23,86.23,0.34,0.34,29.3182,0.0,0.0,fully executed
2026-03-11 11:05:30,Close long,USDT,XAGUSDT,Position SL—market,,88.67,0.33,0.33,29.2611,0.1221,0.116833002,fully executed
2026-03-11 10:48:20,Close long,USDT,XAGUSDT,Limit,89.28,,0.33,0.0,0.0,0.0,0.0,cancelled
2026-03-11 10:42:37,Open long,USDT,XAGUSDT,Trigger order—limit,88.3,88.3,0.33,0.33,29.139,0.0,0.0,fully executed
2026-03-10 21:30:13,Close long,USDT,XAGUSDT,Position SL—market,,89.205624999999,0.16,0.16,14.2729,0.0137,0.011130878,fully executed
2026-03-10 21:10:57,Open long,USDT,XAGUSDT,Trigger order—limit,89.12,89.12,0.16,0.16,14.2592,0.0,0.0,fully executed
2026-03-10 11:55:05,Close short,USDT,XAGUSDT,Market,,88.07,0.33,0.33,29.0631,0.0495,0.044268642,fully executed
2026-03-10 11:48:36,Close short,USDT,XAGUSDT,Limit,87.13,,0.33,0.0,0.0,0.0,0.0,cancelled
2026-03-10 11:42:19,Open short,USDT,XAGUSDT,Trigger order—limit,88.22,88.22,0.33,0.33,29.1126,0.0,0.0,fully executed
2026-03-10 11:28:04,Close long,USDT,XAGUSDT,Position SL—market,,88.42,0.33,0.33,29.1786,-0.3102,-0.315452148,fully executed
2026-03-10 09:56:37,Close long,USDT,XAGUSDT,Limit,90.28,,0.33,0.0,0.0,0.0,0.0,cancelled
2026-03-10 09:55:53,Open long,USDT,XAGUSDT,Limit,89.36,89.36,0.33,0.33,29.4888,0.0,0.0,fully executed
2026-03-10 09:55:45,Open long,USDT,XAGUSDT,Limit,89.39,,0.33,0.0,0.0,0.0,0.0,cancelled
2026-03-09 21:43:42,Close long,USDT,XAGUSDT,Market,,83.74,0.14,0.14,11.7236,-0.1064,-0.108510248,fully executed
2026-03-09 21:30:45,Open long,USDT,XAGUSDT,Trigger order—limit,84.5,84.5,0.14,0.14,11.83,0.0,0.0,fully executed
2026-03-09 20:05:30,Close short,USDT,XAGUSDT,Position SL—market,,83.62,0.35,0.35,29.267,-0.182,-0.18726806,fully executed
2026-03-09 19:49:54,Open short,USDT,XAGUSDT,Trigger order—limit,83.1,83.1,0.35,0.35,29.085,0.0,0.0,fully executed
2026-03-09 17:45:43,Close long,USDT,XAGUSDT,Market,,83.8,0.35,0.35,29.33,-0.168,-0.1732794,fully executed
2026-03-09 17:25:00,Open long,USDT,XAGUSDT,Trigger order—limit,84.28,84.28,0.35,0.35,29.498,0.0,0.0,fully executed
2026-03-09 14:37:20,Close short,USDT,XAGUSDT,Limit,84.13,84.13,0.35,0.35,29.4455,0.1155,0.1155,fully executed
2026-03-09 14:25:33,Open short,USDT,XAGUSDT,Trigger order—limit,84.46,84.46,0.35,0.35,29.561,0.0,0.0,fully executed
2026-03-09 14:10:47,Close short,USDT,XAGUSDT,Position SL—market,,84.76,0.35,0.35,29.666,-0.21,-0.21533988,fully executed
2026-03-09 14:04:24,Close short,USDT,XAGUSDT,Limit,83.53,,0.18,0.0,0.0,0.0,0.0,cancelled
2026-03-09 14:02:16,Open short,USDT,XAGUSDT,Trigger order—limit,84.16,84.16,0.35,0.35,29.456,0.0,0.0,fully executed
2026-03-09 13:05:30,Close short,USDT,XAGUSDT,Position SL—market,,83.17,0.35,0.35,29.1095,-0.1855,-0.19073971,fully executed
2026-03-09 12:54:40,Open short,USDT,XAGUSDT,Trigger order—limit,82.64,82.64,0.35,0.35,28.924,0.0,0.0,fully executed
2026-03-06 17:53:37,Close short,USDT,BTCUSDT,Position SL—market,,70550.0,0.0004,0.0004,28.22,0.16676,0.149828,fully executed
2026-03-06 16:06:03,Close long,USDT,XAGUSDT,Market,,84.62,0.69,0.69,58.3878,-0.1035,-0.114009804,fully executed
2026-03-06 16:00:11,Open long,USDT,XAGUSDT,Trigger order—limit,84.77,84.77,0.69,0.69,58.4913,0.0,0.0,fully executed
2026-03-06 15:57:04,Close short,USDT,XAGUSDT,Position SL—market,,84.56,0.35,0.35,29.596,-0.1085,-0.11382728,fully executed
2026-03-06 15:45:40,Open short,USDT,XAGUSDT,Trigger order—limit,84.25,84.25,0.35,0.35,29.4875,0.0,0.0,fully executed
2026-03-06 15:40:15,Close short,USDT,BTCUSDT,Limit,70114.8,,0.0004,0.0,0.0,0.0,0.0,cancelled
2026-03-06 15:36:46,Open short,USDT,BTCUSDT,Limit,70966.9,70966.9,0.0004,0.0004,28.38676,0.0,0.0,fully executed
2026-03-06 13:24:23,Close long,USDT,BTCUSDT,Position SL—market,,70334.9,0.0006,0.0006,42.20094,-0.3624,-0.387720564,fully executed
2026-03-06 13:04:30,Open long,USDT,BTCUSDT,Trigger order—limit,70602.1,70602.1,0.0003,0.0003,21.18063,0.0,0.0,fully executed
2026-03-06 10:03:27,Open long,USDT,BTCUSDT,Trigger order—limit,71275.7,71275.7,0.0003,0.0003,21.38271,0.0,0.0,fully executed
2026-03-05 23:43:12,Close short,USDT,BTCUSDT,Limit edited,71444.4,71444.4,0.0004,0.0004,28.57776,0.13088,0.125164448,fully executed
2026-03-05 23:40:37,Close short,USDT,BTCUSDT,Limit edited,71244.5,,0.0004,0.0,0.0,0.0,0.0,cancelled
2026-03-05 23:27:37,Close short,USDT,BTCUSDT,Limit edited,70804.0,,0.0004,0.0,0.0,0.0,0.0,cancelled
2026-03-05 23:27:29,Close short,USDT,BTCUSDT,Limit,70819.1,,0.0004,0.0,0.0,0.0,0.0,cancelled
2026-03-05 23:11:23,Open short,USDT,BTCUSDT,Trigger order—limit,71771.6,71771.6,0.0004,0.0004,28.70864,0.0,0.0,fully executed
2026-03-05 21:25:17,Close short,USDT,XAGUSDT,Limit edited,82.33,82.33,0.14,0.14,11.5262,0.0182,0.0182,fully executed
2026-03-05 21:25:10,Close short,USDT,XAGUSDT,Limit edited,82.26,,0.14,0.0,0.0,0.0,0.0,cancelled
2026-03-05 21:24:57,Close short,USDT,XAGUSDT,Limit edited,82.27,,0.14,0.0,0.0,0.0,0.0,cancelled
2026-03-05 21:24:14,Close short,USDT,XAGUSDT,Limit,80.88,,0.14,0.0,0.0,0.0,0.0,cancelled
2026-03-05 21:21:15,Open short,USDT,XAGUSDT,Trigger order—limit,82.45,82.46,0.14,0.14,11.5444,0.0,0.0,fully executed
2026-03-05 21:20:32,Open short,USDT,XAGUSDT,Limit,82.85,,0.14,0.0,0.0,0.0,0.0,cancelled
2026-03-05 18:40:31,Close long,USDT,BTCUSDT,Limit,73357.3,73357.3,0.0002,0.0002,14.67146,0.21902,0.216085708,fully executed
2026-03-05 18:35:32,Close long,USDT,BTCUSDT,Limit edited,73428.1,73428.1,0.0002,0.0002,14.68562,0.23318,0.230242876,fully executed
2026-03-05 18:35:27,Close long,USDT,BTCUSDT,Limit edited,73431.7,,0.0002,0.0,0.0,0.0,0.0,cancelled
2026-03-05 18:35:23,Close long,USDT,BTCUSDT,Limit,73455.3,,0.0002,0.0,0.0,0.0,0.0,cancelled
2026-03-05 18:33:48,Close long,USDT,BTCUSDT,Limit,73409.7,,0.0004,0.0,0.0,0.0,0.0,cancelled
2026-03-05 16:55:05,Open long,USDT,BTCUSDT,Trigger order—limit,72262.2,72262.2,0.0004,0.0004,28.90488,0.0,0.0,fully executed
2026-03-05 16:24:59,Close short,USDT,XAGUSDT,Market,,83.17,0.71,0.71,59.0507,0.0213,0.010670874,fully executed
2026-03-05 16:13:50,Close short,USDT,XAGUSDT,Limit,82.5,,0.18,0.0,0.0,0.0,0.0,cancelled
2026-03-05 16:12:31,Open short,USDT,XAGUSDT,Trigger order—limit,83.2,83.2,0.71,0.71,59.072,0.0,0.0,fully executed
2026-03-05 14:14:11,Close short,USDT,XAGUSDT,Position SL—market,,81.68,0.17,0.17,13.8856,0.1564,0.153900592,fully executed
2026-03-05 14:00:12,Open short,USDT,XAGUSDT,Trigger order—limit,82.58,82.6,0.17,0.17,14.042,0.0,0.0,fully executed
2026-03-04 10:12:41,Open long,USDT,XAGUSDT,Limit edited,85.33,,0.13,0.0,0.0,0.0,0.0,cancelled
2026-03-04 10:12:36,Open long,USDT,XAGUSDT,Limit,85.3,,0.13,0.0,0.0,0.0,0.0,cancelled
2026-03-04 10:12:12,Open long,USDT,XAGUSDT,Limit edited,85.19,,0.13,0.0,0.0,0.0,0.0,cancelled
2026-03-04 10:12:00,Open long,USDT,XAGUSDT,Limit edited,85.1,,0.13,0.0,0.0,0.0,0.0,cancelled
2026-03-04 10:08:49,Open long,USDT,XAGUSDT,Trigger order—limit,85.06,,0.13,0.0,0.0,0.0,0.0,cancelled
2026-03-03 23:52:06,Close short,USDT,XAGUSDT,Market,,82.41,0.33,0.33,27.1953,-0.8811,-0.885995154,fully executed
2026-03-03 23:51:54,Close short,USDT,XAGUSDT,Limit edited,82.25,,0.33,0.0,0.0,0.0,0.0,cancelled
2026-03-03 23:51:47,Close short,USDT,XAGUSDT,Limit edited,82.13,,0.33,0.0,0.0,0.0,0.0,cancelled
2026-03-03 23:51:42,Close short,USDT,XAGUSDT,Limit,81.91,,0.33,0.0,0.0,0.0,0.0,cancelled
2026-03-03 23:51:35,Close short,USDT,XAGUSDT,Limit,82.08,,0.33,0.0,0.0,0.0,0.0,cancelled
2026-03-03 23:26:08,Close short,USDT,XAGUSDT,Limit,76.44,,0.33,0.0,0.0,0.0,0.0,cancelled
2026-03-03 22:45:16,Open short,USDT,XAGUSDT,Trigger order—limit,79.74,79.74,0.33,0.33,26.3142,0.0,0.0,fully executed
2026-03-03 21:50:21,Close short,USDT,XAGUSDT,Position SL—market,,82.19,0.54,0.54,44.3826,0.0216,0.013611132,fully executed
2026-03-03 21:45:21,Open short,USDT,XAGUSDT,Trigger order—limit,82.22,82.23,0.54,0.54,44.4042,0.0,0.0,fully executed
2026-03-03 21:21:04,Close short,USDT,XAGUSDT,Position SL—market,,82.69,0.54,0.54,44.6526,-0.3456,-0.353637468,fully executed
2026-03-03 21:07:36,Open short,USDT,XAGUSDT,Trigger order—limit,82.05,82.05,0.54,0.54,44.307,0.0,0.0,fully executed
2026-03-03 16:45:51,Close short,USDT,XAGUSDT,Market,,85.84,0.34,0.34,29.1856,0.0986,0.093346592,fully executed
2026-03-03 16:41:34,Close short,USDT,XAGUSDT,Limit,82.89,,0.34,0.0,0.0,0.0,0.0,cancelled
2026-03-03 16:31:02,Open short,USDT,XAGUSDT,Trigger order—limit,86.13,86.13,0.34,0.34,29.2842,0.0,0.0,fully executed
2026-03-03 16:30:27,Close long,USDT,XAGUSDT,Market,,86.23,0.2,0.2,17.246,-0.222,-0.22510428,fully executed
2026-03-03 15:56:03,Open long,USDT,XAGUSDT,Trigger order—limit,87.34,87.34,0.2,0.2,17.468,0.0,0.0,fully executed
2026-03-03 14:36:31,Close short,USDT,XAGUSDT,Limit,83.95,83.95,0.34,0.34,28.543,0.6018,0.6018,fully executed
2026-03-03 14:35:11,Open short,USDT,XAGUSDT,Trigger order—limit,85.72,85.72,0.34,0.34,29.1448,0.0,0.0,fully executed
2026-03-03 14:27:12,Close short,USDT,XAGUSDT,Position SL—market,,86.45,0.2,0.2,17.29,-0.11,-0.1131122,fully executed
2026-03-03 14:25:37,Open short,USDT,XAGUSDT,Trigger order—limit,85.9,85.9,0.2,0.2,17.18,0.0,0.0,fully executed
2026-02-28 15:05:19,Close short,USDT,BTCUSDT,Position SL—market,,63581.3,0.001,0.001,63.5813,0.1051,0.06695122,fully executed
2026-02-28 14:59:09,Close short,USDT,BTCUSDT,Limit,61997.8,,0.001,0.0,0.0,0.0,0.0,cancelled
2026-02-28 14:50:05,Open short,USDT,BTCUSDT,Trigger order—limit,63686.4,63686.4,0.001,0.001,63.6864,0.0,0.0,fully executed
2026-02-27 21:31:21,Close short,USDT,BTCUSDT,Limit edited,65854.7,65854.7,0.0013,0.0013,85.61111,0.01534,-0.001782222,fully executed
2026-02-27 20:46:19,Close short,USDT,BTCUSDT,Limit edited,65226.4,,0.0013,0.0,0.0,0.0,0.0,cancelled
2026-02-27 20:46:11,Close short,USDT,BTCUSDT,Limit,65225.0,,0.0013,0.0,0.0,0.0,0.0,cancelled
2026-02-27 20:30:15,Close short,USDT,PIPPINUSDT,Market,,0.63841,23.0,23.0,14.68343,-0.20217,-0.210980058,fully executed
2026-02-27 20:23:45,Open short,USDT,PIPPINUSDT,Trigger order—limit,0.62962,0.62962,23.0,23.0,14.48126,0.0,0.0,fully executed
2026-02-27 20:17:13,Open short,USDT,BTCUSDT,Trigger order—limit,65866.5,65866.5,0.0013,0.0013,85.62645,0.0,0.0,fully executed
2026-02-26 20:02:07,Close long,USDT,XAGUSDT,Position SL—market,,86.3,0.36,0.36,31.068,-0.3888,-0.39439224,fully executed
2026-02-26 17:02:07,Open long,USDT,XAGUSDT,Limit,87.38,87.38,0.36,0.36,31.4568,0.0,0.0,fully executed
2026-02-26 17:01:55,Open long,USDT,XAGUSDT,Limit,87.49,,0.36,0.0,0.0,0.0,0.0,cancelled
2026-02-25 15:15:51,Close short,USDT,BTCUSDT,Position SL—market,,65076.3,0.0016,0.0016,104.12208,-0.40096,-0.463433248,fully executed
2026-02-25 15:07:23,Close short,USDT,BTCUSDT,Limit,64318.1,,0.0016,0.0,0.0,0.0,0.0,cancelled
2026-02-25 15:03:00,Open short,USDT,BTCUSDT,Trigger order—limit,64825.7,64825.7,0.0016,0.0016,103.72112,0.0,0.0,fully executed
2026-02-25 13:32:38,Close long,USDT,BTCUSDT,Position SL—market,,65061.2,0.0008,0.0008,52.04896,-0.42512,-0.456349376,fully executed
2026-02-25 12:40:02,Open long,USDT,BTCUSDT,Trigger order—limit,65592.6,65592.6,0.0008,0.0008,52.47408,0.0,0.0,fully executed
2026-02-24 14:25:45,Close long,USDT,XAGUSDT,Position SL—market,,88.2,0.91,0.91,80.262,0.0637,0.04925284,fully executed
2026-02-24 14:00:03,Open long,USDT,XAGUSDT,Limit edited,88.13,88.13,0.91,0.91,80.1983,0.0,0.0,fully executed
2026-02-24 14:00:01,Open long,USDT,XAGUSDT,Limit edited,88.11,,0.91,0.0,0.0,0.0,0.0,cancelled
2026-02-24 13:59:49,Open long,USDT,XAGUSDT,Limit edited,88.04,,0.91,0.0,0.0,0.0,0.0,cancelled
2026-02-24 13:59:16,Open long,USDT,XAGUSDT,Limit edited,87.96,,0.91,0.0,0.0,0.0,0.0,cancelled
2026-02-24 13:59:07,Open long,USDT,XAGUSDT,Limit,88.11,,0.91,0.0,0.0,0.0,0.0,cancelled
2026-02-24 13:25:19,Close long,USDT,XAGUSDT,Position SL—market,,87.12,0.97,0.97,84.5064,-0.3104,-0.325611152,fully executed
2026-02-24 13:19:18,Close long,USDT,XAGUSDT,Limit,87.84,,0.97,0.0,0.0,0.0,0.0,cancelled
2026-02-24 13:18:39,Open long,USDT,XAGUSDT,Limit edited,87.44,87.44,0.97,0.97,84.8168,0.0,0.0,fully executed
2026-02-24 13:18:24,Open long,USDT,XAGUSDT,Limit,87.4,,0.97,0.0,0.0,0.0,0.0,cancelled
2026-02-20 23:06:59,Close long,USDT,BTCUSDT,Position SL—market,,67101.2,0.0006,0.0006,40.26072,0.02436,0.000203568,fully executed
2026-02-20 22:32:31,Close long,USDT,BTCUSDT,Limit,68334.3,,0.0006,0.0,0.0,0.0,0.0,cancelled
2026-02-20 22:31:47,Open long,USDT,BTCUSDT,Trigger order—limit,67060.6,67060.6,0.0006,0.0006,40.23636,0.0,0.0,fully executed
2026-02-12 13:16:10,Close short,USDT,XAGUSDT,Market,,84.15,0.55,0.55,46.2825,-0.6105,-0.61883085,fully executed
2026-02-12 12:20:18,Open short,USDT,XAGUSDT,Limit edited,83.12,,0.55,0.0,0.0,0.0,0.0,cancelled
2026-02-12 12:20:12,Open short,USDT,XAGUSDT,Limit,83.28,,0.55,0.0,0.0,0.0,0.0,cancelled
2026-02-12 12:19:46,Open short,USDT,XAGUSDT,Limit,83.04,83.04,0.55,0.55,45.672,0.0,0.0,fully executed
2026-02-12 12:07:32,Close long,USDT,XAGUSDT,Market,,83.7,1.07,1.07,89.559,-0.4387,-0.45482062,fully executed
2026-02-12 11:41:10,Close long,USDT,XAGUSDT,Limit,84.11,,1.07,0.0,0.0,0.0,0.0,cancelled
2026-02-12 11:36:42,Close long,USDT,XAGUSDT,Limit,84.52,,1.07,0.0,0.0,0.0,0.0,cancelled
2026-02-12 11:35:49,Open long,USDT,XAGUSDT,Limit edited,84.11,84.11,1.07,1.07,89.9977,0.0,0.0,fully executed
2026-02-12 11:35:33,Open long,USDT,XAGUSDT,Limit,84.09,,1.07,0.0,0.0,0.0,0.0,cancelled
2026-02-12 11:35:21,Open long,USDT,XAGUSDT,Limit edited,84.09,,1.07,0.0,0.0,0.0,0.0,cancelled
2026-02-12 11:35:11,Open long,USDT,XAGUSDT,Limit,84.08,,1.07,0.0,0.0,0.0,0.0,cancelled
2026-02-12 11:07:18,Close long,USDT,HYPEUSDT,Position SL—market,,30.672,0.73,0.73,22.39056,-0.11753,-0.130964336,fully executed
2026-02-12 10:44:49,Open long,USDT,HYPEUSDT,Trigger order—limit,30.849,30.833,0.73,0.73,22.50809,0.0,0.0,fully executed
2026-02-12 00:06:00,Close short,USDT,ETHUSDT,Market,,1933.61,0.03,0.03,58.0083,-0.1914,-0.22620498,fully executed
2026-02-12 00:04:23,Close short,USDT,ETHUSDT,Limit edited,1929.06,,0.03,0.0,0.0,0.0,0.0,cancelled
2026-02-12 00:04:00,Close short,USDT,ETHUSDT,Limit edited,1920.08,,0.03,0.0,0.0,0.0,0.0,cancelled
2026-02-12 00:03:36,Close short,USDT,ETHUSDT,Limit edited,1926.32,,0.03,0.0,0.0,0.0,0.0,cancelled
2026-02-12 00:03:23,Close short,USDT,ETHUSDT,Limit edited,1928.33,,0.03,0.0,0.0,0.0,0.0,cancelled
2026-02-12 00:02:51,Close short,USDT,ETHUSDT,Limit edited,1925.42,,0.03,0.0,0.0,0.0,0.0,cancelled
2026-02-12 00:02:45,Close short,USDT,ETHUSDT,Limit,1929.23,,0.03,0.0,0.0,0.0,0.0,cancelled
2026-02-12 00:00:37,Open short,USDT,ETHUSDT,Trigger order—limit,1927.23,1927.23,0.03,0.03,57.8169,0.0,0.0,fully executed
2026-02-11 23:53:47,Open short,USDT,ETHUSDT,Limit edited,1949.74,,0.02,0.0,0.0,0.0,0.0,cancelled
2026-02-11 23:51:41,Open short,USDT,ETHUSDT,Limit,1935.95,,0.02,0.0,0.0,0.0,0.0,cancelled
2026-02-11 23:51:20,Open short,USDT,ETHUSDT,Limit,1915.22,,0.02,0.0,0.0,0.0,0.0,cancelled
2026-02-11 23:49:27,Open short,USDT,ETHUSDT,Trigger order—limit,1941.41,,0.02,0.0,0.0,0.0,0.0,cancelled
2026-02-11 23:32:13,Close short,USDT,ETHUSDT,Limit,1923.12,1923.12,0.04,0.04,76.9248,0.4284,0.41301504,fully executed
2026-02-11 23:32:03,Close short,USDT,ETHUSDT,Limit edited,1924.95,,0.04,0.0,0.0,0.0,0.0,cancelled
2026-02-11 23:31:58,Close short,USDT,ETHUSDT,Limit edited,1924.7,,0.04,0.0,0.0,0.0,0.0,cancelled
2026-02-11 23:30:41,Close short,USDT,ETHUSDT,Limit edited,1910.53,,0.04,0.0,0.0,0.0,0.0,cancelled
2026-02-11 23:29:58,Close short,USDT,ETHUSDT,Limit edited,1912.99,,0.04,0.0,0.0,0.0,0.0,cancelled
2026-02-11 23:29:51,Close short,USDT,ETHUSDT,Limit,1915.55,,0.04,0.0,0.0,0.0,0.0,cancelled
2026-02-11 23:28:17,Close short,USDT,ETHUSDT,Limit edited,1910.74,,0.01,0.0,0.0,0.0,0.0,cancelled
2026-02-11 23:16:09,Close short,USDT,ETHUSDT,Limit,1893.71,,0.01,0.0,0.0,0.0,0.0,cancelled
2026-02-11 23:10:51,Close short,USDT,ETHUSDT,Limit,1893.71,,0.01,0.0,0.0,0.0,0.0,cancelled
2026-02-11 23:09:47,Close short,USDT,ETHUSDT,Limit,1893.98,,0.02,0.0,0.0,0.0,0.0,cancelled
2026-02-11 23:00:44,Open short,USDT,ETHUSDT,Trigger order—market,,1933.83,0.02,0.02,38.6766,0.0,0.0,fully executed
2026-02-11 23:00:44,Open short,USDT,ETHUSDT,Trigger order—market,,1933.83,0.02,0.02,38.6766,0.0,0.0,fully executed
2026-02-10 23:27:16,Close short,USDT,BTCUSDT,Market,,69189.5,0.0004,0.0004,27.6758,-0.4724,-0.48900548,fully executed
2026-02-10 22:45:56,Open short,USDT,BTCUSDT,Limit,68008.5,68008.5,0.0004,0.0004,27.2034,0.0,0.0,fully executed
2026-02-10 22:45:48,Open short,USDT,BTCUSDT,Limit,68033.2,,0.0004,0.0,0.0,0.0,0.0,cancelled
2026-02-10 21:22:56,Close short,USDT,HYPEUSDT,Market,,29.706,1.08,1.08,32.08248,-0.3024,-0.321649488,fully executed
2026-02-10 20:20:34,Close short,USDT,HYPEUSDT,Limit,28.463,,1.08,0.0,0.0,0.0,0.0,cancelled
2026-02-10 20:07:12,Open short,USDT,HYPEUSDT,Trigger order—market,,29.426,1.08,1.08,31.78008,0.0,0.0,fully executed
2026-02-09 20:11:55,Close short,USDT,ETHUSDT,Limit edited,2034.98,2034.98,0.02,0.02,40.6996,-0.1716,-0.17973992,fully executed
2026-02-09 20:11:46,Close short,USDT,ETHUSDT,Limit edited,2034.76,,0.02,0.0,0.0,0.0,0.0,cancelled
2026-02-09 20:11:39,Close short,USDT,ETHUSDT,Limit edited,2034.45,,0.02,0.0,0.0,0.0,0.0,cancelled
2026-02-09 20:11:28,Close short,USDT,ETHUSDT,Limit edited,2033.91,,0.02,0.0,0.0,0.0,0.0,cancelled
2026-02-09 20:11:22,Close short,USDT,ETHUSDT,Limit edited,2033.17,,0.02,0.0,0.0,0.0,0.0,cancelled
2026-02-09 20:11:16,Close short,USDT,ETHUSDT,Limit,2033.13,,0.02,0.0,0.0,0.0,0.0,cancelled
2026-02-09 19:36:43,Close short,USDT,ETHUSDT,Limit edited,2007.36,,0.02,0.0,0.0,0.0,0.0,cancelled
2026-02-09 19:33:23,Close short,USDT,ETHUSDT,Limit,2014.82,,0.02,0.0,0.0,0.0,0.0,cancelled
2026-02-09 19:33:09,Close short,USDT,ETHUSDT,Limit edited,2014.29,,0.01,0.0,0.0,0.0,0.0,cancelled
2026-02-09 18:27:09,Close short,USDT,ETHUSDT,Limit,2006.6,,0.01,0.0,0.0,0.0,0.0,cancelled
2026-02-09 18:26:17,Open short,USDT,ETHUSDT,Trigger order—market,,2026.4,0.02,0.02,40.528,0.0,0.0,fully executed
2026-02-09 18:15:06,Close long,USDT,ETHUSDT,Market,,2038.55,0.03,0.03,61.1565,-0.1818,-0.2184939,fully executed
2026-02-09 18:10:31,Open long,USDT,ETHUSDT,Limit,2044.61,2044.61,0.03,0.03,61.3383,0.0,0.0,fully executed
2026-02-09 15:30:29,Close short,USDT,XAUUSDT,Market,,5008.76,0.01,0.01,50.0876,0.0033,-0.02675256,fully executed
2026-02-09 15:23:04,Close short,USDT,XAUUSDT,Limit,4990.59,,0.01,0.0,0.0,0.0,0.0,cancelled
2026-02-09 15:18:32,Open short,USDT,XAUUSDT,Trigger order—market,,5009.09,0.01,0.01,50.0909,0.0,0.0,fully executed
2026-02-09 15:14:40,Open short,USDT,XAUUSDT,Limit edited,5017.54,,0.02,0.0,0.0,0.0,0.0,cancelled
2026-02-09 15:14:27,Open short,USDT,XAUUSDT,Limit edited,5014.1,,0.02,0.0,0.0,0.0,0.0,cancelled
2026-02-09 15:13:56,Open short,USDT,XAUUSDT,Limit,5018.63,,0.02,0.0,0.0,0.0,0.0,cancelled
2026-02-09 15:13:43,Open short,USDT,XAUUSDT,Limit,5016.51,,0.02,0.0,0.0,0.0,0.0,cancelled
2026-02-08 23:40:07,Close short,USDT,ETHUSDT,Market,,2111.51,0.02,0.02,42.2302,0.0902,0.06486188,fully executed
2026-02-08 23:39:13,Close short,USDT,ETHUSDT,Limit edited,2101.52,,0.02,0.0,0.0,0.0,0.0,cancelled
2026-02-08 23:39:09,Close short,USDT,ETHUSDT,Limit edited,2102.75,,0.02,0.0,0.0,0.0,0.0,cancelled
2026-02-08 23:28:01,Close short,USDT,ETHUSDT,Limit edited,2083.93,,0.02,0.0,0.0,0.0,0.0,cancelled
2026-02-08 23:26:55,Close short,USDT,ETHUSDT,Limit,2088.91,,0.02,0.0,0.0,0.0,0.0,cancelled
2026-02-08 23:26:01,Close short,USDT,ETHUSDT,Limit,2102.35,2102.35,0.01,0.01,21.0235,0.1367,0.1324953,fully executed
2026-02-08 23:25:47,Close short,USDT,ETHUSDT,Limit,2088.78,,0.03,0.0,0.0,0.0,0.0,cancelled
2026-02-08 23:25:13,Open short,USDT,ETHUSDT,Trigger order—market,,2116.02,0.03,0.03,63.4806,0.0,0.0,fully executed
2026-02-08 19:11:28,Close short,USDT,ETHUSDT,Market,,2103.67,0.06,0.06,126.2202,0.1854,0.10966788,fully executed
2026-02-08 19:10:49,Close short,USDT,ETHUSDT,Limit,2099.99,,0.02,0.0,0.0,0.0,0.0,cancelled
2026-02-08 19:06:24,Close short,USDT,ETHUSDT,Limit,2093.28,,0.06,0.0,0.0,0.0,0.0,cancelled
2026-02-08 19:05:33,Open short,USDT,ETHUSDT,Limit,2106.76,2106.76,0.06,0.06,126.4056,0.0,0.0,fully executed
2026-02-08 18:45:12,Close long,USDT,ASTERUSDT,Market,,0.614,96.0,96.0,58.944,-0.144,-0.1793664,fully executed
2026-02-08 18:39:08,Close long,USDT,ASTERUSDT,Limit,0.6301,,96.0,0.0,0.0,0.0,0.0,cancelled
2026-02-08 18:35:47,Open long,USDT,ASTERUSDT,Market,,0.6155,96.0,96.0,59.088,0.0,0.0,fully executed
2026-02-08 18:30:27,Close long,USDT,ASTERUSDT,Market,,0.6068,95.0,95.0,57.646,-1.273,-1.3075876,fully executed
2026-02-08 18:24:15,Open long,USDT,ASTERUSDT,Limit,0.6063,,97.0,0.0,0.0,0.0,0.0,cancelled
2026-02-08 18:05:55,Open long,USDT,ASTERUSDT,Market,,0.6202,95.0,95.0,58.919,0.0,0.0,fully executed
2026-02-08 18:05:11,Close long,USDT,ZILUSDT,Market,,0.004872,5752.0,5752.0,28.023744,-1.852144,-1.8689582464,fully executed
2026-02-08 17:25:48,Close long,USDT,ZILUSDT,Limit,0.005201,,5752.0,0.0,0.0,0.0,0.0,cancelled
2026-02-08 17:05:31,Open long,USDT,ZILUSDT,Market,,0.005194,5752.0,5752.0,29.875888,0.0,0.0,fully executed
2026-02-08 17:00:50,Open short,USDT,MUSDT,Limit,1.49899,,19.0,0.0,0.0,0.0,0.0,cancelled
2026-02-08 12:36:16,Close long,USDT,ETHUSDT,Market,,2075.84,0.04,0.04,83.0336,0.0492,-0.00062016,fully executed
2026-02-08 12:21:51,Close long,USDT,ETHUSDT,Limit,2095.28,,0.04,0.0,0.0,0.0,0.0,cancelled
2026-02-08 12:20:46,Open long,USDT,ETHUSDT,Limit,2074.61,2074.61,0.04,0.04,82.9844,0.0,0.0,fully executed
2026-02-08 12:19:39,Close short,USDT,API3USDT,Market,,0.3179,186.1,186.1,59.16119,0.107549999923,0.072053285923,fully executed
2026-02-08 12:13:23,Open short,USDT,API3USDT,Market,,0.318477915099,186.1,186.1,59.26874,0.0,0.0,fully executed
2026-02-08 12:12:57,Close short,USDT,MUSDT,Market,,1.775736857144,35.0,35.0,62.15079,-5.012520000035,-5.049810474035,fully executed
2026-02-08 12:06:30,Open short,USDT,MUSDT,Market,,1.68387117647,17.0,17.0,28.62581,0.0,0.0,fully executed
2026-02-08 12:04:59,Open short,USDT,MUSDT,Market,,1.584025555555,18.0,18.0,28.51246,0.0,0.0,fully executed
2026-02-08 11:59:57,Close short,USDT,API3USDT,Market,,0.3212,156.9,156.9,50.39628,0.0,-0.030237768,fully executed
2026-02-08 10:42:57,Close short,USDT,API3USDT,Limit,0.3148,,156.9,0.0,0.0,0.0,0.0,cancelled
2026-02-08 10:41:08,Open short,USDT,API3USDT,Trigger order—limit,0.3212,0.3212,156.9,156.9,50.39628,0.0,0.0,fully executed
2026-02-08 00:59:27,Close short,USDT,TRIAUSDT,Limit,0.017624,0.017624,1520.0,1520.0,26.78848,2.85,2.844642304,fully executed
2026-02-08 00:57:16,Open short,USDT,TRIAUSDT,Limit,0.019499,0.019499,1520.0,1520.0,29.63848,0.0,0.0,fully executed
2026-02-08 00:46:47,Close short,USDT,TRIAUSDT,Limit,0.020191,0.020191,440.0,440.0,8.88404,-0.9064,-0.908176808,fully executed
2026-02-08 00:46:40,Close short,USDT,TRIAUSDT,Limit,0.020144,0.020144,1630.0,1190.0,23.97136,-2.39547,-2.400264272,cancelled
2026-02-08 00:46:37,Close short,USDT,TRIAUSDT,Limit,0.02016,,1630.0,0.0,0.0,0.0,0.0,cancelled
2026-02-08 00:46:33,Close short,USDT,TRIAUSDT,Limit,0.020129,,1630.0,0.0,0.0,0.0,0.0,cancelled
2026-02-08 00:46:28,Close short,USDT,TRIAUSDT,Limit,0.020345,,1630.0,0.0,0.0,0.0,0.0,cancelled
2026-02-08 00:46:19,Close short,USDT,TRIAUSDT,Limit,0.0202,,1630.0,0.0,0.0,0.0,0.0,cancelled
2026-02-07 23:19:33,Close short,USDT,SKRUSDT,Market,,0.021854,1348.0,1348.0,29.459192,0.14154,0.1238644848,fully executed
2026-02-07 23:12:27,Close short,USDT,SKRUSDT,Limit,0.021265,,674.0,0.0,0.0,0.0,0.0,cancelled
2026-02-07 21:49:40,Close short,USDT,SKRUSDT,Limit,0.017963,,1348.0,0.0,0.0,0.0,0.0,cancelled
2026-02-07 21:49:03,Close short,USDT,TRIAUSDT,Limit,0.012898,,1630.0,0.0,0.0,0.0,0.0,cancelled
2026-02-07 21:28:13,Open short,USDT,SKRUSDT,Market,,0.021959,1348.0,1348.0,29.600732,0.0,0.0,fully executed
2026-02-07 21:27:51,Open short,USDT,TRIAUSDT,Market,,0.018131,1630.0,1630.0,29.55353,0.0,0.0,fully executed
2026-02-07 21:25:01,Close short,USDT,ACUUSDT,Position SL—market,,0.10247,290.0,290.0,29.7163,-0.0725,-0.09032978,fully executed
2026-02-07 21:23:45,Close short,USDT,ACUUSDT,Limit,0.10069,,290.0,0.0,0.0,0.0,0.0,cancelled
2026-02-07 21:22:43,Open short,USDT,ACUUSDT,Market,,0.10222,290.0,290.0,29.6438,0.0,0.0,fully executed
2026-02-07 21:22:35,Close long,USDT,ACUUSDT,Market,,0.10186,284.0,284.0,28.92824,-0.70148,-0.718836944,fully executed
2026-02-07 21:20:02,Open long,USDT,ACUUSDT,Market,,0.10433,284.0,284.0,29.62972,0.0,0.0,fully executed
2026-02-07 21:16:36,Close short,USDT,ACUUSDT,Market,,0.10448,288.0,288.0,30.09024,-0.44928,-0.467334144,fully executed
2026-02-07 21:15:23,Open short,USDT,ACUUSDT,Limit,0.10292,0.10292,288.0,288.0,29.64096,0.0,0.0,fully executed
2026-02-07 21:08:56,Close short,USDT,ACUUSDT,Market,,0.10012,170.0,170.0,17.0204,-0.3995,-0.40971224,fully executed
2026-02-07 20:50:55,Open short,USDT,ACUUSDT,Trigger order—limit,0.09771,0.09777,170.0,170.0,16.6209,0.0,0.0,fully executed
2026-02-07 19:00:10,Close short,USDT,STABLEUSDT,Position SL—market,,0.01572,920.0,920.0,14.4624,0.0276,0.01892256,fully executed
2026-02-07 18:28:17,Close short,USDT,STABLEUSDT,Limit,0.01517,,184.0,0.0,0.0,0.0,0.0,cancelled
2026-02-07 18:23:10,Open short,USDT,STABLEUSDT,Trigger order—market,,0.01575,920.0,920.0,14.49,0.0,0.0,fully executed
2026-02-07 17:45:07,Close long,USDT,VELVETUSDT,Position SL—market,,0.1154,179.0,179.0,20.6566,-0.04833,-0.06072396,fully executed
2026-02-07 17:32:25,Close long,USDT,VELVETUSDT,Limit,0.11848,,36.0,0.0,0.0,0.0,0.0,cancelled
2026-02-07 17:15:22,Open long,USDT,VELVETUSDT,Trigger order—market,,0.11567,179.0,179.0,20.70493,0.0,0.0,fully executed
2026-02-07 17:09:23,Close short,USDT,HUSDT,Position SL—market,,0.13613,104.0,104.0,14.15752,0.52416,0.515665488,fully executed
2026-02-07 16:36:19,Close short,USDT,HUSDT,Limit edited,0.12905,,104.0,0.0,0.0,0.0,0.0,cancelled
2026-02-07 15:45:57,Close short,USDT,HUSDT,Limit edited,0.12263,,104.0,0.0,0.0,0.0,0.0,cancelled
2026-02-07 15:45:39,Close short,USDT,HUSDT,Limit edited,0.11843,,104.0,0.0,0.0,0.0,0.0,cancelled
2026-02-07 15:39:32,Close short,USDT,HUSDT,Limit edited,0.11649,,104.0,0.0,0.0,0.0,0.0,cancelled
2026-02-07 15:39:08,Close short,USDT,HUSDT,Limit edited,0.12438,,104.0,0.0,0.0,0.0,0.0,cancelled
2026-02-07 15:18:32,Close short,USDT,HUSDT,Limit,0.13047,,104.0,0.0,0.0,0.0,0.0,cancelled
2026-02-07 15:10:22,Close short,USDT,HUSDT,Limit,0.13599,0.13599,105.0,105.0,14.27895,0.5439,0.54104421,fully executed
2026-02-07 15:07:42,Close short,USDT,HUSDT,Limit edited,0.1349,,209.0,0.0,0.0,0.0,0.0,cancelled
2026-02-07 15:07:37,Close short,USDT,HUSDT,Limit edited,0.13405,,209.0,0.0,0.0,0.0,0.0,cancelled
2026-02-07 14:57:04,Close short,USDT,HUSDT,Limit,0.13599,,209.0,0.0,0.0,0.0,0.0,cancelled
2026-02-07 14:55:19,Open short,USDT,HUSDT,Market,,0.14117,209.0,209.0,29.50453,0.0,0.0,fully executed
2026-02-07 12:31:03,Close short,USDT,HUSDT,Position SL—market,,0.14152,104.0,104.0,14.71808,0.08944,0.080609152,fully executed
2026-02-07 12:28:35,Close short,USDT,HUSDT,Limit,0.14028,0.14028,104.0,104.0,14.58912,0.2184,0.215482176,fully executed
2026-02-07 12:21:20,Open short,USDT,HUSDT,Market,,0.14238,208.0,208.0,29.61504,0.0,0.0,fully executed
2026-02-07 12:15:26,Open short,USDT,FOGOUSDT,Limit edited,0.02529,,1171.0,0.0,0.0,0.0,0.0,cancelled
2026-02-07 12:14:58,Open short,USDT,FOGOUSDT,Limit,0.0253,,1171.0,0.0,0.0,0.0,0.0,cancelled
2026-02-07 00:57:14,Close long,USDT,ETHUSDT,Position SL—market,,2025.44,0.01,0.01,20.2544,0.2644,0.25224736,fully executed
2026-02-07 00:29:31,Close long,USDT,ETHUSDT,Limit,2080.32,,0.01,0.0,0.0,0.0,0.0,cancelled
2026-02-06 22:47:21,Open long,USDT,ETHUSDT,Trigger order—market,,1999.0,0.01,0.01,19.99,0.0,0.0,fully executed
2026-02-06 15:18:34,Close short,USDT,ETHUSDT,Market,,1896.54,0.01,0.01,18.9654,0.0343,0.02292076,fully executed
2026-02-06 15:02:16,Open short,USDT,ETHUSDT,Market,,1899.97,0.01,0.01,18.9997,0.0,0.0,fully executed
2026-02-06 13:56:11,Close short,USDT,ETHUSDT,Market,,1962.04,0.04,0.04,78.4816,0.3076,0.26051104,fully executed
2026-02-06 13:55:25,Close short,USDT,ETHUSDT,Limit edited,1950.6,,0.04,0.0,0.0,0.0,0.0,cancelled
2026-02-06 13:55:18,Close short,USDT,ETHUSDT,Limit,1939.26,,0.04,0.0,0.0,0.0,0.0,cancelled
2026-02-06 13:55:04,Open short,USDT,ETHUSDT,Market,,1969.73,0.04,0.04,78.7892,0.0,0.0,fully executed
2026-02-06 13:39:34,Close short,USDT,ETHUSDT,Position SL—market,,1933.79,0.04,0.04,77.3516,-0.8884,-0.93481096,fully executed
2026-02-06 13:21:10,Close short,USDT,ETHUSDT,Limit,1911.53,,0.04,0.0,0.0,0.0,0.0,cancelled
2026-02-06 13:11:08,Open short,USDT,ETHUSDT,Trigger order—market,,1911.58,0.04,0.04,76.4632,0.0,0.0,fully executed
2026-02-06 13:03:21,Close short,USDT,ETHUSDT,Position SL—market,,1917.69,0.04,0.04,76.7076,-0.4832,-0.52922456,fully executed
2026-02-06 12:56:43,Close short,USDT,ETHUSDT,Limit,1883.55,,0.04,0.0,0.0,0.0,0.0,cancelled
2026-02-06 12:56:12,Open short,USDT,ETHUSDT,Trigger order—market,,1905.61,0.04,0.04,76.2244,0.0,0.0,fully executed
2026-02-06 12:56:04,Close long,USDT,ETHUSDT,Market,,1906.92,0.03,0.03,57.2076,-0.096,-0.13032456,fully executed
2026-02-06 12:50:04,Close long,USDT,ETHUSDT,Limit,1913.04,,0.03,0.0,0.0,0.0,0.0,cancelled
2026-02-06 12:23:03,Open long,USDT,ETHUSDT,Trigger order—market,,1910.12,0.03,0.03,57.3036,0.0,0.0,fully executed
2026-02-06 12:22:17,Close short,USDT,ETHUSDT,Market,,1908.94,0.02,0.02,38.1788,-0.4192,-0.44210728,fully executed
2026-02-06 11:26:20,Open short,USDT,ETHUSDT,Trigger order—market,,1887.98,0.02,0.02,37.7596,0.0,0.0,fully executed
2026-02-05 23:22:41,Close short,USDT,ETHUSDT,Limit,1930.89,1930.89,0.01,0.01,19.3089,0.8748,0.87093822,fully executed
2026-02-05 23:05:16,Open short,USDT,ETHUSDT,Trigger order—market,,2018.37,0.01,0.01,20.1837,0.0,0.0,fully executed
2026-02-05 22:35:12,Close short,USDT,ETHUSDT,Position SL—market,,2092.68,0.02,0.02,41.8536,-0.8288,-0.85391216,fully executed
2026-02-05 20:29:30,Close short,USDT,ETHUSDT,Limit edited,2013.45,,0.02,0.0,0.0,0.0,0.0,cancelled
2026-02-05 20:19:51,Close short,USDT,ETHUSDT,Limit,1974.47,,0.02,0.0,0.0,0.0,0.0,cancelled
2026-02-05 20:19:46,Open short,USDT,ETHUSDT,Trigger order—market,,2051.24,0.02,0.02,41.0248,0.0,0.0,fully executed
2026-02-05 15:50:25,Close long,USDT,XAGUSDT,Market,,79.44,0.37,0.37,29.3928,0.0925,0.07486432,fully executed
2026-02-05 14:45:37,Close long,USDT,XAGUSDT,Limit,84.45,,0.37,0.0,0.0,0.0,0.0,cancelled
2026-02-05 14:33:33,Open long,USDT,XAGUSDT,Trigger order—market,,79.19,0.37,0.37,29.3003,0.0,0.0,fully executed
2026-02-05 13:46:34,Close short,USDT,XAGUSDT,Market,,77.25,0.27,0.27,20.8575,-0.4806,-0.4931145,fully executed
2026-02-05 13:32:53,Close short,USDT,XAGUSDT,Limit,71.96,,0.27,0.0,0.0,0.0,0.0,cancelled
2026-02-05 13:21:48,Open short,USDT,XAGUSDT,Trigger order—market,,75.47,0.27,0.27,20.3769,0.0,0.0,fully executed
2026-02-05 12:53:45,Close long,USDT,ETHUSDT,Position SL—market,,2107.54,0.02,0.02,42.1508,0.1692,0.14390952,fully executed
2026-02-05 12:36:33,Close long,USDT,ETHUSDT,Limit,2145.0,,0.02,0.0,0.0,0.0,0.0,cancelled
2026-02-05 12:20:04,Open long,USDT,ETHUSDT,Trigger order—market,,2099.08,0.02,0.02,41.9816,0.0,0.0,fully executed
2026-02-05 11:46:30,Close short,USDT,XAGUSDT,Market,,77.35,0.53,0.53,40.9955,-0.7367,-0.7612973,fully executed
2026-02-05 11:31:07,Close short,USDT,XAGUSDT,Limit,74.01,,0.27,0.0,0.0,0.0,0.0,cancelled
2026-02-05 11:30:41,Open short,USDT,XAGUSDT,Trigger order—market,,75.96,0.53,0.53,40.2588,0.0,0.0,fully executed
2026-02-05 11:20:34,Close short,USDT,XAGUSDT,Position SL—market,,77.59,0.12,0.12,9.3108,-0.1584,-0.16398648,fully executed
2026-02-05 10:59:33,Close short,USDT,XAGUSDT,Limit,68.32,,0.12,0.0,0.0,0.0,0.0,cancelled
2026-02-05 10:53:22,Close short,USDT,XAGUSDT,Limit,75.19,,0.12,0.0,0.0,0.0,0.0,cancelled
2026-02-05 10:51:11,Open short,USDT,XAGUSDT,Trigger order—market,,76.27,0.12,0.12,9.1524,0.0,0.0,fully executed
2026-02-05 10:46:16,Open short,USDT,XAGUSDT,Limit,79.44,,0.22,0.0,0.0,0.0,0.0,cancelled
2026-02-05 10:45:27,Open short,USDT,XAGUSDT,Limit,79.44,,0.22,0.0,0.0,0.0,0.0,cancelled
2026-02-05 10:38:11,Close long,USDT,XAGUSDT,Position SL—market,,81.98,0.46,0.46,37.7108,-0.9292,-0.95182648,fully executed
2026-02-05 10:35:35,Close long,USDT,XAGUSDT,Limit edited,85.93,,0.46,0.0,0.0,0.0,0.0,cancelled
2026-02-05 10:31:00,Close long,USDT,XAGUSDT,Limit,85.77,,0.46,0.0,0.0,0.0,0.0,cancelled
2026-02-05 10:30:24,Open long,USDT,XAGUSDT,Trigger order—market,,84.0,0.46,0.46,38.64,0.0,0.0,fully executed
2026-02-05 10:20:06,Close short,USDT,XAGUSDT,Market,,82.51,0.35,0.35,28.8785,-0.0035,-0.0208271,fully executed
2026-02-05 10:17:06,Close short,USDT,XAGUSDT,Limit,78.04,,0.18,0.0,0.0,0.0,0.0,cancelled
2026-02-05 10:15:23,Open short,USDT,XAGUSDT,Trigger order—market,,82.5,0.35,0.35,28.875,0.0,0.0,fully executed
2026-02-05 10:13:23,Open short,USDT,XAGUSDT,Limit,84.42,,0.35,0.0,0.0,0.0,0.0,cancelled
2026-02-05 01:21:23,Close long,USDT,HUSDT,Position SL—market,,0.12878,114.0,114.0,14.68092,-0.0171,-0.025908552,fully executed
2026-02-05 00:37:42,Close long,USDT,HUSDT,Limit edited,0.14125,,114.0,0.0,0.0,0.0,0.0,cancelled
2026-02-05 00:29:32,Close long,USDT,HUSDT,Limit,0.14544,,114.0,0.0,0.0,0.0,0.0,cancelled
2026-02-05 00:29:18,Close long,USDT,HUSDT,Limit,0.13029,,114.0,0.0,0.0,0.0,0.0,cancelled
2026-02-05 00:23:46,Close long,USDT,HUSDT,Limit,0.13689,,57.0,0.0,0.0,0.0,0.0,cancelled
2026-02-05 00:22:10,Open long,USDT,HUSDT,Limit,0.12893,0.12893,114.0,114.0,14.69802,0.0,0.0,fully executed
2026-02-04 19:15:46,Close long,USDT,ETHUSDT,Limit,2242.73,2242.73,0.01,0.01,22.4273,0.0863,0.08181454,fully executed
2026-02-04 19:15:06,Open long,USDT,ETHUSDT,Trigger order—market,,2234.1,0.01,0.01,22.341,0.0,0.0,fully executed
2026-02-04 18:35:35,Close short,USDT,ETHUSDT,Limit,2259.77,2259.77,0.01,0.01,22.5977,0.0153,0.01078046,fully executed
2026-02-04 18:00:46,Open short,USDT,ETHUSDT,Limit edited,2261.3,2261.3,0.01,0.01,22.613,0.0,0.0,fully executed
2026-02-04 18:00:36,Open short,USDT,ETHUSDT,Limit,2262.09,,0.01,0.0,0.0,0.0,0.0,cancelled
2026-02-04 18:00:25,Open short,USDT,ETHUSDT,Limit,2260.9,,0.01,0.0,0.0,0.0,0.0,cancelled
2026-02-04 18:00:13,Open short,USDT,ETHUSDT,Limit,2258.54,,0.01,0.0,0.0,0.0,0.0,cancelled
2026-02-04 14:49:45,Close long,USDT,ETHUSDT,Position SL—market,,2274.08,0.01,0.01,22.7408,0.025,0.01135552,fully executed
2026-02-04 14:16:59,Close long,USDT,ETHUSDT,Limit,2289.45,,0.01,0.0,0.0,0.0,0.0,cancelled
2026-02-04 14:10:06,Open long,USDT,ETHUSDT,Limit,2271.58,2271.58,0.01,0.01,22.7158,0.0,0.0,fully executed
2026-02-04 14:09:44,Open long,USDT,ETHUSDT,Limit,2271.85,,0.01,0.0,0.0,0.0,0.0,cancelled
2026-02-02 20:05:39,Close long,USDT,XAGUSDT,Position SL—market,,82.43,0.07,0.07,5.7701,-0.1029,-0.10636206,fully executed
2026-02-02 19:32:42,Close long,USDT,XAGUSDT,Limit,85.6,,0.07,0.0,0.0,0.0,0.0,cancelled
2026-02-02 19:30:53,Open long,USDT,XAGUSDT,Trigger order—market,,83.9,0.07,0.07,5.873,0.0,0.0,fully executed
2026-02-02 18:30:44,Close short,USDT,XAGUSDT,Market,,81.38,0.11,0.11,8.9518,-0.0858,-0.09117108,fully executed
2026-02-02 18:25:31,Open short,USDT,XAGUSDT,Trigger order—market,,80.6,0.11,0.11,8.866,0.0,0.0,fully executed
2026-02-02 13:27:20,Close short,USDT,XRPUSDT,Limit,1.5337,1.5337,5.0,5.0,7.6685,0.22,0.2184663,fully executed
2026-02-02 13:01:00,Close short,USDT,XRPUSDT,Limit,1.5338,,5.0,0.0,0.0,0.0,0.0,cancelled
2026-02-02 12:56:00,Open short,USDT,XRPUSDT,Trigger order—market,,1.5777,5.0,5.0,7.8885,0.0,0.0,fully executed
2026-02-02 12:37:41,Open short,USDT,XRPUSDT,Limit,1.5645,,4.0,0.0,0.0,0.0,0.0,cancelled
2026-02-02 12:37:11,Open long,USDT,XRPUSDT,Limit,1.5971,,5.0,0.0,0.0,0.0,0.0,cancelled
2026-02-02 12:22:20,Close short,USDT,ETHUSDT,Market,,2239.81,0.02,0.02,44.7962,-1.0122,-1.03907772,fully executed
2026-02-02 12:15:04,Open short,USDT,ETHUSDT,Limit,2214.12,2214.12,0.01,0.01,22.1412,0.0,0.0,fully executed
2026-02-02 11:50:00,Open short,USDT,ETHUSDT,Limit,2230.52,,0.01,0.0,0.0,0.0,0.0,cancelled
2026-02-02 11:31:32,Open short,USDT,ETHUSDT,Trigger order—market,,2164.28,0.01,0.01,21.6428,0.0,0.0,fully executed
2026-02-01 23:40:48,Close short,USDT,BTCUSDT,Limit,76396.6,76396.6,0.0011,0.0011,84.03626,0.57057,0.553762748,fully executed
2026-02-01 23:35:27,Open short,USDT,BTCUSDT,Limit,76915.3,76915.3,0.0011,0.0011,84.60683,0.0,0.0,fully executed
2026-02-01 22:46:20,Close short,USDT,BTCUSDT,Limit edited,77833.8,77833.8,0.001,0.001,77.8338,0.0661,0.05053324,fully executed
2026-02-01 22:46:16,Close short,USDT,BTCUSDT,Limit edited,77854.1,,0.001,0.0,0.0,0.0,0.0,cancelled
2026-02-01 22:45:14,Close short,USDT,BTCUSDT,Limit edited,77806.8,,0.001,0.0,0.0,0.0,0.0,cancelled
2026-02-01 22:44:56,Close short,USDT,BTCUSDT,Limit,77439.6,,0.001,0.0,0.0,0.0,0.0,cancelled
2026-02-01 22:32:30,Close short,USDT,BTCUSDT,Limit,76433.9,,0.0005,0.0,0.0,0.0,0.0,cancelled
2026-02-01 22:30:44,Open short,USDT,BTCUSDT,Limit edited,77899.9,77899.9,0.001,0.001,77.8999,0.0,0.0,fully executed
2026-02-01 22:30:31,Open short,USDT,BTCUSDT,Limit,77933.1,,0.001,0.0,0.0,0.0,0.0,cancelled
2026-02-01 22:30:20,Open short,USDT,BTCUSDT,Limit,77825.5,,0.0011,0.0,0.0,0.0,0.0,cancelled
2026-02-01 22:30:08,Open short,USDT,BTCUSDT,Limit,77810.1,,0.0011,0.0,0.0,0.0,0.0,cancelled
2026-02-01 16:14:12,Close short,USDT,BTCUSDT,Limit,78483.7,78483.7,0.0025,0.0025,196.20925,-1.23925,-1.27849185,fully executed
2026-02-01 16:14:04,Close short,USDT,BTCUSDT,Limit edited,78492.7,,0.0025,0.0,0.0,0.0,0.0,cancelled
2026-02-01 16:13:59,Close short,USDT,BTCUSDT,Limit,78483.7,,0.0025,0.0,0.0,0.0,0.0,cancelled
2026-02-01 15:08:48,Close short,USDT,BTCUSDT,Limit,77565.7,,0.0013,0.0,0.0,0.0,0.0,cancelled
2026-02-01 15:08:00,Open short,USDT,BTCUSDT,Trigger order—market,,77988.0,0.0025,0.0025,194.97,0.0,0.0,fully executed
2026-02-01 14:00:12,Close short,USDT,BTCUSDT,Market,,78606.4,0.0022,0.0022,172.93408,-0.24178,-0.345540448,fully executed
2026-02-01 13:50:15,Open short,USDT,BTCUSDT,Trigger order—market,,78496.5,0.0022,0.0022,172.6923,0.0,0.0,fully executed
2026-02-01 11:28:36,Close short,USDT,SYNUSDT,Position SL—market,,0.093295843231,421.0,421.0,39.27755,-0.832180000034,-0.855746530034,fully executed
2026-02-01 11:26:52,Open short,USDT,SYNUSDT,Market,,0.091319168646,421.0,421.0,38.44537,0.0,0.0,fully executed
2026-02-01 11:23:23,Close long,USDT,BTCUSDT,Position SL—market,,78635.0,0.002,0.002,157.27,-0.3766,-0.470962,fully executed
2026-02-01 10:55:37,Close long,USDT,BTCUSDT,Limit edited,80093.4,,0.002,0.0,0.0,0.0,0.0,cancelled
2026-02-01 10:55:20,Close long,USDT,BTCUSDT,Limit edited,80079.1,,0.002,0.0,0.0,0.0,0.0,cancelled
2026-02-01 10:42:26,Close long,USDT,BTCUSDT,Limit,80339.2,,0.002,0.0,0.0,0.0,0.0,cancelled
2026-02-01 10:16:39,Close long,USDT,BTCUSDT,Limit,79400.3,,0.001,0.0,0.0,0.0,0.0,cancelled
2026-02-01 10:15:44,Open long,USDT,BTCUSDT,Trigger order—market,,78823.3,0.002,0.002,157.6466,0.0,0.0,fully executed
2026-02-01 10:10:56,Close short,USDT,CLANKERUSDT,Position SL—market,,40.05,0.32,0.32,12.816,-1.3216,-1.3292896,fully executed
2026-02-01 10:01:43,Open short,USDT,CLANKERUSDT,Market,,35.92,0.32,0.32,11.4944,0.0,0.0,fully executed
2026-02-01 10:01:26,Open short,USDT,CLANKERUSDT,Limit,36.38,,0.32,0.0,0.0,0.0,0.0,cancelled
2026-02-01 10:00:05,Close short,USDT,ENSOUSDT,Market,,1.2213,12.0,12.0,14.6556,0.1068,0.09800664,fully executed
2026-02-01 09:18:40,Open short,USDT,ENSOUSDT,Limit edited,1.2302,1.2302,12.0,12.0,14.7624,0.0,0.0,fully executed
2026-02-01 09:18:34,Open short,USDT,ENSOUSDT,Limit,1.231,,12.0,0.0,0.0,0.0,0.0,cancelled
2026-02-01 09:18:24,Open short,USDT,ENSOUSDT,Limit edited,1.2264,,12.0,0.0,0.0,0.0,0.0,cancelled
2026-02-01 09:18:20,Open short,USDT,ENSOUSDT,Limit,1.231,,12.0,0.0,0.0,0.0,0.0,cancelled
2026-01-31 22:19:43,Close short,USDT,SOLUSDT,Limit,111.237,111.237,1.0,1.0,111.237,2.123,2.1007526,fully executed
2026-01-31 22:12:47,Close short,USDT,SOLUSDT,Limit,112.309,112.309,1.0,1.0,112.309,1.051,1.0285382,fully executed
2026-01-31 22:10:51,Open short,USDT,SOLUSDT,Trigger order—market,,113.36,2.0,2.0,226.72,0.0,0.0,fully executed
2026-01-31 22:09:12,Close long,USDT,SOLUSDT,Position SL—market,,113.514,1.6,1.6,181.6224,-1.2544,-1.36337344,fully executed
2026-01-31 22:05:44,Open long,USDT,SOLUSDT,Limit,114.298,114.298,1.6,1.6,182.8768,0.0,0.0,fully executed
2026-01-31 21:47:29,Close short,USDT,SOLUSDT,Position SL—market,,114.05,0.5,0.5,57.025,0.3645,0.330285,fully executed
2026-01-31 21:46:58,Close short,USDT,SOLUSDT,Limit edited,112.756,,0.5,0.0,0.0,0.0,0.0,cancelled
2026-01-31 21:38:36,Close short,USDT,SOLUSDT,Limit,112.776,,0.5,0.0,0.0,0.0,0.0,cancelled
2026-01-31 21:28:37,Close short,USDT,SOLUSDT,Limit,114.207,114.207,0.5,0.5,57.1035,0.286,0.2745793,fully executed
2026-01-31 21:24:56,Open short,USDT,SOLUSDT,Limit edited,114.779,114.779,1.0,1.0,114.779,0.0,0.0,fully executed
2026-01-31 21:24:47,Open short,USDT,SOLUSDT,Limit,114.807,,1.0,0.0,0.0,0.0,0.0,cancelled
2026-01-31 21:23:17,Open short,USDT,SOLUSDT,Limit edited,114.796,,2.0,0.0,0.0,0.0,0.0,cancelled
2026-01-31 21:23:08,Open short,USDT,SOLUSDT,Limit edited,114.818,,2.0,0.0,0.0,0.0,0.0,cancelled
2026-01-31 21:23:02,Open short,USDT,SOLUSDT,Limit edited,114.838,,2.0,0.0,0.0,0.0,0.0,cancelled
2026-01-31 21:22:57,Open short,USDT,SOLUSDT,Limit,114.857,,2.0,0.0,0.0,0.0,0.0,cancelled
2026-01-31 20:17:00,Close short,USDT,SOLUSDT,Position SL—market,,115.697,1.0,1.0,115.697,0.205,0.1355818,fully executed
2026-01-31 20:14:17,Close short,USDT,SOLUSDT,Limit,115.031,,1.0,0.0,0.0,0.0,0.0,cancelled
2026-01-31 20:12:57,Close short,USDT,SOLUSDT,Limit,115.475,115.475,1.0,1.0,115.475,0.427,0.403905,fully executed
2026-01-31 20:12:40,Close short,USDT,SOLUSDT,Limit edited,115.31,,2.0,0.0,0.0,0.0,0.0,cancelled
2026-01-31 20:11:03,Close short,USDT,SOLUSDT,Limit edited,115.477,,2.0,0.0,0.0,0.0,0.0,cancelled
2026-01-31 20:10:50,Close short,USDT,SOLUSDT,Limit edited,115.51,,2.0,0.0,0.0,0.0,0.0,cancelled
2026-01-31 19:59:56,Close short,USDT,SOLUSDT,Limit,115.631,,2.0,0.0,0.0,0.0,0.0,cancelled
2026-01-31 19:59:08,Open short,USDT,SOLUSDT,Trigger order—market,,115.902,2.0,2.0,231.804,0.0,0.0,fully executed
2026-01-31 19:56:45,Close short,USDT,SOLUSDT,Market,,116.125,2.0,2.0,232.25,0.228,0.08865,fully executed
2026-01-31 19:51:36,Close short,USDT,SOLUSDT,Limit,115.633,,0.6,0.0,0.0,0.0,0.0,cancelled
2026-01-31 19:17:58,Open short,USDT,SOLUSDT,Trigger order—market,,116.239,2.0,2.0,232.478,0.0,0.0,fully executed
2026-01-31 18:43:24,Close short,USDT,SOLUSDT,Market,,116.77,0.6,0.6,70.062,-0.665600000001,-0.707637200001,fully executed
2026-01-31 18:40:37,Close short,USDT,SOLUSDT,Limit edited,116.631,,0.6,0.0,0.0,0.0,0.0,cancelled
2026-01-31 18:40:33,Close short,USDT,SOLUSDT,Limit edited,116.625,,0.6,0.0,0.0,0.0,0.0,cancelled
2026-01-31 18:39:52,Close short,USDT,SOLUSDT,Limit edited,116.658,,0.6,0.0,0.0,0.0,0.0,cancelled
2026-01-31 18:38:52,Close short,USDT,SOLUSDT,Limit,116.542,,0.6,0.0,0.0,0.0,0.0,cancelled
2026-01-31 18:38:28,Close short,USDT,SOLUSDT,Limit,116.772,,0.6,0.0,0.0,0.0,0.0,cancelled
2026-01-31 17:05:47,Open short,USDT,SOLUSDT,Limit edited,116.158,,0.5,0.0,0.0,0.0,0.0,cancelled
2026-01-31 17:05:44,Open short,USDT,SOLUSDT,Limit,116.119,,0.5,0.0,0.0,0.0,0.0,cancelled
2026-01-31 16:42:41,Open short,USDT,BTCUSDT,Limit edited,82805.6,,0.0015,0.0,0.0,0.0,0.0,cancelled
2026-01-31 16:42:34,Open short,USDT,BTCUSDT,Limit,82783.5,,0.0015,0.0,0.0,0.0,0.0,cancelled
2026-01-31 16:36:22,Close short,USDT,SOLUSDT,Limit,113.776,,0.3,0.0,0.0,0.0,0.0,cancelled
2026-01-31 16:36:05,Close short,USDT,SOLUSDT,Limit edited,112.775,,0.6,0.0,0.0,0.0,0.0,cancelled
2026-01-31 16:35:54,Close short,USDT,SOLUSDT,Limit edited,113.779,,0.6,0.0,0.0,0.0,0.0,cancelled
2026-01-31 16:33:41,Close short,USDT,SOLUSDT,Limit,113.792,,0.6,0.0,0.0,0.0,0.0,cancelled
2026-01-31 16:33:35,Close short,USDT,SOLUSDT,Limit,113.792,,0.6,0.0,0.0,0.0,0.0,cancelled
2026-01-31 16:30:16,Open short,USDT,SOLUSDT,Limit,115.564,115.564,0.1,0.1,11.5564,0.0,0.0,fully executed
2026-01-31 16:28:38,Open short,USDT,SOLUSDT,Limit edited,115.68,115.68,0.5,0.5,57.84,0.0,0.0,fully executed
2026-01-31 16:28:27,Open short,USDT,SOLUSDT,Limit edited,115.663,,0.5,0.0,0.0,0.0,0.0,cancelled
2026-01-31 16:28:17,Open short,USDT,SOLUSDT,Limit,115.741,,0.5,0.0,0.0,0.0,0.0,cancelled
2026-01-31 16:00:13,Close long,USDT,ENSOUSDT,Market,,1.5911,37.0,37.0,58.8707,-0.3293,-0.36462242,fully executed
2026-01-31 15:59:58,Open long,USDT,ENSOUSDT,Market,,1.6,37.0,37.0,59.2,0.0,0.0,fully executed
2026-01-31 15:59:49,Open long,USDT,ENSOUSDT,Limit,1.6026,,37.0,0.0,0.0,0.0,0.0,cancelled
2026-01-31 15:59:28,Close short,USDT,ENSOUSDT,Market,,1.6,11.0,11.0,17.6,-0.3938,-0.40436,fully executed
2026-01-31 14:12:23,Close short,USDT,ENSOUSDT,Limit,1.4491,,6.0,0.0,0.0,0.0,0.0,cancelled
2026-01-31 14:06:30,Open short,USDT,ENSOUSDT,Limit,1.5642,1.5642,11.0,11.0,17.2062,0.0,0.0,fully executed
2026-01-31 14:02:17,Close long,USDT,SENTUSDT,Position SL—market,,0.04039,589.0,589.0,23.78971,0.05301,0.038736174,fully executed
2026-01-31 12:27:27,Close long,USDT,SENTUSDT,Limit,0.04214,,295.0,0.0,0.0,0.0,0.0,cancelled
2026-01-31 12:15:25,Close long,USDT,SENTUSDT,Limit,0.04214,,289.0,0.0,0.0,0.0,0.0,cancelled
2026-01-31 12:13:45,Open long,USDT,SENTUSDT,Market,,0.0403,589.0,589.0,23.7367,0.0,0.0,fully executed
2026-01-31 12:13:22,Close short,USDT,SENTUSDT,Market,,0.04011,604.0,604.0,24.22644,-0.5738,-0.588335864,fully executed
2026-01-31 11:52:44,Close short,USDT,SENTUSDT,Limit,0.03776,,604.0,0.0,0.0,0.0,0.0,cancelled
2026-01-31 11:16:28,Close short,USDT,SENTUSDT,Limit edited,0.03751,,302.0,0.0,0.0,0.0,0.0,cancelled
2026-01-31 11:15:42,Close short,USDT,SENTUSDT,Limit edited,0.03704,,302.0,0.0,0.0,0.0,0.0,cancelled
2026-01-31 11:10:17,Close short,USDT,SENTUSDT,Limit,0.03794,,302.0,0.0,0.0,0.0,0.0,cancelled
2026-01-31 11:09:52,Open short,USDT,SENTUSDT,Trigger order—market,,0.03916,604.0,604.0,23.65264,0.0,0.0,fully executed
2026-01-31 11:00:25,Close short,USDT,SENTUSDT,Limit,0.0399,0.0399,592.0,592.0,23.6208,0.10064,0.09591584,fully executed
2026-01-31 10:51:55,Close short,USDT,SENTUSDT,Limit,0.03911,,291.0,0.0,0.0,0.0,0.0,cancelled
2026-01-31 10:51:21,Close short,USDT,SENTUSDT,Limit,0.03942,,592.0,0.0,0.0,0.0,0.0,cancelled
2026-01-31 10:50:44,Open short,USDT,SENTUSDT,Market,,0.04007,592.0,592.0,23.72144,0.0,0.0,fully executed
2026-01-31 10:42:41,Close short,USDT,SENTUSDT,Position SL—market,,0.04058,577.0,577.0,23.41466,0.29427,0.280221204,fully executed
2026-01-31 10:41:55,Close short,USDT,SENTUSDT,Limit,0.04021,,295.0,0.0,0.0,0.0,0.0,cancelled
2026-01-31 10:17:10,Close short,USDT,SENTUSDT,Limit edited,0.03943,,577.0,0.0,0.0,0.0,0.0,cancelled
2026-01-31 10:11:15,Close short,USDT,SENTUSDT,Limit,0.03971,,577.0,0.0,0.0,0.0,0.0,cancelled
2026-01-31 10:10:30,Open short,USDT,SENTUSDT,Limit,0.04109,0.04109,577.0,577.0,23.70893,0.0,0.0,fully executed
2026-01-31 10:08:49,Close long,USDT,SENTUSDT,Position SL—market,,0.04072,415.0,415.0,16.8988,-0.81572000023,-0.82585928023,fully executed
2026-01-31 09:58:10,Open long,USDT,SENTUSDT,Trigger order—market,,0.04181,212.0,212.0,8.86372,0.0,0.0,fully executed
2026-01-31 09:10:08,Open long,USDT,SENTUSDT,Market,,0.0436,203.0,203.0,8.8508,0.0,0.0,fully executed
2026-01-30 23:26:52,Close short,USDT,PIPPINUSDT,Limit,0.21091,0.21091,103.0,103.0,21.72373,1.89417,1.889825254,fully executed
2026-01-30 23:22:56,Open short,USDT,PIPPINUSDT,Limit,0.2293,0.2293,103.0,103.0,23.6179,0.0,0.0,fully executed
2026-01-30 23:22:47,Open short,USDT,PIPPINUSDT,Limit,0.22976,,103.0,0.0,0.0,0.0,0.0,cancelled
2026-01-30 23:07:27,Open short,USDT,RIVERUSDT,Limit,35.168,,1.0,0.0,0.0,0.0,0.0,cancelled
2026-01-30 23:05:53,Close short,USDT,RIVERUSDT,Position SL—market,,35.163,1.0,1.0,35.163,0.5,0.4789022,fully executed
2026-01-30 22:42:57,Close short,USDT,RIVERUSDT,Limit,33.31,,1.0,0.0,0.0,0.0,0.0,cancelled
2026-01-30 22:42:18,Close short,USDT,RIVERUSDT,Limit edited,33.236,,1.0,0.0,0.0,0.0,0.0,cancelled
2026-01-30 21:17:36,Close short,USDT,RIVERUSDT,Limit,34.423,,1.0,0.0,0.0,0.0,0.0,cancelled
2026-01-30 21:17:24,Close short,USDT,RIVERUSDT,Limit edited,34.454,,1.0,0.0,0.0,0.0,0.0,cancelled
2026-01-30 21:17:19,Close short,USDT,RIVERUSDT,Limit,33.192,,1.0,0.0,0.0,0.0,0.0,cancelled
2026-01-30 21:17:03,Close short,USDT,RIVERUSDT,Limit,34.439,,1.0,0.0,0.0,0.0,0.0,cancelled
2026-01-30 21:16:08,Open short,USDT,RIVERUSDT,Market,,35.663,1.0,1.0,35.663,0.0,0.0,fully executed
2026-01-30 21:07:43,Close short,USDT,PIPPINUSDT,Market,,0.23733,28.0,28.0,6.64524,0.14308,0.139092856,fully executed
2026-01-30 21:07:33,Close short,USDT,PIPPINUSDT,Limit,0.23629,,28.0,0.0,0.0,0.0,0.0,cancelled
2026-01-30 20:52:22,Close short,USDT,PIPPINUSDT,Limit edited,0.2233,,28.0,0.0,0.0,0.0,0.0,cancelled
2026-01-30 20:51:14,Open short,USDT,XAGUSDT,Limit,100.53,,0.14,0.0,0.0,0.0,0.0,cancelled
2026-01-30 20:45:23,Close long,USDT,ENSOUSDT,Limit,1.5661,1.5661,4.0,4.0,6.2644,-0.1012,-0.10245288,fully executed
2026-01-30 20:41:43,Close short,USDT,PIPPINUSDT,Limit,0.23343,,28.0,0.0,0.0,0.0,0.0,cancelled
2026-01-30 20:40:40,Open short,USDT,PIPPINUSDT,Market,,0.24244,28.0,28.0,6.78832,0.0,0.0,fully executed
2026-01-30 20:35:02,Close long,USDT,0GUSDT,Market,,0.8475,13.0,13.0,11.0175,-0.3094,-0.3160105,fully executed
2026-01-30 20:31:56,Open long,USDT,ENSOUSDT,Market,,1.5914,4.0,4.0,6.3656,0.0,0.0,fully executed
2026-01-30 20:28:30,Close long,USDT,0GUSDT,Limit,0.9075,,13.0,0.0,0.0,0.0,0.0,cancelled
2026-01-30 20:24:14,Open long,USDT,0GUSDT,Market,,0.8713,13.0,13.0,11.3269,0.0,0.0,fully executed
2026-01-30 20:19:03,Close long,USDT,NOMUSDT,Market,,0.010167,2050.0,2050.0,20.84235,0.07995,0.06744459,fully executed
2026-01-30 20:18:02,Close short,USDT,ARCUSDT,Position SL—market,,0.04224,274.0,274.0,11.57376,-0.01918,-0.026124256,fully executed
2026-01-30 20:11:36,Close long,USDT,NOMUSDT,Limit,0.010564,,1046.0,0.0,0.0,0.0,0.0,cancelled
2026-01-30 20:09:01,Close short,USDT,ARCUSDT,Limit,0.04138,0.04138,287.0,287.0,11.87606,0.22673,0.224354788,fully executed
2026-01-30 19:47:24,Open long,USDT,NOMUSDT,Market,,0.010128,2050.0,2050.0,20.7624,0.0,0.0,fully executed
2026-01-30 19:44:31,Open short,USDT,ARCUSDT,Trigger order—market,,0.04217,561.0,561.0,23.65737,0.0,0.0,fully executed
2026-01-30 19:37:30,Close long,USDT,XAGUSDT,Limit,103.3,103.3,0.2,0.2,20.66,0.098,0.093868,fully executed
2026-01-30 19:31:35,Open long,USDT,XAGUSDT,Trigger order—market,,102.81,0.2,0.2,20.562,0.0,0.0,fully executed
2026-01-30 19:29:58,Open long,USDT,XAGUSDT,Limit,102.78,,0.23,0.0,0.0,0.0,0.0,cancelled
2026-01-30 19:26:10,Close long,USDT,HYPEUSDT,Market,,30.425,0.97,0.97,29.51225,0.08827,0.07056265,fully executed
2026-01-30 19:16:58,Close long,USDT,HYPEUSDT,Limit edited,30.973,,0.97,0.0,0.0,0.0,0.0,cancelled
2026-01-30 19:16:46,Close long,USDT,HYPEUSDT,Limit,30.637,,0.97,0.0,0.0,0.0,0.0,cancelled
2026-01-30 19:16:04,Open long,USDT,HYPEUSDT,Limit edited,30.224,,1.96,0.0,0.0,0.0,0.0,cancelled
2026-01-30 19:15:48,Open long,USDT,HYPEUSDT,Market,,30.334,0.97,0.97,29.42398,0.0,0.0,fully executed
2026-01-30 19:15:24,Open long,USDT,HYPEUSDT,Limit,30.211,,1.96,0.0,0.0,0.0,0.0,cancelled
2026-01-30 19:11:09,Close long,USDT,HYPEUSDT,Position SL—market,,30.106,1.97,1.97,59.30882,0.15957,0.123984708,fully executed
2026-01-30 19:06:32,Close long,USDT,HYPEUSDT,Limit,30.221,,0.99,0.0,0.0,0.0,0.0,cancelled
2026-01-30 19:05:05,Open long,USDT,HYPEUSDT,Market,,30.025,1.97,1.97,59.14925,0.0,0.0,fully executed
2026-01-30 18:50:53,Close long,USDT,HYPEUSDT,Position SL—market,,29.832,1.98,1.98,59.06736,-0.19998,-0.235420416,fully executed
2026-01-30 18:34:49,Close long,USDT,HYPEUSDT,Limit,30.19,,0.99,0.0,0.0,0.0,0.0,cancelled
2026-01-30 18:30:36,Open long,USDT,HYPEUSDT,Market,,29.933,1.98,1.98,59.26734,0.0,0.0,fully executed
2026-01-30 18:17:34,Close short,USDT,PIPPINUSDT,Position SL—market,,0.25287,81.0,81.0,20.48247,0.19359,0.181300518,fully executed
2026-01-30 17:58:22,Close short,USDT,XAGUSDT,Position SL—market,,98.48,0.07,0.07,6.8936,0.1589,0.15476384,fully executed
2026-01-30 17:47:37,Close short,USDT,PIPPINUSDT,Limit,0.21806,,41.0,0.0,0.0,0.0,0.0,cancelled
2026-01-30 17:44:01,Close short,USDT,PIPPINUSDT,Limit,0.24232,,28.0,0.0,0.0,0.0,0.0,cancelled
2026-01-30 17:41:56,Close short,USDT,XAGUSDT,Limit,98.36,98.36,0.07,0.07,6.8852,0.1673,0.16592296,fully executed
2026-01-30 17:27:57,Open short,USDT,XAGUSDT,Market,,100.75,0.14,0.14,14.105,0.0,0.0,fully executed
2026-01-30 16:41:51,Close long,USDT,HYPEUSDT,Market,,29.103,0.7,0.7,20.3721,-0.2387,-0.25092326,fully executed
2026-01-30 16:27:45,Open short,USDT,PIPPINUSDT,Market,,0.25526,81.0,81.0,20.67606,0.0,0.0,fully executed
2026-01-30 16:25:17,Open long,USDT,HYPEUSDT,Trigger order—market,,29.444,0.7,0.7,20.6108,0.0,0.0,fully executed
2026-01-30 14:20:00,Close short,USDT,RIVERUSDT,Limit edited,43.054,43.054,1.0,1.0,43.054,2.291,2.2823892,fully executed
2026-01-30 14:19:26,Close short,USDT,RIVERUSDT,Limit edited,43.216,,1.0,0.0,0.0,0.0,0.0,cancelled
2026-01-30 14:02:42,Close short,USDT,RIVERUSDT,Limit,43.374,,1.0,0.0,0.0,0.0,0.0,cancelled
2026-01-30 14:01:35,Open short,USDT,RIVERUSDT,Trigger order—market,,45.345,1.0,1.0,45.345,0.0,0.0,fully executed
2026-01-30 14:00:33,Close long,USDT,BTCUSDT,Position SL—market,,82834.8,0.0007,0.0007,57.98436,-0.07931,-0.114100616,fully executed
2026-01-30 13:31:27,Close long,USDT,XAGUSDT,Position SL—market,,111.95,0.39,0.39,43.6605,-0.1638,-0.1899963,fully executed
2026-01-30 13:28:34,Close long,USDT,XAGUSDT,Limit,113.97,,0.39,0.0,0.0,0.0,0.0,cancelled
2026-01-30 13:27:08,Close long,USDT,BTCUSDT,Limit,84018.4,,0.0007,0.0,0.0,0.0,0.0,cancelled
2026-01-30 13:18:26,Open long,USDT,XAGUSDT,Market,,112.37,0.39,0.39,43.8243,0.0,0.0,fully executed
2026-01-30 12:52:17,Open long,USDT,BTCUSDT,Trigger order—market,,82948.1,0.0007,0.0007,58.06367,0.0,0.0,fully executed
2026-01-30 12:40:22,Close long,USDT,BTCUSDT,Market,,82881.0,0.0007,0.0007,58.0167,0.04452,0.00970998,fully executed
2026-01-30 12:07:51,Open long,USDT,BTCUSDT,Market,,82817.4,0.0007,0.0007,57.97218,0.0,0.0,fully executed
2026-01-30 12:07:29,Close short,USDT,XAUUSDT,Market,,5224.17,0.01,0.01,52.2417,-0.5546,-0.58594502,fully executed
2026-01-30 11:43:57,Open short,USDT,XAUUSDT,Trigger order—market,,5168.71,0.01,0.01,51.6871,0.0,0.0,fully executed
2026-01-20 20:00:11,Close short,USDT,TSLAUSDT,Market,,427.697709923666,1.31,1.31,560.284,-3.642400000007,-3.678818460007,fully executed
2026-01-20 18:28:25,Close short,USDT,TSLAUSDT,Limit,424.63,,1.31,0.0,0.0,0.0,0.0,cancelled
2026-01-20 18:24:26,Open short,USDT,TSLAUSDT,Limit edited,426.68,426.68,0.65,0.65,277.342,0.0,0.0,fully executed
2026-01-20 18:13:24,Open short,USDT,TSLAUSDT,Limit,427.15,,0.65,0.0,0.0,0.0,0.0,cancelled
2026-01-20 18:13:03,Open short,USDT,TSLAUSDT,Limit,427.15,,1.37,0.0,0.0,0.0,0.0,cancelled
2026-01-20 18:01:39,Open short,USDT,TSLAUSDT,Limit,424.06,424.06,0.16,0.16,67.8496,0.0,0.0,fully executed
2026-01-20 17:50:22,Open short,USDT,TSLAUSDT,Limit,422.9,422.9,0.5,0.5,211.45,0.0,0.0,fully executed
2026-01-14 08:46:51,Close short,USDT,ZECUSDT,Position SL—market,,412.783137254902,0.306,0.306,126.31164,-7.03284,-7.108626984,fully executed
2026-01-14 00:53:58,Close short,USDT,ZECUSDT,Limit,378.87,,0.306,0.0,0.0,0.0,0.0,cancelled
2026-01-14 00:46:11,Open short,USDT,ZECUSDT,Limit,389.8,389.8,0.306,0.306,119.2788,0.0,0.0,fully executed
2026-01-14 00:46:02,Open short,USDT,ZECUSDT,Limit,389.03,,0.306,0.0,0.0,0.0,0.0,cancelled
2026-01-13 22:41:47,Close long,USDT,BTCUSDT,Limit,93362.6,93362.6,0.0012,0.0012,112.03512,1.11372,1.091312976,fully executed
2026-01-13 22:38:43,Close long,USDT,BTCUSDT,Limit,93096.0,,0.0012,0.0,0.0,0.0,0.0,cancelled
2026-01-13 22:31:16,Open long,USDT,BTCUSDT,Limit,92434.5,92434.5,0.0012,0.0012,110.9214,0.0,0.0,fully executed
2026-01-13 22:31:08,Close short,USDT,BTCUSDT,Market,,92417.0,0.0013,0.0013,120.1421,-0.769410000001,-0.841495260001,fully executed
2026-01-13 22:04:38,Open short,USDT,BTCUSDT,Limit,91850.3,91850.3,0.0007,0.0007,64.29521,0.0,0.0,fully executed
2026-01-13 22:02:42,Open short,USDT,BTCUSDT,Limit,91795.8,91795.8,0.0006,0.0006,55.07748,0.0,0.0,fully executed
2026-01-13 22:02:32,Open short,USDT,BTCUSDT,Limit,91807.0,,0.0006,0.0,0.0,0.0,0.0,cancelled
2026-01-13 22:02:27,Open short,USDT,BTCUSDT,Limit,91806.9,,0.0006,0.0,0.0,0.0,0.0,cancelled
2026-01-13 22:02:21,Open short,USDT,BTCUSDT,Limit,91799.9,,0.0006,0.0,0.0,0.0,0.0,cancelled
2026-01-07 22:34:15,Close short,USDT,DOGEUSDT,Limit,0.14342,0.14342,265.0,265.0,38.0063,1.05735,1.04974874,fully executed
2026-01-07 21:15:04,Open short,USDT,DOGEUSDT,Market,,0.14741,265.0,265.0,39.06365,0.0,0.0,fully executed
2025-12-16 21:34:03,Close short,USDT,BGBUSDT,Market,,3.54,30.0,30.0,106.2,0.48,0.41628,fully executed
2025-12-16 15:12:12,Close short,USDT,BGBUSDT,Limit,3.459,,30.0,0.0,0.0,0.0,0.0,cancelled
2025-12-16 00:49:38,Close short,USDT,BGBUSDT,Limit,3.345,,30.0,0.0,0.0,0.0,0.0,cancelled
2025-12-15 23:04:32,Close short,USDT,BGBUSDT,Limit,3.345,,15.0,0.0,0.0,0.0,0.0,cancelled
2025-12-15 22:52:14,Close short,USDT,DOGEUSDT,Limit,0.13294,0.13294,286.0,286.0,38.02084,1.06106,1.053455832,fully executed
2025-12-15 21:34:01,Open short,USDT,BGBUSDT,Market,,3.556,30.0,30.0,106.68,0.0,0.0,fully executed
2025-12-14 19:38:28,Open short,USDT,DOGEUSDT,Market,,0.13665,286.0,286.0,39.0819,0.0,0.0,fully executed
2025-12-14 19:27:04,Close short,USDT,BTCUSDT,Limit,89397.7,89397.7,0.0024,0.0024,214.55448,0.4284,0.385489104,fully executed
2025-12-14 19:25:44,Open short,USDT,BTCUSDT,Trigger order—market,,89576.2,0.0024,0.0024,214.98288,0.0,0.0,fully executed
2025-10-07 22:41:29,Close long,USDT,ORDIUSDT,Position SL—market,,8.365,5.42,5.42,45.3383,-2.058380000005,-2.085582980005,fully executed
2025-10-07 20:15:59,Open long,USDT,ORDIUSDT,Limit,8.737,8.737,1.12,1.12,9.78544,0.0,0.0,fully executed
2025-10-07 20:15:16,Open long,USDT,ORDIUSDT,Limit,8.755,,1.03,0.0,0.0,0.0,0.0,cancelled
2025-10-07 20:14:15,Open long,USDT,ORDIUSDT,Limit,8.769,8.769,2.08,2.08,18.23952,0.0,0.0,fully executed
2025-10-07 20:00:22,Open long,USDT,ORDIUSDT,Limit,8.726,8.726,2.22,2.22,19.37172,0.0,0.0,fully executed
2025-10-07 13:03:12,Close long,USDT,ORDIUSDT,Limit,8.716,8.716,2.7,2.7,23.5332,-0.0783,-0.08300664,fully executed
2025-10-07 13:03:08,Close long,USDT,ORDIUSDT,Limit,8.714,,2.7,0.0,0.0,0.0,0.0,cancelled
2025-10-07 13:00:37,Open long,USDT,ORDIUSDT,Limit,8.745,8.745,2.7,2.7,23.6115,0.0,0.0,fully executed
2025-10-07 10:46:24,Close long,USDT,ORDIUSDT,Limit,8.691,8.691,5.2,5.2,45.1932,0.199599999996,0.190561359996,fully executed
2025-10-07 10:46:14,Close long,USDT,ORDIUSDT,Limit,8.687,,5.2,0.0,0.0,0.0,0.0,cancelled
2025-10-06 23:05:41,Close long,USDT,ORDIUSDT,Limit,11.2,,5.2,0.0,0.0,0.0,0.0,cancelled
2025-10-06 23:01:35,Open long,USDT,ORDIUSDT,Limit,8.654,8.654,3.4,3.4,29.4236,0.0,0.0,fully executed
2025-10-06 23:01:25,Open long,USDT,ORDIUSDT,Limit,8.651,,3.08,0.0,0.0,0.0,0.0,cancelled
2025-10-06 23:00:46,Open long,USDT,ORDIUSDT,Limit,8.65,8.65,1.8,1.8,15.57,0.0,0.0,fully executed
2025-10-06 23:00:26,Open long,USDT,ORDIUSDT,Limit,8.629,,2.52,0.0,0.0,0.0,0.0,cancelled
2025-10-06 23:00:07,Open long,USDT,ORDIUSDT,Limit,8.62,,3.61,0.0,0.0,0.0,0.0,cancelled
2025-08-13 22:56:15,Open long,USDT,SOLUSDT,Limit,197.118,,0.1,0.0,0.0,0.0,0.0,cancelled
2025-08-13 22:56:01,Open long,USDT,SOLUSDT,Limit,197.011,,0.1,0.0,0.0,0.0,0.0,cancelled
2025-08-13 17:40:32,Close long,USDT,SUIUSDT,Limit,3.9724,3.9724,169.9,169.9,674.91076,0.54368,0.408697848,fully executed
2025-08-13 16:33:53,Close long,USDT,SUIUSDT,Limit,4.0346,,169.9,0.0,0.0,0.0,0.0,cancelled
2025-08-13 16:33:29,Open long,USDT,SUIUSDT,Limit,3.9692,3.9692,169.9,169.9,674.36708,0.0,0.0,fully executed
2025-08-13 16:33:16,Open long,USDT,SUIUSDT,Limit,3.9684,,169.9,0.0,0.0,0.0,0.0,cancelled
2025-08-13 16:33:13,Open long,USDT,SUIUSDT,Limit,3.9688,,169.9,0.0,0.0,0.0,0.0,cancelled
2025-08-13 16:33:09,Open long,USDT,SUIUSDT,Limit,3.9686,,169.9,0.0,0.0,0.0,0.0,cancelled
2025-08-13 16:32:56,Open long,USDT,SUIUSDT,Limit,3.9674,,170.0,0.0,0.0,0.0,0.0,cancelled
2025-08-13 15:09:32,Open long,USDT,BGBUSDT,Limit,4.944,,43.0,0.0,0.0,0.0,0.0,cancelled
2025-08-12 21:37:51,Close long,USDT,ETHUSDT,Limit,4409.0,4409.0,0.04,0.04,176.36,-0.4444,-0.479672,fully executed
2025-08-12 21:37:44,Close long,USDT,ETHUSDT,Limit,4410.92,,0.04,0.0,0.0,0.0,0.0,cancelled
2025-08-12 21:30:40,Close long,USDT,ETHUSDT,Limit,4430.65,,0.04,0.0,0.0,0.0,0.0,cancelled
2025-08-12 21:23:30,Close long,USDT,ETHUSDT,Limit,4430.1,,0.04,0.0,0.0,0.0,0.0,cancelled
2025-08-12 21:22:20,Open long,USDT,ETHUSDT,Limit,4420.11,4420.11,0.04,0.04,176.8044,0.0,0.0,fully executed
2025-08-11 22:03:43,Close long,USDT,ETHUSDT,Limit,4286.81,4286.81,0.32,0.32,1371.7792,3.5328,3.25844416,fully executed
2025-08-11 21:59:34,Close long,USDT,ETHUSDT,Limit,4325.77,,0.32,0.0,0.0,0.0,0.0,cancelled
2025-08-11 21:57:17,Open long,USDT,ETHUSDT,Limit,4275.77,4275.77,0.32,0.32,1368.2464,0.0,0.0,fully executed
2025-08-11 21:55:05,Open long,USDT,ETHUSDT,Limit,4235.11,,0.02,0.0,0.0,0.0,0.0,cancelled
2025-08-11 21:54:40,Open long,USDT,ETHUSDT,Limit,4243.11,,0.03,0.0,0.0,0.0,0.0,cancelled
2025-08-11 21:52:31,Open long,USDT,ETHUSDT,Limit,4243.11,,0.16,0.0,0.0,0.0,0.0,cancelled
2025-08-11 21:51:01,Close long,USDT,ETHUSDT,Position SL—market,,4277.53,0.16,0.16,684.4048,0.5504,0.13975712,fully executed
2025-08-11 21:49:12,Close long,USDT,ETHUSDT,Limit,4325.06,,0.16,0.0,0.0,0.0,0.0,cancelled
2025-08-11 21:48:55,Close long,USDT,ETHUSDT,Market,,4291.37,0.15,0.15,643.7055,2.592,2.2057767,fully executed
2025-08-11 21:47:37,Close long,USDT,ETHUSDT,Limit,4325.06,,0.31,0.0,0.0,0.0,0.0,cancelled
2025-08-11 21:46:28,Open long,USDT,ETHUSDT,Limit,4274.09,4274.09,0.31,0.31,1324.9679,0.0,0.0,fully executed
2025-08-11 21:46:23,Open long,USDT,ETHUSDT,Limit,4279.99,,0.31,0.0,0.0,0.0,0.0,cancelled
2025-08-11 21:46:19,Open long,USDT,ETHUSDT,Limit,4283.77,,0.31,0.0,0.0,0.0,0.0,cancelled
2025-07-30 16:03:18,Open long,USDT,ETHUSDT,Limit,3812.73,,0.25,0.0,0.0,0.0,0.0,cancelled
2025-07-30 16:01:23,Close long,USDT,ETHUSDT,Limit,3807.0,3807.0,0.15,0.15,571.05,0.2715,0.15729,fully executed
2025-07-30 16:01:18,Close long,USDT,ETHUSDT,Limit,3806.01,,0.15,0.0,0.0,0.0,0.0,cancelled
2025-07-30 16:00:56,Close long,USDT,ETHUSDT,Limit,3807.06,,0.15,0.0,0.0,0.0,0.0,cancelled
2025-07-30 16:00:33,Close long,USDT,ETHUSDT,Limit,3808.18,,0.15,0.0,0.0,0.0,0.0,cancelled
2025-07-30 15:58:24,Close long,USDT,ETHUSDT,Limit,3832.1,,0.15,0.0,0.0,0.0,0.0,cancelled
2025-07-30 15:57:25,Open long,USDT,ETHUSDT,Limit,3805.19,3805.19,0.15,0.15,570.7785,0.0,0.0,fully executed
2025-07-30 00:26:18,Close short,USDT,PENGUUSDT,Limit,0.037784,0.037784,62984.0,62984.0,2379.787456,6.61332,6.1373625088,fully executed
2025-07-30 00:26:13,Close short,USDT,PENGUUSDT,Limit,0.037797,,62984.0,0.0,0.0,0.0,0.0,cancelled
2025-07-30 00:23:23,Close short,USDT,PENGUUSDT,Limit,0.037,,62984.0,0.0,0.0,0.0,0.0,cancelled
2025-07-30 00:22:48,Open short,USDT,PENGUUSDT,Limit,0.037889,0.037889,62984.0,62984.0,2386.400776,0.0,0.0,fully executed
2025-07-30 00:10:51,Close short,USDT,PENGUUSDT,Limit,0.038514,0.038514,49533.0,49533.0,1907.713962,49.087203,48.7056602076,fully executed
2025-07-30 00:10:46,Close short,USDT,PENGUUSDT,Limit,0.038548,,49533.0,0.0,0.0,0.0,0.0,cancelled
2025-07-29 23:02:54,Close short,USDT,PENGUUSDT,Limit edited,0.037,,49533.0,0.0,0.0,0.0,0.0,cancelled
2025-07-29 22:56:18,Close short,USDT,PENGUUSDT,Limit edited,0.036,,49533.0,0.0,0.0,0.0,0.0,cancelled
2025-07-29 20:49:25,Close short,USDT,PENGUUSDT,Limit,0.037,,49533.0,0.0,0.0,0.0,0.0,cancelled
2025-07-29 20:46:26,Open short,USDT,PENGUUSDT,Limit,0.039505,0.039505,49533.0,49533.0,1956.801165,0.0,0.0,fully executed
2025-07-29 20:44:09,Close short,USDT,PENGUUSDT,Limit,0.039612,0.039612,22610.0,22610.0,895.62732,2.05751,1.878384536,fully executed
2025-07-29 20:42:11,Close short,USDT,PENGUUSDT,Limit,0.0347,,22610.0,0.0,0.0,0.0,0.0,cancelled
2025-07-29 20:40:39,Close short,USDT,PENGUUSDT,Limit,0.039671,,22610.0,0.0,0.0,0.0,0.0,cancelled
2025-07-29 20:36:25,Open short,USDT,PENGUUSDT,Limit,0.040005,,24184.0,0.0,0.0,0.0,0.0,cancelled
2025-07-29 20:32:22,Close short,USDT,PENGUUSDT,Limit,0.0347,,22610.0,0.0,0.0,0.0,0.0,cancelled
2025-07-29 20:30:26,Open short,USDT,PENGUUSDT,Limit,0.039703,0.039703,22610.0,22610.0,897.68483,0.0,0.0,fully executed
2025-07-29 20:27:16,Close short,USDT,PENGUUSDT,Position SL—market,,0.039919662848,22607.0,22607.0,902.463818,0.663225,0.1217467092,fully executed
2025-07-29 19:27:34,Close short,USDT,PENGUUSDT,Limit,0.0347,,22607.0,0.0,0.0,0.0,0.0,cancelled
2025-07-29 19:24:27,Open short,USDT,PENGUUSDT,Limit,0.039949,0.039949,22607.0,22607.0,903.127043,0.0,0.0,fully executed
2025-07-29 19:20:42,Close long,USDT,TRXUSDT,Market,,0.344820218722,6858.0,6858.0,2364.77706,-38.4033,-39.822166236,fully executed
2025-07-29 19:20:10,Close long,USDT,TRXUSDT,Limit,0.35145,,6858.0,0.0,0.0,0.0,0.0,cancelled
2025-07-29 19:12:48,Open long,USDT,TRXUSDT,Limit,0.35042,0.35042,6858.0,6858.0,2403.18036,0.0,0.0,fully executed
2025-07-29 19:12:36,Open long,USDT,TRXUSDT,Limit,0.35034,,6860.0,0.0,0.0,0.0,0.0,cancelled
2025-07-29 19:12:30,Open long,USDT,TRXUSDT,Limit,0.35032,,6860.0,0.0,0.0,0.0,0.0,cancelled
2025-07-28 22:01:20,Close short,USDT,VINEUSDT,Limit,0.13499,0.13499,728.0,728.0,98.27272,0.080999999808,0.061345455808,fully executed
2025-07-28 21:59:34,Close short,USDT,VINEUSDT,Limit,0.13153,,728.0,0.0,0.0,0.0,0.0,cancelled
2025-07-28 21:58:55,Open short,USDT,VINEUSDT,Limit,0.13617,0.13617,361.0,361.0,49.15737,0.0,0.0,fully executed
2025-07-28 21:58:41,Open short,USDT,VINEUSDT,Limit,0.13625,,361.0,0.0,0.0,0.0,0.0,cancelled
2025-07-28 21:58:27,Open short,USDT,VINEUSDT,Limit,0.13695,,359.0,0.0,0.0,0.0,0.0,cancelled
2025-07-28 21:58:15,Open short,USDT,VINEUSDT,Limit,0.13752,,357.0,0.0,0.0,0.0,0.0,cancelled
2025-07-28 21:57:09,Open short,USDT,VINEUSDT,Limit,0.13405,0.13405,367.0,367.0,49.19635,0.0,0.0,fully executed
2025-07-28 21:57:01,Open short,USDT,VINEUSDT,Limit,0.13494,,364.0,0.0,0.0,0.0,0.0,cancelled
2025-07-28 21:56:45,Open short,USDT,VINEUSDT,Limit,0.13203,,2236.0,0.0,0.0,0.0,0.0,cancelled
2025-07-28 21:55:39,Close short,USDT,VINEUSDT,Limit,0.1332,0.1332,738.0,738.0,98.3016,0.08118,0.06151968,fully executed
2025-07-28 21:55:30,Close short,USDT,VINEUSDT,Limit,0.1332,,738.0,0.0,0.0,0.0,0.0,cancelled
2025-07-28 21:54:08,Close short,USDT,VINEUSDT,Limit,0.12858,,738.0,0.0,0.0,0.0,0.0,cancelled
2025-07-28 21:53:34,Open short,USDT,VINEUSDT,Limit,0.13331,0.13331,738.0,738.0,98.38278,0.0,0.0,fully executed
2025-07-28 21:52:20,Close short,USDT,ETHUSDT,Limit,3841.31,3841.31,0.25,0.25,960.3275,0.77,0.5779345,fully executed
2025-07-28 21:47:59,Close short,USDT,ETHUSDT,Limit,3825.32,,0.25,0.0,0.0,0.0,0.0,cancelled
2025-07-28 21:47:40,Open short,USDT,ETHUSDT,Limit,3844.39,3844.39,0.25,0.25,961.0975,0.0,0.0,fully executed
2025-07-28 21:47:29,Open short,USDT,ETHUSDT,Limit,3850.3,,0.25,0.0,0.0,0.0,0.0,cancelled
2025-07-28 21:45:26,Close short,USDT,ETHUSDT,Market,,3857.34,0.15,0.15,578.601,-1.002000000001,-1.349160600001,fully executed
2025-07-28 21:42:08,Close short,USDT,ETHUSDT,Limit,3847.45,,0.15,0.0,0.0,0.0,0.0,cancelled
2025-07-28 21:41:43,Open short,USDT,ETHUSDT,Limit,3863.73,3863.73,0.07,0.07,270.4611,0.0,0.0,fully executed
2025-07-28 21:39:15,Open short,USDT,ETHUSDT,Limit,3850.35,3850.35,0.01,0.01,38.5035,0.0,0.0,fully executed
2025-07-28 21:39:10,Open short,USDT,ETHUSDT,Limit,3848.97,,0.01,0.0,0.0,0.0,0.0,cancelled
2025-07-28 21:39:05,Open short,USDT,ETHUSDT,Limit,3848.51,,0.01,0.0,0.0,0.0,0.0,cancelled
2025-07-28 21:38:12,Open short,USDT,ETHUSDT,Limit,3843.0,3843.0,0.01,0.01,38.43,0.0,0.0,fully executed
2025-07-28 21:37:56,Open short,USDT,ETHUSDT,Limit,3842.63,3842.63,0.01,0.01,38.4263,0.0,0.0,fully executed
2025-07-28 21:37:49,Open short,USDT,ETHUSDT,Limit,3842.22,,0.01,0.0,0.0,0.0,0.0,cancelled
2025-07-28 21:37:42,Open short,USDT,ETHUSDT,Limit,3843.25,,0.01,0.0,0.0,0.0,0.0,cancelled
2025-07-28 21:36:17,Open short,USDT,ETHUSDT,Limit,3842.77,3842.77,0.01,0.01,38.4277,0.0,0.0,fully executed
2025-07-28 21:35:28,Open short,USDT,ETHUSDT,Limit,3835.36,3835.36,0.02,0.02,76.7072,0.0,0.0,fully executed
2025-07-28 21:35:19,Open short,USDT,ETHUSDT,Limit,3833.87,,0.02,0.0,0.0,0.0,0.0,cancelled
2025-07-28 21:35:13,Open short,USDT,ETHUSDT,Limit,3831.55,,0.02,0.0,0.0,0.0,0.0,cancelled
2025-07-28 21:34:11,Open short,USDT,ETHUSDT,Limit,3832.16,3832.16,0.02,0.02,76.6432,0.0,0.0,fully executed
2025-07-28 08:47:23,Close long,USDT,VINEUSDT,Limit,0.15368,0.15368,387.0,387.0,59.47416,0.563769999675,0.551875167675,fully executed
2025-07-28 08:44:52,Open long,USDT,VINEUSDT,Limit,0.14499,,135.0,0.0,0.0,0.0,0.0,cancelled
2025-07-28 08:43:54,Open long,USDT,VINEUSDT,Limit,0.15019,0.15019,131.0,131.0,19.67489,0.0,0.0,fully executed
2025-07-28 08:42:16,Open long,USDT,VINEUSDT,Limit,0.15246,0.15246,129.0,129.0,19.66734,0.0,0.0,fully executed
2025-07-28 08:41:36,Open long,USDT,VINEUSDT,Limit,0.15408,0.15408,127.0,127.0,19.56816,0.0,0.0,fully executed
2025-07-28 08:41:27,Open long,USDT,VINEUSDT,Limit,0.15423,,127.0,0.0,0.0,0.0,0.0,cancelled
2025-07-25 23:03:28,Close short,USDT,ETHUSDT,Limit,3627.13,3627.13,0.02,0.02,72.5426,0.0582,0.04369148,fully executed
2025-07-25 23:01:12,Close short,USDT,ETHUSDT,Limit,3623.64,,0.02,0.0,0.0,0.0,0.0,cancelled
2025-07-25 23:00:55,Open short,USDT,ETHUSDT,Limit,3633.54,3633.54,0.01,0.01,36.3354,0.0,0.0,fully executed
2025-07-25 23:00:20,Close short,USDT,ETHUSDT,Limit,3623.64,,0.01,0.0,0.0,0.0,0.0,cancelled
2025-07-25 22:59:23,Open short,USDT,ETHUSDT,Limit,3626.54,3626.54,0.01,0.01,36.2654,0.0,0.0,fully executed
2025-07-25 22:58:47,Open short,USDT,ETHUSDT,Limit,3625.26,,0.02,0.0,0.0,0.0,0.0,cancelled
2025-07-25 22:58:19,Open short,USDT,ETHUSDT,Limit,3631.18,,0.02,0.0,0.0,0.0,0.0,cancelled
2025-07-12 00:05:16,Close short,USDT,HYPERUSDT,Limit,0.5171,0.5171,379.0,379.0,195.9809,0.301499999669,0.262303819669,fully executed
2025-07-12 00:04:38,Open short,USDT,HYPERUSDT,Limit,0.525,0.525,93.0,93.0,48.825,0.0,0.0,fully executed
2025-07-12 00:04:08,Open short,USDT,HYPERUSDT,Limit,0.5225,0.5225,94.0,94.0,49.115,0.0,0.0,fully executed
2025-07-12 00:03:57,Open short,USDT,HYPERUSDT,Limit,0.5219,,94.0,0.0,0.0,0.0,0.0,cancelled
2025-07-12 00:03:39,Open short,USDT,HYPERUSDT,Limit,0.5216,,94.0,0.0,0.0,0.0,0.0,cancelled
2025-07-11 23:57:24,Close short,USDT,HYPERUSDT,Limit,0.5015,,192.0,0.0,0.0,0.0,0.0,cancelled
2025-07-11 23:56:33,Open short,USDT,HYPERUSDT,Limit,0.5122,0.5122,192.0,192.0,98.3424,0.0,0.0,fully executed
2025-07-11 15:36:27,Close short,USDT,BTCUSDT,Limit,117879.9,117879.9,0.0008,0.0008,94.30392,0.30168,0.282819216,fully executed
2025-07-11 15:35:56,Close short,USDT,BTCUSDT,Limit,117832.5,,0.0008,0.0,0.0,0.0,0.0,cancelled
2025-07-11 15:35:46,Close short,USDT,BTCUSDT,Limit,117861.0,,0.0008,0.0,0.0,0.0,0.0,cancelled
2025-07-11 14:09:44,Close short,USDT,BTCUSDT,Limit,110000.0,,0.0008,0.0,0.0,0.0,0.0,cancelled
2025-07-11 14:08:42,Open short,USDT,BTCUSDT,Limit,118257.0,118257.0,0.0008,0.0008,94.6056,0.0,0.0,fully executed
2025-07-11 14:08:35,Open short,USDT,BTCUSDT,Limit,118283.2,,0.0008,0.0,0.0,0.0,0.0,cancelled
2025-07-11 14:08:21,Open short,USDT,BTCUSDT,Limit,118330.4,,0.0008,0.0,0.0,0.0,0.0,cancelled
2025-07-09 20:09:55,Close short,USDT,BTCUSDT,Position SL—market,,109249.6,0.0004,0.0004,43.69984,-0.2558,-0.282019904,fully executed
2025-07-09 00:15:24,Close short,USDT,BTCUSDT,Limit,106220.7,,0.0004,0.0,0.0,0.0,0.0,cancelled
2025-07-08 22:45:41,Open short,USDT,BTCUSDT,Limit,108610.1,108610.1,0.0004,0.0004,43.44404,0.0,0.0,fully executed
2025-07-04 23:06:41,Open short,USDT,ETHUSDT,Limit,2510.66,,0.03,0.0,0.0,0.0,0.0,cancelled
2025-07-04 18:21:13,Close long,USDT,ETHUSDT,Limit,2546.96,2546.96,0.04,0.04,101.8784,0.2384,0.21802432,fully executed
2025-07-04 18:21:07,Close long,USDT,ETHUSDT,Limit,2546.92,,0.04,0.0,0.0,0.0,0.0,cancelled
2025-07-04 18:21:00,Close long,USDT,ETHUSDT,Limit,2547.13,,0.04,0.0,0.0,0.0,0.0,cancelled
2025-07-04 18:20:48,Close long,USDT,ETHUSDT,Limit,2546.92,,0.04,0.0,0.0,0.0,0.0,cancelled
2025-07-04 16:26:23,Close long,USDT,ETHUSDT,Limit,2571.9,,0.04,0.0,0.0,0.0,0.0,cancelled
2025-07-04 16:25:10,Open long,USDT,ETHUSDT,Limit,2541.0,2541.0,0.04,0.04,101.64,0.0,0.0,fully executed
2025-07-04 15:33:00,Open short,USDT,BCHUSDT,Limit,478.61,,0.2,0.0,0.0,0.0,0.0,cancelled
2025-07-04 14:53:53,Close long,USDT,ETHUSDT,Limit,2557.48,2557.48,0.01,0.01,25.5748,0.0228,0.01768504,fully executed
2025-07-04 14:53:50,Close long,USDT,ETHUSDT,Limit,2557.11,,0.01,0.0,0.0,0.0,0.0,cancelled
2025-07-04 14:53:03,Close long,USDT,ETHUSDT,Limit,2557.65,,0.01,0.0,0.0,0.0,0.0,cancelled
2025-07-04 14:52:55,Close long,USDT,ETHUSDT,Limit,2557.75,,0.01,0.0,0.0,0.0,0.0,cancelled
2025-07-04 14:52:44,Close long,USDT,ETHUSDT,Limit,2558.0,,0.01,0.0,0.0,0.0,0.0,cancelled
2025-07-04 14:52:27,Close long,USDT,ETHUSDT,Limit,2558.81,,0.01,0.0,0.0,0.0,0.0,cancelled
2025-07-04 14:52:13,Close long,USDT,ETHUSDT,Limit,2559.08,,0.01,0.0,0.0,0.0,0.0,cancelled
2025-07-04 14:29:01,Open long,USDT,ETHUSDT,Limit,2555.2,2555.2,0.01,0.01,25.552,0.0,0.0,fully executed
2025-07-04 14:28:43,Open long,USDT,ETHUSDT,Limit,2555.23,,0.02,0.0,0.0,0.0,0.0,cancelled
2025-07-04 14:19:47,Close short,USDT,BCHUSDT,Limit,484.21,484.21,0.04,0.04,19.3684,0.2484,0.24452632,fully executed
2025-07-04 14:19:32,Close short,USDT,BCHUSDT,Limit,483.8,,0.04,0.0,0.0,0.0,0.0,cancelled
2025-07-04 13:13:48,Open short,USDT,BCHUSDT,Limit,490.42,490.42,0.04,0.04,19.6168,0.0,0.0,fully executed
2025-07-04 13:13:43,Open short,USDT,BCHUSDT,Limit,490.55,,0.04,0.0,0.0,0.0,0.0,cancelled
2025-07-04 13:13:34,Open short,USDT,BCHUSDT,Limit,490.48,,0.04,0.0,0.0,0.0,0.0,cancelled
2025-07-04 13:13:25,Open short,USDT,BCHUSDT,Limit,490.75,,0.04,0.0,0.0,0.0,0.0,cancelled
2025-07-04 12:56:56,Close short,USDT,PENGUUSDT,Limit,0.016355,0.016355,1189.0,1189.0,19.446095,0.235422,0.231532781,fully executed
2025-07-04 12:35:38,Open short,USDT,PENGUUSDT,Limit,0.016753,,587.0,0.0,0.0,0.0,0.0,cancelled
2025-07-04 12:34:08,Open short,USDT,PENGUUSDT,Limit,0.016553,0.016553,1189.0,1189.0,19.681517,0.0,0.0,fully executed
2025-07-04 12:34:03,Open short,USDT,PENGUUSDT,Limit,0.016562,,1188.0,0.0,0.0,0.0,0.0,cancelled
2025-07-04 12:33:49,Open short,USDT,PENGUUSDT,Limit,0.016582,,2967.0,0.0,0.0,0.0,0.0,cancelled
2025-07-04 12:33:44,Open short,USDT,PENGUUSDT,Limit,0.016577,,2968.0,0.0,0.0,0.0,0.0,cancelled
2025-07-04 12:26:13,Close long,USDT,ETHUSDT,Limit,2577.75,2577.75,0.04,0.04,103.11,-0.2213,-0.241922,fully executed
2025-07-04 12:26:10,Close long,USDT,ETHUSDT,Limit,2577.74,,0.04,0.0,0.0,0.0,0.0,cancelled
2025-07-04 12:26:05,Close long,USDT,ETHUSDT,Limit,2577.7,,0.04,0.0,0.0,0.0,0.0,cancelled
2025-07-04 12:25:57,Close long,USDT,ETHUSDT,Limit,2577.31,,0.04,0.0,0.0,0.0,0.0,cancelled
2025-07-04 12:20:46,Open long,USDT,ETHUSDT,Limit,2581.79,2581.79,0.01,0.01,25.8179,0.0,0.0,fully executed
2025-07-04 12:17:53,Close long,USDT,ETHUSDT,Limit,2601.48,,0.03,0.0,0.0,0.0,0.0,cancelled
2025-07-04 12:17:17,Open long,USDT,ETHUSDT,Limit,2583.78,2583.78,0.03,0.03,77.5134,0.0,0.0,fully executed
2025-07-04 12:17:14,Open long,USDT,ETHUSDT,Limit,2583.79,,0.03,0.0,0.0,0.0,0.0,cancelled
2025-07-04 12:11:27,Close long,USDT,PENGUUSDT,Position SL—market,,0.016785665076,2935.0,2935.0,49.265927,0.060652,0.0310924438,fully executed
2025-07-04 12:04:28,Close long,USDT,PENGUUSDT,Limit,0.017585,,2935.0,0.0,0.0,0.0,0.0,cancelled
2025-07-04 12:01:49,Open long,USDT,PENGUUSDT,Limit,0.016765,0.016765,2935.0,2935.0,49.205275,0.0,0.0,fully executed
2025-07-04 08:37:12,Close short,USDT,BCHUSDT,Limit,495.17,495.17,0.19,0.19,94.0823,0.3933,0.37448354,fully executed
2025-07-04 08:35:40,Close short,USDT,BCHUSDT,Limit,495.16,,0.19,0.0,0.0,0.0,0.0,cancelled
2025-07-04 08:35:36,Close short,USDT,BCHUSDT,Limit,495.05,,0.19,0.0,0.0,0.0,0.0,cancelled
2025-07-04 08:35:16,Close short,USDT,BCHUSDT,Limit,494.9,,0.19,0.0,0.0,0.0,0.0,cancelled
2025-07-04 08:34:41,Close short,USDT,BCHUSDT,Limit,494.53,,0.19,0.0,0.0,0.0,0.0,cancelled
2025-07-04 06:20:18,Open short,USDT,BCHUSDT,Limit,497.24,497.24,0.19,0.19,94.4756,0.0,0.0,fully executed
2025-07-04 02:57:15,Close short,USDT,BCHUSDT,Position SL—market,,498.26,0.19,0.19,94.6694,0.1634,0.10659836,fully executed
2025-07-03 23:59:41,Close short,USDT,BCHUSDT,Limit,421.6,,0.19,0.0,0.0,0.0,0.0,cancelled
2025-07-03 23:59:03,Open short,USDT,BCHUSDT,Limit,510.7,,0.19,0.0,0.0,0.0,0.0,cancelled
2025-07-03 22:31:01,Open short,USDT,BCHUSDT,Limit,499.12,499.12,0.19,0.19,94.8328,0.0,0.0,fully executed
2025-07-03 22:30:50,Open short,USDT,BCHUSDT,Limit,499.47,,0.19,0.0,0.0,0.0,0.0,cancelled
2025-07-03 21:32:02,Close short,USDT,BTCUSDT,Limit,109605.0,109605.0,0.0018,0.0018,197.289,-2.09772,-2.1371778,fully executed
2025-07-03 20:59:06,Open short,USDT,ETHUSDT,Limit,2589.81,,0.02,0.0,0.0,0.0,0.0,cancelled
2025-07-03 20:57:26,Open short,USDT,ETHUSDT,Limit,2586.58,,0.05,0.0,0.0,0.0,0.0,cancelled
2025-07-03 14:21:44,Close short,USDT,BCHUSDT,Position SL—market,,508.01,0.19,0.19,96.5219,0.1254,0.06748686,fully executed
2025-07-03 09:46:59,Open short,USDT,BCHUSDT,Limit,508.67,508.67,0.19,0.19,96.6473,0.0,0.0,fully executed
2025-07-03 09:46:35,Open short,USDT,BCHUSDT,Limit,509.03,,0.19,0.0,0.0,0.0,0.0,cancelled
2025-07-02 23:49:25,Close short,USDT,BTCUSDT,Limit,103388.0,,0.0018,0.0,0.0,0.0,0.0,cancelled
2025-07-02 23:46:54,Open short,USDT,BTCUSDT,Limit,108439.6,108439.6,0.0018,0.0018,195.19128,0.0,0.0,fully executed
2025-07-02 16:48:35,Close long,USDT,HUSDT,Limit,0.08185,0.08185,604.0,604.0,49.4374,0.28388,0.27399252,fully executed
2025-07-02 16:35:26,Close long,USDT,HUSDT,Limit,0.08282,,604.0,0.0,0.0,0.0,0.0,cancelled
2025-07-02 16:33:43,Open long,USDT,HUSDT,Limit,0.08138,0.08138,604.0,604.0,49.15352,0.0,0.0,fully executed
2025-07-02 13:14:33,Open short,USDT,BTCUSDT,Limit,106330.1,,0.0009,0.0,0.0,0.0,0.0,cancelled
2025-07-02 13:13:39,Open short,USDT,BTCUSDT,Limit,106254.1,,0.0009,0.0,0.0,0.0,0.0,cancelled
2025-07-02 13:13:03,Open short,USDT,BTCUSDT,Limit,106256.4,,0.0009,0.0,0.0,0.0,0.0,cancelled
2025-07-02 13:12:48,Open long,USDT,BTCUSDT,Limit,106265.0,,0.0009,0.0,0.0,0.0,0.0,cancelled
2025-07-02 13:12:02,Open short,USDT,BTCUSDT,Limit,106265.0,,0.0009,0.0,0.0,0.0,0.0,cancelled
2025-06-24 01:27:39,Open long,USDT,ETHUSDT,Limit,2270.78,,0.21,0.0,0.0,0.0,0.0,cancelled
2025-06-24 01:27:29,Close short,USDT,ETHUSDT,Limit,2268.43,2268.43,0.24,0.24,544.4232,-14.320400000001,-14.429284640001,fully executed
2025-06-24 01:25:33,Open long,USDT,ETHUSDT,Limit,2254.71,,0.21,0.0,0.0,0.0,0.0,cancelled
2025-06-24 01:06:24,Close short,USDT,ETHUSDT,Limit edited,2184.9,,0.24,0.0,0.0,0.0,0.0,cancelled
2025-06-24 00:51:49,Open short,USDT,ETHUSDT,Limit,2217.86,2217.86,0.04,0.04,88.7144,0.0,0.0,fully executed
2025-06-24 00:41:09,Open short,USDT,ETHUSDT,Limit,2221.38,2221.38,0.04,0.04,88.8552,0.0,0.0,fully executed
2025-06-24 00:39:32,Open short,USDT,ETHUSDT,Limit,2217.22,2217.22,0.06,0.06,133.0332,0.0,0.0,fully executed
2025-06-24 00:39:27,Open short,USDT,ETHUSDT,Limit,2218.03,,0.06,0.0,0.0,0.0,0.0,cancelled
2025-06-24 00:39:19,Open short,USDT,ETHUSDT,Limit,2215.26,,0.06,0.0,0.0,0.0,0.0,cancelled
2025-06-24 00:37:11,Close short,USDT,ETHUSDT,Limit,2184.9,,0.1,0.0,0.0,0.0,0.0,cancelled
2025-06-24 00:35:15,Open short,USDT,ETHUSDT,Limit,2195.0,2195.0,0.1,0.1,219.5,0.0,0.0,fully executed
2025-06-24 00:35:11,Open short,USDT,ETHUSDT,Limit,2193.93,,0.1,0.0,0.0,0.0,0.0,cancelled
2025-06-23 21:13:15,Close short,USDT,ETHUSDT,Limit,2245.76,2245.76,0.04,0.04,89.8304,0.674,0.65603392,fully executed
2025-06-23 20:46:11,Open short,USDT,ETHUSDT,Limit,2263.61,2263.61,0.02,0.02,45.2722,0.0,0.0,fully executed
2025-06-23 20:42:08,Open short,USDT,ETHUSDT,Limit,2261.61,2261.61,0.02,0.02,45.2322,0.0,0.0,fully executed
2025-06-23 20:42:04,Open short,USDT,ETHUSDT,Limit,2261.66,,0.02,0.0,0.0,0.0,0.0,cancelled
2025-06-23 20:41:59,Open short,USDT,ETHUSDT,Limit,2261.55,,0.02,0.0,0.0,0.0,0.0,cancelled
2025-06-23 14:53:34,Close short,USDT,BTCUSDT,Position SL—market,,101796.3,0.0008,0.0008,81.43704,0.09128,0.042417776,fully executed
2025-06-23 14:36:23,Close short,USDT,BTCUSDT,Limit,101560.1,,0.0008,0.0,0.0,0.0,0.0,cancelled
2025-06-23 14:07:38,Open short,USDT,BTCUSDT,Limit,102047.9,,0.0005,0.0,0.0,0.0,0.0,cancelled
2025-06-23 14:06:30,Open short,USDT,BTCUSDT,Limit,101947.9,101947.9,0.0005,0.0005,50.97395,0.0,0.0,fully executed
2025-06-23 14:05:45,Open short,USDT,BTCUSDT,Limit,101847.9,101847.9,0.0003,0.0003,30.55437,0.0,0.0,fully executed
2025-06-23 00:02:34,Open short,USDT,ETHUSDT,Limit,2174.33,,0.08,0.0,0.0,0.0,0.0,cancelled
2025-06-22 23:21:37,Close short,USDT,BTCUSDT,Limit,99025.8,99025.8,0.0002,0.0002,19.80516,1.11438,1.110418968,fully executed
2025-06-22 22:50:52,Close short,USDT,ETHUSDT,Limit,2201.07,2201.07,0.02,0.02,44.0214,0.057,0.04819572,fully executed
2025-06-22 22:49:04,Close short,USDT,ETHUSDT,Limit,2176.29,,0.02,0.0,0.0,0.0,0.0,cancelled
2025-06-22 22:48:17,Open short,USDT,ETHUSDT,Limit,2203.92,2203.92,0.02,0.02,44.0784,0.0,0.0,fully executed
2025-06-22 22:48:09,Open short,USDT,ETHUSDT,Limit,2201.17,,0.02,0.0,0.0,0.0,0.0,cancelled
2025-06-22 22:48:01,Open short,USDT,ETHUSDT,Limit,2194.58,,0.02,0.0,0.0,0.0,0.0,cancelled
2025-06-22 22:47:28,Open short,USDT,ETHUSDT,Limit,2195.28,,0.02,0.0,0.0,0.0,0.0,cancelled
2025-06-22 22:42:29,Close short,USDT,ETHUSDT,Limit,2177.18,2177.18,0.03,0.03,65.3154,0.159399999999,0.146336919999,fully executed
2025-06-22 22:42:24,Open short,USDT,ETHUSDT,Limit,2198.0,,0.02,0.0,0.0,0.0,0.0,cancelled
2025-06-22 22:41:18,Open short,USDT,ETHUSDT,Limit,2198.0,,0.01,0.0,0.0,0.0,0.0,cancelled
2025-06-22 22:40:35,Open short,USDT,ETHUSDT,Limit,2189.16,2189.16,0.01,0.01,21.8916,0.0,0.0,fully executed
2025-06-22 22:35:17,Close short,USDT,ETHUSDT,Limit,2177.18,,0.02,0.0,0.0,0.0,0.0,cancelled
2025-06-22 22:33:40,Open short,USDT,ETHUSDT,Limit,2189.16,,0.01,0.0,0.0,0.0,0.0,cancelled
2025-06-22 22:31:58,Open short,USDT,ETHUSDT,Limit,2179.16,2179.16,0.02,0.02,43.5832,0.0,0.0,fully executed
2025-06-22 22:30:49,Close short,USDT,ETHUSDT,Position SL—market,,2180.7,0.18,0.18,392.526,1.408799999999,1.173284399999,fully executed
2025-06-22 22:30:46,Close short,USDT,ETHUSDT,Limit,2177.18,,0.18,0.0,0.0,0.0,0.0,cancelled
2025-06-22 21:52:35,Close short,USDT,ETHUSDT,Limit,2127.54,,0.18,0.0,0.0,0.0,0.0,cancelled
2025-06-22 21:46:49,Open short,USDT,ETHUSDT,Limit,2193.02,2193.02,0.02,0.02,43.8604,0.0,0.0,fully executed
2025-06-22 21:46:24,Open short,USDT,ETHUSDT,Limit,2191.18,2191.18,0.04,0.04,87.6472,0.0,0.0,fully executed
2025-06-22 21:46:13,Open short,USDT,ETHUSDT,Limit,2187.86,,0.04,0.0,0.0,0.0,0.0,cancelled
2025-06-22 21:46:07,Open short,USDT,ETHUSDT,Limit,2186.46,,0.04,0.0,0.0,0.0,0.0,cancelled
2025-06-22 21:46:01,Open short,USDT,ETHUSDT,Limit,2184.61,,0.04,0.0,0.0,0.0,0.0,cancelled
2025-06-22 21:44:13,Open short,USDT,ETHUSDT,Limit,2185.24,2185.24,0.04,0.04,87.4096,0.0,0.0,fully executed
2025-06-22 21:44:00,Open short,USDT,ETHUSDT,Limit,2187.39,2187.39,0.04,0.04,87.4956,0.0,0.0,fully executed
2025-06-22 21:43:54,Open short,USDT,ETHUSDT,Limit,2190.67,,0.04,0.0,0.0,0.0,0.0,cancelled
2025-06-22 21:43:50,Open short,USDT,ETHUSDT,Limit,2192.86,,0.04,0.0,0.0,0.0,0.0,cancelled
2025-06-22 21:43:40,Open short,USDT,ETHUSDT,Limit,2189.81,,0.04,0.0,0.0,0.0,0.0,cancelled
2025-06-22 21:43:30,Open short,USDT,ETHUSDT,Limit,2184.33,,0.04,0.0,0.0,0.0,0.0,cancelled
2025-06-22 21:43:23,Open short,USDT,ETHUSDT,Limit,2185.95,,0.04,0.0,0.0,0.0,0.0,cancelled
2025-06-22 21:43:06,Open short,USDT,ETHUSDT,Limit,2183.02,,0.04,0.0,0.0,0.0,0.0,cancelled
2025-06-22 21:43:00,Open short,USDT,ETHUSDT,Limit,2186.95,,0.04,0.0,0.0,0.0,0.0,cancelled
2025-06-22 21:42:48,Open short,USDT,ETHUSDT,Limit,2188.05,2188.05,0.04,0.04,87.522,0.0,0.0,fully executed
2025-06-22 21:42:42,Open short,USDT,ETHUSDT,Limit,2189.82,,0.04,0.0,0.0,0.0,0.0,cancelled
2025-06-22 21:42:18,Open short,USDT,ETHUSDT,Limit,2188.46,,0.12,0.0,0.0,0.0,0.0,cancelled
2025-06-22 10:42:00,Close short,USDT,ETHUSDT,Position SL—market,,2256.4325,0.08,0.08,180.5146,0.0862,-0.02210876,fully executed
2025-06-22 10:41:57,Close short,USDT,ETHUSDT,Limit,2254.99,,0.08,0.0,0.0,0.0,0.0,cancelled
2025-06-22 10:36:00,Open short,USDT,ETHUSDT,Limit,2257.51,2257.51,0.08,0.08,180.6008,0.0,0.0,fully executed
2025-06-22 10:35:55,Open short,USDT,ETHUSDT,Limit,2258.55,,0.08,0.0,0.0,0.0,0.0,cancelled
2025-06-22 10:11:56,Close short,USDT,ETHUSDT,Limit,2265.94,2265.94,0.08,0.08,181.2752,0.216,0.17974496,fully executed
2025-06-22 10:07:28,Open short,USDT,ETHUSDT,Limit,2268.64,2268.64,0.08,0.08,181.4912,0.0,0.0,fully executed
2025-06-21 09:57:21,Close short,USDT,ETHUSDT,Limit,2427.18,2427.18,0.07,0.07,169.9026,-0.028,-0.06198052,fully executed
2025-06-21 09:48:25,Close short,USDT,ETHUSDT,Limit,2410.41,,0.07,0.0,0.0,0.0,0.0,cancelled
2025-06-21 09:46:01,Open short,USDT,ETHUSDT,Limit,2426.78,2426.78,0.07,0.07,169.8746,0.0,0.0,fully executed
2025-06-20 17:07:40,Close long,USDT,ETHUSDT,Position SL—market,,2546.76,0.07,0.07,178.2732,-0.4459,-0.55286392,fully executed
2025-06-20 17:05:30,Close long,USDT,ETHUSDT,Limit edited,2554.24,,0.07,0.0,0.0,0.0,0.0,cancelled
2025-06-20 16:56:08,Close long,USDT,ETHUSDT,Limit,2564.21,,0.07,0.0,0.0,0.0,0.0,cancelled
2025-06-20 16:55:16,Open long,USDT,ETHUSDT,Limit,2553.13,2553.13,0.07,0.07,178.7191,0.0,0.0,fully executed
2025-06-20 16:55:11,Open long,USDT,ETHUSDT,Limit,2553.54,,0.07,0.0,0.0,0.0,0.0,cancelled
2025-06-20 16:55:06,Open long,USDT,ETHUSDT,Limit,2553.25,,0.07,0.0,0.0,0.0,0.0,cancelled
2025-06-20 16:30:31,Close long,USDT,ETHUSDT,Market,,2556.0,0.36,0.36,920.16,-3.0204,-3.572496,fully executed
2025-06-20 16:30:16,Close long,USDT,ETHUSDT,Limit,2559.92,,0.36,0.0,0.0,0.0,0.0,cancelled
2025-06-20 16:18:52,Close long,USDT,ETHUSDT,Limit,2567.75,,0.36,0.0,0.0,0.0,0.0,cancelled
2025-06-20 16:18:10,Close long,USDT,ETHUSDT,Limit,2565.75,,0.36,0.0,0.0,0.0,0.0,cancelled
2025-06-20 16:17:37,Close long,USDT,ETHUSDT,Limit,2564.75,,0.36,0.0,0.0,0.0,0.0,cancelled
2025-06-20 16:17:17,Close long,USDT,ETHUSDT,Limit,2565.42,,0.36,0.0,0.0,0.0,0.0,cancelled
2025-06-20 16:08:14,Close long,USDT,ETHUSDT,Limit,2575.01,,0.36,0.0,0.0,0.0,0.0,cancelled
2025-06-20 16:07:27,Open long,USDT,ETHUSDT,Limit,2564.39,2564.39,0.36,0.36,923.1804,0.0,0.0,fully executed
2025-06-20 16:07:18,Open long,USDT,ETHUSDT,Limit,2563.58,,0.36,0.0,0.0,0.0,0.0,cancelled
2025-06-20 16:07:11,Open long,USDT,ETHUSDT,Limit,2563.47,,0.36,0.0,0.0,0.0,0.0,cancelled
2025-06-20 16:07:02,Open long,USDT,ETHUSDT,Limit,2559.19,,0.36,0.0,0.0,0.0,0.0,cancelled
2025-06-20 16:05:57,Open long,USDT,ETHUSDT,Limit,2559.0,,0.36,0.0,0.0,0.0,0.0,cancelled
2025-06-20 16:05:44,Open long,USDT,ETHUSDT,Limit,2558.86,,0.36,0.0,0.0,0.0,0.0,cancelled
2025-06-20 16:05:34,Open long,USDT,ETHUSDT,Limit,2558.04,,0.36,0.0,0.0,0.0,0.0,cancelled
2025-06-20 16:05:23,Open long,USDT,ETHUSDT,Limit,2558.63,,0.36,0.0,0.0,0.0,0.0,cancelled
2025-06-20 16:01:05,Close short,USDT,ETHUSDT,Limit,2548.82,2548.82,0.24,0.24,611.7168,-2.159600000001,-2.281943360001,fully executed
2025-06-20 16:01:02,Close short,USDT,ETHUSDT,Limit,2548.1,,0.24,0.0,0.0,0.0,0.0,cancelled
2025-06-20 16:00:58,Close short,USDT,ETHUSDT,Limit,2547.89,,0.24,0.0,0.0,0.0,0.0,cancelled
2025-06-20 16:00:54,Close short,USDT,ETHUSDT,Limit,2547.5,,0.24,0.0,0.0,0.0,0.0,cancelled
2025-06-20 16:00:49,Close short,USDT,ETHUSDT,Limit,2547.23,,0.24,0.0,0.0,0.0,0.0,cancelled
2025-06-20 16:00:43,Close short,USDT,ETHUSDT,Limit,2547.03,,0.24,0.0,0.0,0.0,0.0,cancelled
2025-06-20 16:00:39,Close short,USDT,ETHUSDT,Limit,2547.5,,0.24,0.0,0.0,0.0,0.0,cancelled
2025-06-20 16:00:35,Close short,USDT,ETHUSDT,Limit,2547.51,,0.24,0.0,0.0,0.0,0.0,cancelled
2025-06-20 16:00:27,Close short,USDT,ETHUSDT,Limit,2547.52,,0.24,0.0,0.0,0.0,0.0,cancelled
2025-06-20 16:00:22,Close short,USDT,ETHUSDT,Limit,2547.84,,0.24,0.0,0.0,0.0,0.0,cancelled
2025-06-20 15:55:14,Close short,USDT,ETHUSDT,Limit edited,2537.79,,0.24,0.0,0.0,0.0,0.0,cancelled
2025-06-20 15:55:05,Close short,USDT,ETHUSDT,Limit edited,2537.79,,0.17,0.0,0.0,0.0,0.0,cancelled
2025-06-20 15:52:22,Open short,USDT,ETHUSDT,Limit,2547.2,,0.07,0.0,0.0,0.0,0.0,cancelled
2025-06-20 15:51:54,Open short,USDT,ETHUSDT,Limit,2548.12,2548.12,0.07,0.07,178.3684,0.0,0.0,fully executed
2025-06-20 15:46:57,Close short,USDT,ETHUSDT,Limit,2524.23,,0.17,0.0,0.0,0.0,0.0,cancelled
2025-06-20 15:45:51,Open short,USDT,ETHUSDT,Limit,2537.99,2537.99,0.03,0.03,76.1397,0.0,0.0,fully executed
2025-06-20 15:45:16,Open short,USDT,ETHUSDT,Limit,2541.39,,0.03,0.0,0.0,0.0,0.0,cancelled
2025-06-20 15:43:20,Open short,USDT,ETHUSDT,Limit,2538.01,,0.03,0.0,0.0,0.0,0.0,cancelled
2025-06-20 15:41:48,Open short,USDT,ETHUSDT,Limit,2541.39,,0.07,0.0,0.0,0.0,0.0,cancelled
2025-06-20 15:40:05,Open short,USDT,ETHUSDT,Limit,2535.83,2535.83,0.07,0.07,177.5081,0.0,0.0,fully executed
2025-06-20 15:39:57,Open short,USDT,ETHUSDT,Limit,2536.3,2536.3,0.07,0.07,177.541,0.0,0.0,fully executed
2025-06-20 15:39:36,Open short,USDT,ETHUSDT,Limit,2535.63,,0.07,0.0,0.0,0.0,0.0,cancelled
2025-06-20 15:39:29,Open short,USDT,ETHUSDT,Limit,2536.74,,0.07,0.0,0.0,0.0,0.0,cancelled
2025-06-20 15:38:49,Open short,USDT,ETHUSDT,Limit,2539.66,,0.03,0.0,0.0,0.0,0.0,cancelled
2025-06-20 15:38:22,Open short,USDT,ETHUSDT,Limit,2540.46,,0.03,0.0,0.0,0.0,0.0,cancelled
2025-06-20 15:38:16,Open short,USDT,ETHUSDT,Limit,2540.35,,0.03,0.0,0.0,0.0,0.0,cancelled
2025-06-20 15:38:00,Open short,USDT,ETHUSDT,Limit,2539.91,,0.07,0.0,0.0,0.0,0.0,cancelled
2025-06-19 21:26:31,Close short,USDT,ETHUSDT,Limit,2522.99,2522.99,0.16,0.16,403.6784,-0.311400000001,-0.392135680001,fully executed
2025-06-19 20:53:58,Open short,USDT,ETHUSDT,Limit,2521.83,2521.83,0.03,0.03,75.6549,0.0,0.0,fully executed
2025-06-19 20:52:35,Close short,USDT,ETHUSDT,Limit,2513.46,,0.13,0.0,0.0,0.0,0.0,cancelled
2025-06-19 20:51:31,Open short,USDT,ETHUSDT,Limit,2521.49,2521.49,0.07,0.07,176.5043,0.0,0.0,fully executed
2025-06-19 20:51:19,Open short,USDT,ETHUSDT,Limit,2522.19,,0.03,0.0,0.0,0.0,0.0,cancelled
2025-06-19 20:50:49,Open short,USDT,ETHUSDT,Limit,2522.23,,0.03,0.0,0.0,0.0,0.0,cancelled
2025-06-19 20:49:21,Open short,USDT,ETHUSDT,Limit,2521.54,,0.03,0.0,0.0,0.0,0.0,cancelled
2025-06-19 20:47:54,Open short,USDT,ETHUSDT,Limit,2521.22,2521.22,0.03,0.03,75.6366,0.0,0.0,fully executed
2025-06-19 20:47:23,Open short,USDT,ETHUSDT,Limit,2519.04,2519.04,0.03,0.03,75.5712,0.0,0.0,fully executed
2025-06-19 20:47:16,Open short,USDT,ETHUSDT,Limit,2519.05,,0.03,0.0,0.0,0.0,0.0,cancelled
2025-06-19 09:08:13,Close short,USDT,ETHUSDT,Limit,2508.99,2508.99,0.11,0.11,275.9889,0.5181,0.46290222,fully executed
2025-06-19 09:05:23,Open short,USDT,ETHUSDT,Limit,2513.7,2513.7,0.11,0.11,276.507,0.0,0.0,fully executed
2025-06-19 08:55:30,Close short,USDT,ETHUSDT,Limit,2522.4,2522.4,0.07,0.07,176.568,0.805,0.7696864,fully executed
2025-06-19 08:55:14,Close short,USDT,ETHUSDT,Limit,2529.21,,0.07,0.0,0.0,0.0,0.0,cancelled
2025-06-19 08:54:53,Close short,USDT,ETHUSDT,Limit,2522.4,,0.07,0.0,0.0,0.0,0.0,cancelled
2025-06-19 08:51:20,Open short,USDT,ETHUSDT,Limit,2533.9,2533.9,0.07,0.07,177.373,0.0,0.0,fully executed
2025-06-19 08:51:09,Open short,USDT,ETHUSDT,Limit,2534.16,,0.07,0.0,0.0,0.0,0.0,cancelled
2025-06-18 22:49:34,Open short,USDT,ETHUSDT,Limit,2506.42,,0.07,0.0,0.0,0.0,0.0,cancelled
2025-06-18 21:09:20,Close short,USDT,ETHUSDT,Limit,2468.69,2468.69,0.07,0.07,172.8083,1.0094,0.97483834,fully executed
2025-06-18 21:07:48,Open short,USDT,ETHUSDT,Limit,2483.11,2483.11,0.07,0.07,173.8177,0.0,0.0,fully executed
2025-06-18 21:07:42,Open short,USDT,ETHUSDT,Limit,2482.54,,0.07,0.0,0.0,0.0,0.0,cancelled
2025-06-18 14:58:18,Close short,USDT,ETHUSDT,Limit,2523.83,2523.83,0.07,0.07,176.6681,-0.0679,-0.10323362,fully executed
2025-06-18 14:50:42,Open short,USDT,ETHUSDT,Limit,2524.01,,0.03,0.0,0.0,0.0,0.0,cancelled
2025-06-18 14:48:30,Close short,USDT,ETHUSDT,Limit,2516.87,,0.07,0.0,0.0,0.0,0.0,cancelled
2025-06-18 14:46:37,Open short,USDT,ETHUSDT,Limit,2522.86,2522.86,0.07,0.07,176.6002,0.0,0.0,fully executed
2025-06-18 14:46:32,Open short,USDT,ETHUSDT,Limit,2522.34,,0.18,0.0,0.0,0.0,0.0,cancelled
2025-06-18 12:57:44,Open short,USDT,ETHUSDT,Limit,2534.09,,0.07,0.0,0.0,0.0,0.0,cancelled
2025-06-18 12:57:36,Open short,USDT,ETHUSDT,Limit,2534.59,,0.07,0.0,0.0,0.0,0.0,cancelled
2025-06-18 12:57:23,Open short,USDT,ETHUSDT,Limit,2534.1,,0.18,0.0,0.0,0.0,0.0,cancelled
2025-06-18 00:16:41,Close short,USDT,ETHUSDT,Limit,2487.53,2487.53,0.14,0.14,348.2542,0.663899999999,0.594249159999,fully executed
2025-06-18 00:16:37,Close short,USDT,ETHUSDT,Limit,2488.11,,0.14,0.0,0.0,0.0,0.0,cancelled
2025-06-18 00:16:32,Close short,USDT,ETHUSDT,Limit,2486.43,,0.14,0.0,0.0,0.0,0.0,cancelled
2025-06-18 00:16:27,Close short,USDT,ETHUSDT,Limit,2487.42,,0.14,0.0,0.0,0.0,0.0,cancelled
2025-06-18 00:16:23,Close short,USDT,ETHUSDT,Limit,2489.42,,0.14,0.0,0.0,0.0,0.0,cancelled
2025-06-17 23:52:49,Open short,USDT,ETHUSDT,Limit,2500.53,,0.03,0.0,0.0,0.0,0.0,cancelled
2025-06-17 23:50:32,Open short,USDT,ETHUSDT,Limit,2495.91,2495.91,0.03,0.03,74.8773,0.0,0.0,fully executed
2025-06-17 23:50:23,Open short,USDT,ETHUSDT,Limit,2495.59,,0.03,0.0,0.0,0.0,0.0,cancelled
2025-06-17 23:50:00,Open short,USDT,ETHUSDT,Limit,2493.0,,0.07,0.0,0.0,0.0,0.0,cancelled
2025-06-17 23:49:23,Close short,USDT,ETHUSDT,Limit,2480.25,,0.11,0.0,0.0,0.0,0.0,cancelled
2025-06-17 23:49:02,Open short,USDT,ETHUSDT,Limit,2491.28,2491.28,0.11,0.11,274.0408,0.0,0.0,fully executed
2025-06-17 23:48:58,Open short,USDT,ETHUSDT,Limit,2491.02,,0.11,0.0,0.0,0.0,0.0,cancelled
2025-06-17 23:10:10,Open short,USDT,BTCUSDT,Market,,104597.7,0.0002,0.0002,20.91954,0.0,0.0,fully executed
2025-06-17 18:36:26,Close short,USDT,ETHUSDT,Limit,2554.5,2554.5,0.14,0.14,357.63,0.6251,0.553574,fully executed
2025-06-17 18:35:57,Close short,USDT,ETHUSDT,Limit,2551.3,,0.14,0.0,0.0,0.0,0.0,cancelled
2025-06-17 18:20:24,Close short,USDT,ETHUSDT,Limit,2556.63,,0.14,0.0,0.0,0.0,0.0,cancelled
2025-06-17 18:17:43,Open short,USDT,ETHUSDT,Limit,2558.29,2558.29,0.07,0.07,179.0803,0.0,0.0,fully executed
2025-06-17 18:10:48,Open short,USDT,ETHUSDT,Limit,2559.64,2559.64,0.07,0.07,179.1748,0.0,0.0,fully executed
2025-06-17 18:10:41,Open short,USDT,ETHUSDT,Limit,2560.16,,0.07,0.0,0.0,0.0,0.0,cancelled
2025-06-17 18:10:26,Open short,USDT,ETHUSDT,Limit,2557.14,,0.36,0.0,0.0,0.0,0.0,cancelled
2025-06-17 18:10:21,Open short,USDT,ETHUSDT,Limit,2557.14,,0.36,0.0,0.0,0.0,0.0,cancelled
2025-06-17 18:10:17,Open short,USDT,ETHUSDT,Limit,2557.14,,0.36,0.0,0.0,0.0,0.0,cancelled
2025-06-17 18:10:12,Open short,USDT,ETHUSDT,Limit,2557.14,,0.36,0.0,0.0,0.0,0.0,cancelled
2025-06-17 17:41:34,Close short,USDT,ETHUSDT,Limit,2563.95,2563.95,0.07,0.07,179.4765,0.1372,0.1013047,fully executed
2025-06-17 17:41:31,Close short,USDT,ETHUSDT,Limit,2563.88,,0.07,0.0,0.0,0.0,0.0,cancelled
2025-06-17 17:41:18,Close short,USDT,ETHUSDT,Limit,2562.47,,0.07,0.0,0.0,0.0,0.0,cancelled
2025-06-17 17:41:12,Close short,USDT,ETHUSDT,Limit,2562.56,,0.07,0.0,0.0,0.0,0.0,cancelled
2025-06-17 17:40:04,Close short,USDT,ETHUSDT,Limit,2564.42,,0.07,0.0,0.0,0.0,0.0,cancelled
2025-06-17 17:39:57,Close short,USDT,ETHUSDT,Limit,2564.42,,0.07,0.0,0.0,0.0,0.0,cancelled
2025-06-17 17:39:41,Close short,USDT,ETHUSDT,Limit,2564.99,,0.07,0.0,0.0,0.0,0.0,cancelled
2025-06-17 17:37:16,Close short,USDT,ETHUSDT,Limit,2564.63,,0.07,0.0,0.0,0.0,0.0,cancelled
2025-06-17 17:36:35,Close short,USDT,ETHUSDT,Limit,2563.48,,0.07,0.0,0.0,0.0,0.0,cancelled
2025-06-17 17:32:37,Open short,USDT,ETHUSDT,Limit,2571.71,,0.07,0.0,0.0,0.0,0.0,cancelled
2025-06-17 17:32:31,Open short,USDT,ETHUSDT,Limit,2571.47,,0.07,0.0,0.0,0.0,0.0,cancelled
2025-06-17 17:12:52,Open short,USDT,ETHUSDT,Limit,2565.91,2565.91,0.07,0.07,179.6137,0.0,0.0,fully executed
2025-06-17 17:12:48,Open short,USDT,ETHUSDT,Limit,2565.82,,0.07,0.0,0.0,0.0,0.0,cancelled
2025-06-17 17:12:43,Open short,USDT,ETHUSDT,Limit,2566.16,,0.07,0.0,0.0,0.0,0.0,cancelled
2025-06-17 17:12:34,Open short,USDT,ETHUSDT,Limit,2567.22,,0.07,0.0,0.0,0.0,0.0,cancelled
2025-06-17 17:11:26,Open short,USDT,ETHUSDT,Limit,2567.95,,0.21,0.0,0.0,0.0,0.0,cancelled
2025-06-17 12:20:27,Close long,USDT,ETHUSDT,Market,,2594.123333333333,0.18,0.18,466.9422,-2.6976,-2.97776532,fully executed
2025-06-17 12:20:18,Close long,USDT,ETHUSDT,Limit,2599.64,,0.18,0.0,0.0,0.0,0.0,cancelled
2025-06-17 12:20:07,Close long,USDT,ETHUSDT,Limit,2600.18,,0.18,0.0,0.0,0.0,0.0,cancelled
2025-06-17 11:08:28,Open long,USDT,ETHUSDT,Limit,2609.11,2609.11,0.18,0.18,469.6398,0.0,0.0,fully executed
2025-06-17 08:36:15,Close long,USDT,ETHUSDT,Limit,2570.0,2570.0,0.03,0.03,77.1,0.024,0.00858,fully executed
2025-06-17 08:30:56,Open long,USDT,ETHUSDT,Limit,2569.2,2569.2,0.03,0.03,77.076,0.0,0.0,fully executed
2025-06-17 08:30:51,Open long,USDT,ETHUSDT,Limit,2567.66,,0.03,0.0,0.0,0.0,0.0,cancelled
2025-06-17 08:30:38,Open long,USDT,ETHUSDT,Limit,2567.36,,0.03,0.0,0.0,0.0,0.0,cancelled
2025-06-17 08:30:34,Open long,USDT,ETHUSDT,Limit,2567.0,,0.03,0.0,0.0,0.0,0.0,cancelled
2025-06-17 08:30:29,Open long,USDT,ETHUSDT,Limit,2568.09,,0.03,0.0,0.0,0.0,0.0,cancelled
2025-06-17 08:30:17,Open long,USDT,ETHUSDT,Limit,2570.53,,0.1,0.0,0.0,0.0,0.0,cancelled
2025-06-17 08:10:03,Close short,USDT,ETHUSDT,Limit,2529.7,2529.7,0.39,0.39,986.583,0.581999999999,0.384683399999,fully executed
2025-06-17 08:01:19,Open short,USDT,ETHUSDT,Limit,2530.93,2530.93,0.36,0.36,911.1348,0.0,0.0,fully executed
2025-06-17 08:00:49,Open short,USDT,ETHUSDT,Limit,2534.34,2534.34,0.03,0.03,76.0302,0.0,0.0,fully executed
2025-06-17 08:00:33,Open short,USDT,ETHUSDT,Limit,2537.89,,0.03,0.0,0.0,0.0,0.0,cancelled
2025-06-17 08:00:29,Open short,USDT,ETHUSDT,Limit,2537.57,,0.03,0.0,0.0,0.0,0.0,cancelled
2025-06-17 08:00:25,Open short,USDT,ETHUSDT,Limit,2537.51,,0.03,0.0,0.0,0.0,0.0,cancelled
2025-06-16 20:03:10,Close long,USDT,ETHUSDT,Limit,2608.86,2608.86,0.1,0.1,260.886,-1.003,-1.0551772,fully executed
2025-06-16 20:03:06,Close long,USDT,ETHUSDT,Limit,2608.44,,0.1,0.0,0.0,0.0,0.0,cancelled
2025-06-16 20:02:57,Close long,USDT,ETHUSDT,Limit,2610.05,,0.1,0.0,0.0,0.0,0.0,cancelled
2025-06-16 20:02:51,Close long,USDT,ETHUSDT,Limit,2611.53,,0.1,0.0,0.0,0.0,0.0,cancelled
2025-06-16 19:56:06,Open long,USDT,ETHUSDT,Limit,2618.89,2618.89,0.1,0.1,261.889,0.0,0.0,fully executed
2025-06-16 19:55:56,Open long,USDT,ETHUSDT,Limit,2617.64,,0.1,0.0,0.0,0.0,0.0,cancelled
2025-06-16 19:53:01,Open long,USDT,ETHUSDT,Limit,2617.16,,0.1,0.0,0.0,0.0,0.0,cancelled
2025-06-16 19:47:23,Close short,USDT,ETHUSDT,Limit,2618.62,2618.62,0.05,0.05,130.931,-0.8792,-0.9053862,fully executed
2025-06-16 19:47:18,Close short,USDT,ETHUSDT,Limit,2617.6,,0.05,0.0,0.0,0.0,0.0,cancelled
2025-06-16 19:47:14,Close short,USDT,ETHUSDT,Limit,2616.44,,0.05,0.0,0.0,0.0,0.0,cancelled
2025-06-16 19:47:08,Close short,USDT,ETHUSDT,Limit,2615.8,,0.05,0.0,0.0,0.0,0.0,cancelled
2025-06-16 19:47:03,Close short,USDT,ETHUSDT,Limit,2615.28,,0.05,0.0,0.0,0.0,0.0,cancelled
2025-06-16 19:46:55,Close short,USDT,ETHUSDT,Limit,2615.06,,0.05,0.0,0.0,0.0,0.0,cancelled
2025-06-16 19:46:49,Close short,USDT,ETHUSDT,Limit,2614.49,,0.05,0.0,0.0,0.0,0.0,cancelled
2025-06-16 19:46:39,Close short,USDT,ETHUSDT,Limit,2613.99,,0.05,0.0,0.0,0.0,0.0,cancelled
2025-06-16 19:46:17,Close short,USDT,ETHUSDT,Limit,2613.35,,0.05,0.0,0.0,0.0,0.0,cancelled
2025-06-16 19:46:14,Close short,USDT,ETHUSDT,Limit,2613.45,,0.05,0.0,0.0,0.0,0.0,cancelled
2025-06-16 19:41:03,Close short,USDT,ETHUSDT,Limit,2611.47,,0.05,0.0,0.0,0.0,0.0,cancelled
2025-06-16 19:40:59,Close short,USDT,ETHUSDT,Limit,2612.11,,0.05,0.0,0.0,0.0,0.0,cancelled
2025-06-16 19:37:48,Open short,USDT,ETHUSDT,Limit,2611.6,2611.6,0.01,0.01,26.116,0.0,0.0,fully executed
2025-06-16 19:36:00,Open short,USDT,ETHUSDT,Limit,2611.22,,0.01,0.0,0.0,0.0,0.0,cancelled
2025-06-16 19:35:56,Open short,USDT,ETHUSDT,Limit,2610.74,,0.01,0.0,0.0,0.0,0.0,cancelled
2025-06-16 19:35:43,Open short,USDT,ETHUSDT,Limit,2610.35,,0.01,0.0,0.0,0.0,0.0,cancelled
2025-06-16 19:35:27,Open short,USDT,ETHUSDT,Limit,2609.93,2609.93,0.01,0.01,26.0993,0.0,0.0,fully executed
2025-06-16 19:35:21,Open short,USDT,ETHUSDT,Limit,2609.43,,0.01,0.0,0.0,0.0,0.0,cancelled
2025-06-16 19:25:41,Open short,USDT,ETHUSDT,Limit,2594.55,2594.55,0.03,0.03,77.8365,0.0,0.0,fully executed
2025-06-16 09:16:11,Close short,USDT,ETHUSDT,Limit,2519.42,2519.42,0.11,0.11,277.1362,0.5016,0.44617276,fully executed
2025-06-16 09:14:01,Open short,USDT,ETHUSDT,Limit,2523.98,2523.98,0.11,0.11,277.6378,0.0,0.0,fully executed
2025-06-15 22:21:52,Close short,USDT,ETHUSDT,Limit,2538.18,2538.18,0.07,0.07,177.6726,0.0315,-0.00403452,fully executed
2025-06-15 22:21:46,Close short,USDT,ETHUSDT,Limit,2538.21,,0.07,0.0,0.0,0.0,0.0,cancelled
2025-06-15 22:19:38,Close short,USDT,ETHUSDT,Limit,2537.14,,0.07,0.0,0.0,0.0,0.0,cancelled
2025-06-15 22:17:58,Open short,USDT,ETHUSDT,Limit,2538.63,2538.63,0.07,0.07,177.7041,0.0,0.0,fully executed
2025-06-15 22:17:15,Open short,USDT,ETHUSDT,Limit,2539.85,,0.11,0.0,0.0,0.0,0.0,cancelled
2025-06-15 17:34:32,Close short,USDT,ETHUSDT,Limit,2510.46,2510.46,0.21,0.21,527.1966,0.231699999999,0.126260679999,fully executed
2025-06-15 17:31:40,Close short,USDT,ETHUSDT,Limit,2498.5,,0.21,0.0,0.0,0.0,0.0,cancelled
2025-06-15 17:20:35,Open short,USDT,ETHUSDT,Limit,2510.75,2510.75,0.14,0.14,351.505,0.0,0.0,fully executed
2025-06-15 17:20:30,Open short,USDT,ETHUSDT,Limit,2510.33,,0.14,0.0,0.0,0.0,0.0,cancelled
2025-06-15 17:16:11,Open short,USDT,ETHUSDT,Limit,2513.19,2513.19,0.07,0.07,175.9233,0.0,0.0,fully executed
2025-06-13 22:55:53,Close short,USDT,ETHUSDT,Limit,2537.1,2537.1,0.4,0.4,1014.84,-9.402300000001,-9.605268000001,fully executed
2025-06-13 22:55:49,Close short,USDT,ETHUSDT,Limit,2537.11,,0.4,0.0,0.0,0.0,0.0,cancelled
2025-06-13 22:55:46,Close short,USDT,ETHUSDT,Limit,2537.09,,0.4,0.0,0.0,0.0,0.0,cancelled
2025-06-13 22:55:40,Close short,USDT,ETHUSDT,Limit,2536.38,,0.4,0.0,0.0,0.0,0.0,cancelled
2025-06-13 22:55:26,Close short,USDT,ETHUSDT,Limit,2533.45,,0.4,0.0,0.0,0.0,0.0,cancelled
2025-06-13 22:55:21,Close short,USDT,ETHUSDT,Limit,2534.22,,0.4,0.0,0.0,0.0,0.0,cancelled
2025-06-13 22:55:17,Close short,USDT,ETHUSDT,Limit,2533.73,,0.4,0.0,0.0,0.0,0.0,cancelled
2025-06-13 22:55:10,Close short,USDT,ETHUSDT,Limit,2534.28,,0.4,0.0,0.0,0.0,0.0,cancelled
2025-06-13 22:39:46,Open short,USDT,ETHUSDT,Limit,2523.29,2523.29,0.11,0.11,277.5619,0.0,0.0,fully executed
2025-06-13 22:26:38,Open short,USDT,ETHUSDT,Limit,2513.45,,0.07,0.0,0.0,0.0,0.0,cancelled
2025-06-13 22:25:10,Open short,USDT,ETHUSDT,Limit,2507.49,,0.07,0.0,0.0,0.0,0.0,cancelled
2025-06-13 22:24:20,Open short,USDT,ETHUSDT,Limit,2506.72,2506.72,0.11,0.11,275.7392,0.0,0.0,fully executed
2025-06-13 22:23:28,Open short,USDT,ETHUSDT,Limit,2509.06,,0.07,0.0,0.0,0.0,0.0,cancelled
2025-06-13 22:23:15,Open short,USDT,ETHUSDT,Limit,2514.18,2514.18,0.07,0.07,175.9926,0.0,0.0,fully executed
2025-06-13 22:22:44,Open short,USDT,ETHUSDT,Limit,2510.4,2510.4,0.11,0.11,276.144,0.0,0.0,fully executed
2025-06-13 22:21:44,Close short,USDT,ETHUSDT,Limit,2517.88,2517.88,0.07,0.07,176.2516,0.1533,0.11804968,fully executed
2025-06-13 22:20:49,Open short,USDT,ETHUSDT,Limit,2520.07,2520.07,0.07,0.07,176.4049,0.0,0.0,fully executed
2025-06-13 22:20:45,Open short,USDT,ETHUSDT,Limit,2520.19,,0.07,0.0,0.0,0.0,0.0,cancelled
2025-06-13 22:20:40,Open short,USDT,ETHUSDT,Limit,2520.31,,0.07,0.0,0.0,0.0,0.0,cancelled
2025-06-13 22:19:59,Close short,USDT,ETHUSDT,Limit,2524.59,2524.59,0.12,0.12,302.9508,0.243499999999,0.182909839999,fully executed
2025-06-13 22:15:49,Close short,USDT,ETHUSDT,Limit,2511.21,,0.12,0.0,0.0,0.0,0.0,cancelled
2025-06-13 22:14:53,Open short,USDT,ETHUSDT,Limit,2528.44,2528.44,0.07,0.07,176.9908,0.0,0.0,fully executed
2025-06-13 22:14:41,Open short,USDT,ETHUSDT,Limit,2530.62,,0.11,0.0,0.0,0.0,0.0,cancelled
2025-06-13 22:14:38,Open short,USDT,ETHUSDT,Limit,2530.69,,0.11,0.0,0.0,0.0,0.0,cancelled
2025-06-13 22:14:32,Open short,USDT,ETHUSDT,Limit,2529.59,,0.11,0.0,0.0,0.0,0.0,cancelled
2025-06-13 22:10:59,Open short,USDT,ETHUSDT,Limit,2524.07,2524.07,0.05,0.05,126.2035,0.0,0.0,fully executed
2025-06-13 22:10:48,Open short,USDT,ETHUSDT,Limit,2526.97,,0.03,0.0,0.0,0.0,0.0,cancelled
2025-06-13 22:10:23,Close short,USDT,ETHUSDT,Limit,2528.43,2528.43,0.02,0.02,50.5686,-0.0282,-0.03831372,fully executed
2025-06-13 22:10:18,Close short,USDT,ETHUSDT,Limit,2528.45,,0.02,0.0,0.0,0.0,0.0,cancelled
2025-06-13 22:10:10,Close short,USDT,ETHUSDT,Limit,2528.43,,0.02,0.0,0.0,0.0,0.0,cancelled
2025-06-13 22:09:15,Open short,USDT,ETHUSDT,Limit,2527.02,2527.02,0.02,0.02,50.5404,0.0,0.0,fully executed
2025-06-13 17:56:18,Close short,USDT,ETHUSDT,Limit,2521.8,2521.8,0.25,0.25,630.45,-3.134400000001,-3.260490000001,fully executed
2025-06-13 17:56:02,Close short,USDT,ETHUSDT,Limit,2518.39,,0.25,0.0,0.0,0.0,0.0,cancelled
2025-06-13 17:51:07,Close short,USDT,ETHUSDT,Limit,2508.21,,0.25,0.0,0.0,0.0,0.0,cancelled
2025-06-13 17:50:06,Close short,USDT,ETHUSDT,Limit,2507.31,,0.25,0.0,0.0,0.0,0.0,cancelled
2025-06-13 17:36:52,Close short,USDT,ETHUSDT,Limit edited,2505.31,,0.25,0.0,0.0,0.0,0.0,cancelled
2025-06-13 17:35:48,Close short,USDT,ETHUSDT,Limit edited,2503.31,,0.25,0.0,0.0,0.0,0.0,cancelled
2025-06-13 17:34:50,Close short,USDT,ETHUSDT,Limit,2504.31,,0.25,0.0,0.0,0.0,0.0,cancelled
2025-06-13 17:33:30,Open short,USDT,ETHUSDT,Limit,2508.9,2508.9,0.07,0.07,175.623,0.0,0.0,fully executed
2025-06-13 17:28:30,Open short,USDT,ETHUSDT,Limit,2512.19,2512.19,0.07,0.07,175.8533,0.0,0.0,fully executed
2025-06-13 17:26:16,Open short,USDT,ETHUSDT,Limit,2507.63,2507.63,0.11,0.11,275.8393,0.0,0.0,fully executed
2025-06-13 17:09:42,Close short,USDT,ETHUSDT,Limit,2520.17,2520.17,0.07,0.07,176.4119,-0.2548,-0.29008238,fully executed
2025-06-13 17:08:52,Close short,USDT,ETHUSDT,Limit,2520.54,,0.07,0.0,0.0,0.0,0.0,cancelled
2025-06-13 17:01:01,Open short,USDT,ETHUSDT,Limit,2516.53,2516.53,0.07,0.07,176.1571,0.0,0.0,fully executed
2025-06-13 17:00:42,Open short,USDT,ETHUSDT,Limit,2517.34,,0.07,0.0,0.0,0.0,0.0,cancelled
2025-06-13 12:17:01,Close short,USDT,ETHUSDT,Limit,2495.81,2495.81,0.18,0.18,449.2458,0.657,0.56715084,fully executed
2025-06-13 12:16:46,Close short,USDT,ETHUSDT,Limit,2494.95,,0.18,0.0,0.0,0.0,0.0,cancelled
2025-06-13 12:16:38,Close short,USDT,ETHUSDT,Limit,2494.15,,0.18,0.0,0.0,0.0,0.0,cancelled
2025-06-13 12:16:34,Close short,USDT,ETHUSDT,Limit,2495.17,,0.18,0.0,0.0,0.0,0.0,cancelled
2025-06-13 12:08:24,Open short,USDT,ETHUSDT,Limit,2499.46,2499.46,0.18,0.18,449.9028,0.0,0.0,fully executed
2025-06-13 12:02:57,Open short,USDT,ETHUSDT,Limit,2503.63,,0.18,0.0,0.0,0.0,0.0,cancelled
2025-06-13 12:02:05,Open short,USDT,ETHUSDT,Limit,2510.44,,0.18,0.0,0.0,0.0,0.0,cancelled
2025-06-13 12:01:59,Open short,USDT,ETHUSDT,Limit,2510.7,,0.18,0.0,0.0,0.0,0.0,cancelled
2025-06-13 12:01:54,Open long,USDT,ETHUSDT,Limit,2510.86,,0.18,0.0,0.0,0.0,0.0,cancelled
2025-06-13 10:56:18,Close short,USDT,ETHUSDT,Limit,2462.8,2462.8,0.11,0.11,270.908,0.6853,0.6311184,fully executed
2025-06-13 10:55:51,Close short,USDT,ETHUSDT,Limit,2460.95,,0.11,0.0,0.0,0.0,0.0,cancelled
2025-06-13 10:48:14,Open short,USDT,ETHUSDT,Limit,2469.03,2469.03,0.11,0.11,271.5933,0.0,0.0,fully executed
2025-06-13 10:42:08,Close short,USDT,ETHUSDT,Limit,2463.7,2463.7,0.36,0.36,886.932,11.2284,11.0510136,fully executed
2025-06-13 10:42:01,Close short,USDT,ETHUSDT,Limit,2464.75,,0.36,0.0,0.0,0.0,0.0,cancelled
2025-06-13 10:41:35,Close short,USDT,ETHUSDT,Limit,2469.26,,0.36,0.0,0.0,0.0,0.0,cancelled
2025-06-13 10:31:56,Close short,USDT,ETHUSDT,Limit,2487.11,,0.36,0.0,0.0,0.0,0.0,cancelled
2025-06-13 10:31:46,Close short,USDT,ETHUSDT,Limit,2487.11,,0.36,0.0,0.0,0.0,0.0,cancelled
2025-06-13 10:16:28,Close short,USDT,ETHUSDT,Limit,2483.0,,0.36,0.0,0.0,0.0,0.0,cancelled
2025-06-13 10:06:55,Close short,USDT,ETHUSDT,Limit,2481.0,,0.36,0.0,0.0,0.0,0.0,cancelled
2025-06-13 09:57:22,Open short,USDT,ETHUSDT,Limit,2510.0,,0.18,0.0,0.0,0.0,0.0,cancelled
2025-06-13 09:56:47,Open short,USDT,ETHUSDT,Limit,2500.0,2500.0,0.18,0.18,450.0,0.0,0.0,fully executed
2025-06-13 09:56:30,Open short,USDT,ETHUSDT,Limit,2499.24,,0.18,0.0,0.0,0.0,0.0,cancelled
2025-06-13 09:52:15,Close short,USDT,ETHUSDT,Limit,2481.0,,0.18,0.0,0.0,0.0,0.0,cancelled
2025-06-13 09:51:52,Open short,USDT,ETHUSDT,Limit,2489.78,2489.78,0.18,0.18,448.1604,0.0,0.0,fully executed
2025-06-13 09:49:01,Close short,USDT,ETHUSDT,Limit,2496.61,2496.61,0.03,0.03,74.8983,0.1551,0.14012034,fully executed
2025-06-13 09:48:56,Close short,USDT,ETHUSDT,Limit,2499.0,,0.03,0.0,0.0,0.0,0.0,cancelled
2025-06-13 09:47:13,Open short,USDT,ETHUSDT,Limit,2501.78,2501.78,0.03,0.03,75.0534,0.0,0.0,fully executed
2025-06-13 09:47:04,Open short,USDT,ETHUSDT,Limit,2501.75,,0.03,0.0,0.0,0.0,0.0,cancelled
2025-06-13 09:46:58,Open short,USDT,ETHUSDT,Limit,2502.61,,0.03,0.0,0.0,0.0,0.0,cancelled
2025-06-13 09:46:50,Open short,USDT,ETHUSDT,Limit,2502.88,,0.03,0.0,0.0,0.0,0.0,cancelled
2025-06-13 09:46:37,Open short,USDT,ETHUSDT,Limit,2505.89,,0.03,0.0,0.0,0.0,0.0,cancelled
2025-06-13 09:41:28,Open short,USDT,ETHUSDT,Limit,2475.67,,0.03,0.0,0.0,0.0,0.0,cancelled
2025-06-13 09:35:05,Close short,USDT,ETHUSDT,Limit,2479.0,2479.0,0.11,0.11,272.69,0.2101,0.155562,fully executed
2025-06-13 09:31:55,Open short,USDT,ETHUSDT,Limit,2480.91,2480.91,0.11,0.11,272.9001,0.0,0.0,fully executed
2025-06-13 09:31:30,Open short,USDT,ETHUSDT,Limit,2482.81,,0.18,0.0,0.0,0.0,0.0,cancelled
2025-06-13 09:30:34,Close short,USDT,ETHUSDT,Limit,2488.66,2488.66,0.09,0.09,223.9794,0.4392,0.39440412,fully executed
2025-06-13 09:30:15,Open short,USDT,ETHUSDT,Limit,2488.41,,0.09,0.0,0.0,0.0,0.0,cancelled
2025-06-13 09:23:36,Open short,USDT,ETHUSDT,Limit,2493.54,2493.54,0.09,0.09,224.4186,0.0,0.0,fully executed
2025-06-13 09:23:19,Open short,USDT,ETHUSDT,Limit,2489.09,,0.09,0.0,0.0,0.0,0.0,cancelled
2025-06-13 09:20:05,Close short,USDT,ETHUSDT,Limit,2495.56,2495.56,0.27,0.27,673.8012,6.005699999999,5.870939759999,fully executed
2025-06-13 08:55:42,Open short,USDT,ETHUSDT,Limit,2523.45,2523.45,0.09,0.09,227.1105,0.0,0.0,fully executed
2025-06-13 08:53:17,Open short,USDT,ETHUSDT,Limit,2511.77,2511.77,0.09,0.09,226.0593,0.0,0.0,fully executed
2025-06-13 08:52:56,Open short,USDT,ETHUSDT,Limit,2509.79,,0.19,0.0,0.0,0.0,0.0,cancelled
2025-06-13 08:51:41,Open short,USDT,ETHUSDT,Limit,2518.19,2518.19,0.09,0.09,226.6371,0.0,0.0,fully executed
2025-06-13 08:51:37,Open short,USDT,ETHUSDT,Limit,2517.47,,0.09,0.0,0.0,0.0,0.0,cancelled
2025-06-13 08:51:26,Open short,USDT,ETHUSDT,Limit,2519.14,,0.09,0.0,0.0,0.0,0.0,cancelled
2025-06-13 08:50:55,Open short,USDT,ETHUSDT,Limit,2519.78,,0.09,0.0,0.0,0.0,0.0,cancelled
2025-06-13 08:50:49,Open short,USDT,ETHUSDT,Limit,2519.32,,0.38,0.0,0.0,0.0,0.0,cancelled
2025-06-12 23:50:23,Close long,USDT,ETHUSDT,Limit,2734.64,2734.64,0.25,0.25,683.66,-8.2237,-8.360432,fully executed
2025-06-12 23:50:13,Close long,USDT,ETHUSDT,Limit,2734.49,,0.25,0.0,0.0,0.0,0.0,cancelled
2025-06-12 23:50:07,Close long,USDT,ETHUSDT,Limit,2735.12,,0.25,0.0,0.0,0.0,0.0,cancelled
2025-06-12 23:26:42,Close long,USDT,ETHUSDT,Limit edited,2787.0,,0.25,0.0,0.0,0.0,0.0,cancelled
2025-06-12 22:40:19,Close long,USDT,ETHUSDT,Limit,2788.0,,0.25,0.0,0.0,0.0,0.0,cancelled
2025-06-12 22:38:47,Open long,USDT,ETHUSDT,Limit,2765.93,2765.93,0.08,0.08,221.2744,0.0,0.0,fully executed
2025-06-12 22:37:41,Open long,USDT,ETHUSDT,Limit,2768.29,2768.29,0.17,0.17,470.6093,0.0,0.0,fully executed
2025-06-12 22:37:30,Open long,USDT,ETHUSDT,Limit,2766.58,,0.17,0.0,0.0,0.0,0.0,cancelled
2025-06-12 22:22:23,Open long,USDT,ETHUSDT,Limit,2760.63,,0.08,0.0,0.0,0.0,0.0,cancelled
2025-06-12 22:21:06,Open long,USDT,ETHUSDT,Limit,2758.61,,0.08,0.0,0.0,0.0,0.0,cancelled
2025-06-12 17:06:59,Close long,USDT,ETHUSDT,Limit,2754.76,2754.76,0.07,0.07,192.8332,0.4375,0.39893336,fully executed
2025-06-12 16:40:23,Close long,USDT,ETHUSDT,Limit,2747.1,,0.07,0.0,0.0,0.0,0.0,cancelled
2025-06-12 16:17:55,Open long,USDT,ETHUSDT,Limit,2748.51,2748.51,0.07,0.07,192.3957,0.0,0.0,fully executed
2025-06-12 16:16:34,Open long,USDT,ETHUSDT,Limit,2750.29,,0.17,0.0,0.0,0.0,0.0,cancelled
2025-06-12 16:16:23,Open long,USDT,ETHUSDT,Limit,2749.36,,0.17,0.0,0.0,0.0,0.0,cancelled
2025-06-12 16:16:17,Open long,USDT,ETHUSDT,Limit,2748.91,,0.17,0.0,0.0,0.0,0.0,cancelled
2025-06-12 16:14:43,Close short,USDT,ETHUSDT,Limit,2748.3,2748.3,0.17,0.17,467.211,-2.1216,-2.2150422,fully executed
2025-06-12 16:09:49,Open short,USDT,ETHUSDT,Limit,2735.82,2735.82,0.17,0.17,465.0894,0.0,0.0,fully executed
2025-06-10 10:14:57,Close short,USDT,ETHUSDT,Limit,2688.61,2688.61,0.17,0.17,457.0637,0.2635,0.17208726,fully executed
2025-06-10 10:13:54,Close short,USDT,ETHUSDT,Limit,2687.74,,0.17,0.0,0.0,0.0,0.0,cancelled
2025-06-10 10:13:41,Close short,USDT,ETHUSDT,Limit,2686.83,,0.17,0.0,0.0,0.0,0.0,cancelled
2025-06-10 10:12:41,Close short,USDT,ETHUSDT,Limit,2676.0,,0.17,0.0,0.0,0.0,0.0,cancelled
2025-06-10 10:12:04,Close short,USDT,ETHUSDT,Limit,2684.99,,0.17,0.0,0.0,0.0,0.0,cancelled
2025-06-10 10:11:59,Close short,USDT,ETHUSDT,Limit,2684.99,,0.17,0.0,0.0,0.0,0.0,cancelled
2025-06-10 10:08:22,Close short,USDT,ETHUSDT,Limit,2676.0,,0.17,0.0,0.0,0.0,0.0,cancelled
2025-06-10 10:07:33,Open short,USDT,ETHUSDT,Limit,2690.16,2690.16,0.17,0.17,457.3272,0.0,0.0,fully executed
2025-06-10 10:06:48,Open short,USDT,ETHUSDT,Limit,2691.88,,0.17,0.0,0.0,0.0,0.0,cancelled
2025-06-10 10:06:39,Open short,USDT,ETHUSDT,Limit,2693.49,,0.17,0.0,0.0,0.0,0.0,cancelled
2025-06-07 14:22:55,Close long,USDT,MOODENGUSDT,Limit,0.21184,0.21184,233.0,233.0,49.35872,0.3029,0.293028256,fully executed
2025-06-07 14:21:28,Close long,USDT,MOODENGUSDT,Limit,0.21157,,233.0,0.0,0.0,0.0,0.0,cancelled
2025-06-07 12:57:22,Open long,USDT,MOODENGUSDT,Limit,0.21054,0.21054,233.0,233.0,49.05582,0.0,0.0,fully executed
2025-06-04 21:19:15,Close short,USDT,BTCUSDT,Limit,104904.0,104904.0,0.0007,0.0007,73.4328,1.1172,1.10251344,fully executed
2025-06-03 23:35:26,Close short,USDT,BTCUSDT,Limit edited,103549.6,,0.0007,0.0,0.0,0.0,0.0,cancelled
2025-06-03 23:27:53,Close short,USDT,BTCUSDT,Limit edited,103499.9,,0.0007,0.0,0.0,0.0,0.0,cancelled
2025-06-03 23:26:10,Close short,USDT,BTCUSDT,Limit,103500.0,,0.0007,0.0,0.0,0.0,0.0,cancelled
2025-06-03 23:25:48,Close short,USDT,BTCUSDT,Limit,103500.0,,0.0007,0.0,0.0,0.0,0.0,cancelled
2025-06-03 23:25:26,Close short,USDT,BTCUSDT,Limit,103500.0,,0.0007,0.0,0.0,0.0,0.0,cancelled
2025-06-03 23:22:33,Close short,USDT,BTCUSDT,Limit,111705.9,,0.0007,0.0,0.0,0.0,0.0,cancelled
2025-06-03 23:22:21,Close short,USDT,BTCUSDT,Limit,111675.7,,0.0007,0.0,0.0,0.0,0.0,cancelled
2025-06-03 23:21:31,Close short,USDT,BTCUSDT,Limit,111660.5,,0.0007,0.0,0.0,0.0,0.0,cancelled
2025-06-03 23:21:24,Close short,USDT,BTCUSDT,Limit,111657.2,,0.0007,0.0,0.0,0.0,0.0,cancelled
2025-06-03 23:21:17,Close short,USDT,BTCUSDT,Limit,111646.3,,0.0007,0.0,0.0,0.0,0.0,cancelled
2025-06-03 23:21:10,Close short,USDT,BTCUSDT,Limit,111632.6,,0.0007,0.0,0.0,0.0,0.0,cancelled
2025-06-03 23:21:04,Close short,USDT,BTCUSDT,Limit,111632.6,,0.0007,0.0,0.0,0.0,0.0,cancelled
2025-06-03 23:20:53,Close short,USDT,BTCUSDT,Limit,111635.0,,0.0007,0.0,0.0,0.0,0.0,cancelled
2025-06-03 23:19:05,Open short,USDT,BTCUSDT,Limit,106500.0,106500.0,0.0007,0.0007,74.55,0.0,0.0,fully executed
2025-06-03 23:18:39,Open short,USDT,BTCUSDT,Limit,106500.1,,0.0004,0.0,0.0,0.0,0.0,cancelled
2025-06-03 12:33:22,Close short,USDT,ETHUSDT,Market,,2592.2,0.18,0.18,466.596,0.4284,0.1484424,fully executed
2025-06-03 11:13:23,Close short,USDT,ETHUSDT,Limit,2587.0,,0.18,0.0,0.0,0.0,0.0,cancelled
2025-06-03 11:12:38,Open short,USDT,ETHUSDT,Limit,2594.58,2594.58,0.18,0.18,467.0244,0.0,0.0,fully executed
2025-06-02 19:34:32,Open short,USDT,MOODENGUSDT,Limit,0.18911,,260.0,0.0,0.0,0.0,0.0,cancelled
2025-06-02 19:12:36,Close short,USDT,MOODENGUSDT,Position SL—market,,0.19107,1569.0,1569.0,299.78883,-4.842840001791,-5.022713299791,fully executed
2025-06-02 19:06:37,Open short,USDT,MOODENGUSDT,Limit,0.18953,0.18953,259.0,259.0,49.08827,0.0,0.0,fully executed
2025-06-02 19:06:14,Open short,USDT,MOODENGUSDT,Limit,0.18985,,259.0,0.0,0.0,0.0,0.0,cancelled
2025-06-02 18:50:08,Open short,USDT,MOODENGUSDT,Limit edited,0.1904,0.1904,258.0,258.0,49.1232,0.0,0.0,fully executed
2025-06-02 18:48:08,Open short,USDT,MOODENGUSDT,Limit edited,0.19045,,258.0,0.0,0.0,0.0,0.0,cancelled
2025-06-02 18:43:02,Open short,USDT,MOODENGUSDT,Limit edited,0.19055,,258.0,0.0,0.0,0.0,0.0,cancelled
2025-06-02 18:39:25,Open short,USDT,MOODENGUSDT,Limit,0.19065,,258.0,0.0,0.0,0.0,0.0,cancelled
2025-06-02 18:18:37,Close short,USDT,MOODENGUSDT,Limit,0.18058,,1052.0,0.0,0.0,0.0,0.0,cancelled
2025-06-02 18:17:30,Open short,USDT,MOODENGUSDT,Limit,0.18701,0.18701,1052.0,1052.0,196.73452,0.0,0.0,fully executed
2025-06-02 18:17:25,Open short,USDT,MOODENGUSDT,Limit,0.18686,,1053.0,0.0,0.0,0.0,0.0,cancelled
2025-06-02 18:10:06,Close short,USDT,MOODENGUSDT,Market,,0.1878,1050.0,1050.0,197.19,-0.42058000005,-0.53889400005,fully executed
2025-06-02 17:51:57,Close short,USDT,MOODENGUSDT,Limit,0.18058,,1050.0,0.0,0.0,0.0,0.0,cancelled
2025-06-02 17:49:45,Open short,USDT,MOODENGUSDT,Limit,0.18711,0.18711,526.0,526.0,98.41986,0.0,0.0,fully executed
2025-06-02 17:49:41,Open short,USDT,MOODENGUSDT,Limit,0.187,,526.0,0.0,0.0,0.0,0.0,cancelled
2025-06-02 17:49:36,Open short,USDT,MOODENGUSDT,Limit,0.18678,,526.0,0.0,0.0,0.0,0.0,cancelled
2025-06-02 17:47:20,Open short,USDT,MOODENGUSDT,Limit,0.18769,0.18769,524.0,524.0,98.34956,0.0,0.0,fully executed
2025-06-02 14:04:14,Close short,USDT,ETHUSDT,Market,,2496.87,0.33,0.33,823.9671,-3.1317,-3.62608026,fully executed
2025-06-02 14:03:58,Close short,USDT,ETHUSDT,Limit,2492.92,2492.92,0.38,0.05,124.646,-0.277,-0.3019292,cancelled
2025-06-02 14:03:40,Close short,USDT,ETHUSDT,Limit,2492.72,,0.38,0.0,0.0,0.0,0.0,cancelled
2025-06-02 13:45:08,Close short,USDT,ETHUSDT,Limit edited,2470.0,,0.38,0.0,0.0,0.0,0.0,cancelled
2025-06-02 13:44:53,Close short,USDT,ETHUSDT,Limit,2469.0,,0.38,0.0,0.0,0.0,0.0,cancelled
2025-06-02 13:42:22,Open short,USDT,ETHUSDT,Limit,2487.38,2487.38,0.38,0.38,945.2044,0.0,0.0,fully executed
2025-06-02 13:37:51,Close long,USDT,ETHUSDT,Market,,2486.11,0.09,0.09,223.7499,-0.3591,-0.49334994,fully executed
2025-06-02 13:36:48,Close long,USDT,ETHUSDT,Limit,2485.22,,0.09,0.0,0.0,0.0,0.0,cancelled
2025-06-02 13:21:12,Open long,USDT,ETHUSDT,Limit,2490.1,2490.1,0.09,0.09,224.109,0.0,0.0,fully executed
2025-06-02 13:11:27,Open long,USDT,ETHUSDT,Limit,2495.98,,0.19,0.0,0.0,0.0,0.0,cancelled
2025-06-02 13:06:32,Close short,USDT,ETHUSDT,Limit,2493.72,2493.72,0.38,0.38,947.6136,1.2844,1.09487728,fully executed
2025-06-02 12:55:31,Close short,USDT,ETHUSDT,Limit edited,2478.0,,0.38,0.0,0.0,0.0,0.0,cancelled
2025-06-02 12:53:12,Close short,USDT,ETHUSDT,Limit edited,2480.0,,0.38,0.0,0.0,0.0,0.0,cancelled
2025-06-02 12:52:35,Close short,USDT,ETHUSDT,Limit edited,2475.0,,0.38,0.0,0.0,0.0,0.0,cancelled
2025-06-02 12:41:27,Close short,USDT,ETHUSDT,Limit,2484.0,,0.38,0.0,0.0,0.0,0.0,cancelled
2025-06-02 12:37:35,Open short,USDT,ETHUSDT,Limit edited,2497.1,2497.1,0.38,0.38,948.898,0.0,0.0,fully executed
2025-06-02 12:37:12,Open short,USDT,ETHUSDT,Limit,2497.11,,0.38,0.0,0.0,0.0,0.0,cancelled
2025-06-02 12:36:34,Open short,USDT,ETHUSDT,Limit,2498.88,,0.38,0.0,0.0,0.0,0.0,cancelled
2025-06-02 12:36:29,Open short,USDT,ETHUSDT,Limit,2498.69,,0.38,0.0,0.0,0.0,0.0,cancelled
2025-06-02 12:35:07,Close short,USDT,WCTUSDT,Market,,0.5456,90.0,90.0,49.104,-0.117,-0.1464624,fully executed
2025-06-02 12:30:10,Open short,USDT,WCTUSDT,Limit,0.5443,0.5443,90.0,90.0,48.987,0.0,0.0,fully executed
2025-06-02 12:29:25,Open short,USDT,WCTUSDT,Limit,0.5472,,53.0,0.0,0.0,0.0,0.0,cancelled
2025-06-02 12:27:27,Close short,USDT,WCTUSDT,Market,,0.5471,3.0,3.0,1.6413,0.0018,0.00081522,fully executed
2025-06-02 12:26:43,Open short,USDT,WCTUSDT,Limit,0.5477,0.5477,35.0,3.0,1.6431,0.0,0.0,cancelled
2025-06-02 12:25:12,Close short,USDT,WCTUSDT,Market,,0.5467,383.0,383.0,209.3861,-4.129400000537,-4.255031660537,fully executed
2025-06-02 11:29:49,Open short,USDT,WCTUSDT,Limit,0.5399,0.5399,36.0,36.0,19.4364,0.0,0.0,fully executed
2025-06-02 11:26:46,Close short,USDT,WCTUSDT,Limit edited,0.518,,347.0,0.0,0.0,0.0,0.0,cancelled
2025-06-02 11:25:32,Close short,USDT,WCTUSDT,Limit,0.52,,347.0,0.0,0.0,0.0,0.0,cancelled
2025-06-02 11:23:00,Open short,USDT,WCTUSDT,Limit,0.5381,,36.0,0.0,0.0,0.0,0.0,cancelled
2025-06-02 11:22:24,Open short,USDT,WCTUSDT,Limit,0.5385,0.5385,54.0,54.0,29.079,0.0,0.0,fully executed
2025-06-02 11:18:08,Close short,USDT,WCTUSDT,Limit,0.5342,,239.0,0.0,0.0,0.0,0.0,cancelled
2025-06-02 11:15:28,Open short,USDT,WCTUSDT,Limit,0.5371,0.5371,54.0,54.0,29.0034,0.0,0.0,fully executed
2025-06-02 11:14:37,Open short,USDT,WCTUSDT,Limit,0.5357,0.5357,55.0,55.0,29.4635,0.0,0.0,fully executed
2025-06-02 11:05:39,Open short,USDT,WCTUSDT,Limit,0.5338,0.5338,92.0,92.0,49.1096,0.0,0.0,fully executed
2025-06-02 11:04:09,Open short,USDT,WCTUSDT,Limit,0.5344,0.5344,92.0,92.0,49.1648,0.0,0.0,fully executed
2025-06-01 17:19:33,Close short,USDT,WCTUSDT,Limit edited,0.5535,0.5535,173.0,173.0,95.7555,2.6123,2.5931489,fully executed
2025-06-01 17:19:04,Close short,USDT,WCTUSDT,Limit,0.553,,173.0,0.0,0.0,0.0,0.0,cancelled
2025-06-01 16:58:51,Close short,USDT,WCTUSDT,Limit,0.5539,,173.0,0.0,0.0,0.0,0.0,cancelled
2025-06-01 16:56:13,Open short,USDT,WCTUSDT,Limit,0.5686,0.5686,173.0,173.0,98.3678,0.0,0.0,fully executed
2025-06-01 16:56:07,Open short,USDT,WCTUSDT,Limit,0.5687,,172.0,0.0,0.0,0.0,0.0,cancelled
2025-06-01 16:39:56,Close short,USDT,WCTUSDT,Limit,0.5758,0.5758,85.0,85.0,48.943,-0.051,-0.0607886,fully executed
2025-06-01 16:35:51,Open short,USDT,WCTUSDT,Limit,0.5752,0.5752,85.0,85.0,48.892,0.0,0.0,fully executed
2025-06-01 16:35:46,Open short,USDT,WCTUSDT,Limit,0.5752,,85.0,0.0,0.0,0.0,0.0,cancelled
2025-06-01 16:35:39,Open short,USDT,WCTUSDT,Limit,0.5753,,85.0,0.0,0.0,0.0,0.0,cancelled
2025-06-01 14:18:54,Close short,USDT,ZENUSDT,Market,,10.777,4.5,4.5,48.4965,-0.018,-0.0470979,fully executed
2025-06-01 14:13:44,Close short,USDT,ZENUSDT,Limit,10.66,,4.5,0.0,0.0,0.0,0.0,cancelled
2025-06-01 14:10:15,Open short,USDT,ZENUSDT,Limit,10.773,10.773,4.5,4.5,48.4785,0.0,0.0,fully executed
2025-06-01 14:05:27,Close long,USDT,ZENUSDT,Market,,10.715777777777,4.5,4.5,48.221,-0.892,-0.9209326,fully executed
2025-06-01 14:01:55,Close long,USDT,ZENUSDT,Limit,11.054,,4.5,0.0,0.0,0.0,0.0,cancelled
2025-06-01 14:01:16,Open long,USDT,ZENUSDT,Limit,10.914,10.914,4.5,4.5,49.113,0.0,0.0,fully executed
2025-06-01 14:01:10,Open long,USDT,ZENUSDT,Limit,10.902,,4.5,0.0,0.0,0.0,0.0,cancelled
2025-06-01 13:51:29,Close long,USDT,ZENUSDT,Market,,10.719272727272,4.4,4.4,47.1648,-1.31,-1.33829888,fully executed
2025-06-01 13:41:41,Open long,USDT,ZENUSDT,Limit,11.017,11.017,4.4,4.4,48.4748,0.0,0.0,fully executed
2025-06-01 13:21:42,Close long,USDT,UNIUSDT,Position SL—market,,6.212,7.0,7.0,43.484,-0.462,-0.4880904,fully executed
2025-06-01 13:04:14,Open long,USDT,UNIUSDT,Limit,6.278,6.278,7.0,7.0,43.946,0.0,0.0,fully executed
2025-06-01 10:26:30,Close short,USDT,ETHUSDT,Position SL—market,,2507.43,0.15,0.15,376.1145,0.582,0.3563313,fully executed
2025-06-01 00:44:57,Close short,USDT,ETHUSDT,Limit,2481.01,,0.15,0.0,0.0,0.0,0.0,cancelled
2025-06-01 00:44:27,Close short,USDT,ETHUSDT,Limit,2581.0,,0.15,0.0,0.0,0.0,0.0,cancelled
2025-06-01 00:44:14,Close short,USDT,ETHUSDT,Limit,2581.0,,0.15,0.0,0.0,0.0,0.0,cancelled
2025-06-01 00:42:59,Close short,USDT,ETHUSDT,Limit,2590.0,,0.15,0.0,0.0,0.0,0.0,cancelled
2025-05-31 18:48:47,Close short,USDT,ETHUSDT,Limit,2481.0,,0.15,0.0,0.0,0.0,0.0,cancelled
2025-05-31 18:46:20,Open short,USDT,ETHUSDT,Limit,2511.31,2511.31,0.15,0.15,376.6965,0.0,0.0,fully executed
2025-05-31 18:46:14,Open short,USDT,ETHUSDT,Limit,2512.85,,0.15,0.0,0.0,0.0,0.0,cancelled
2025-05-31 16:12:39,Close long,USDT,LPTUSDT,Limit,12.053,12.053,8.3,8.3,100.0399,2.0169,1.99689202,fully executed
2025-05-31 16:11:57,Open long,USDT,LPTUSDT,Limit,11.81,11.81,8.3,8.3,98.023,0.0,0.0,fully executed
2025-05-31 16:04:06,Close long,USDT,WCTUSDT,Position SL—market,,1.3333,147.0,147.0,195.9951,0.8379,0.72030294,fully executed
2025-05-31 15:24:34,Close long,USDT,WCTUSDT,Limit,1.388,,147.0,0.0,0.0,0.0,0.0,cancelled
2025-05-31 15:21:17,Open long,USDT,WCTUSDT,Limit,1.3276,1.3276,147.0,147.0,195.1572,0.0,0.0,fully executed
2025-05-31 15:21:13,Open long,USDT,WCTUSDT,Limit,1.3288,,147.0,0.0,0.0,0.0,0.0,cancelled
2025-05-31 15:20:55,Open long,USDT,WCTUSDT,Limit,1.3198,,148.0,0.0,0.0,0.0,0.0,cancelled
2025-05-31 15:20:05,Open long,USDT,WCTUSDT,Limit,1.316,,148.0,0.0,0.0,0.0,0.0,cancelled
2025-05-31 15:19:59,Open long,USDT,WCTUSDT,Limit,1.3147,,148.0,0.0,0.0,0.0,0.0,cancelled
2025-05-31 15:18:43,Close long,USDT,WCTUSDT,Limit,1.32,1.32,37.0,37.0,48.84,1.2321,1.222332,fully executed
2025-05-31 15:11:01,Open long,USDT,WCTUSDT,Limit,1.2867,1.2867,152.0,37.0,47.6079,0.0,0.0,cancelled
2025-05-31 15:10:57,Open long,USDT,WCTUSDT,Limit,1.2873,,152.0,0.0,0.0,0.0,0.0,cancelled
2025-05-31 10:44:09,Close short,USDT,HUMAUSDT,Limit,0.0366,0.0366,5318.0,5318.0,194.6388,2.18038,2.14145224,fully executed
2025-05-31 10:29:36,Close short,USDT,HUMAUSDT,Limit edited,0.0366,,2676.0,0.0,0.0,0.0,0.0,cancelled
2025-05-31 09:45:02,Close short,USDT,HUMAUSDT,Limit,0.0366,,5318.0,0.0,0.0,0.0,0.0,cancelled
2025-05-31 09:42:24,Open short,USDT,HUMAUSDT,Limit,0.03701,0.03701,5318.0,5318.0,196.81918,0.0,0.0,fully executed
2025-05-31 00:48:54,Close short,USDT,SNTUSDT,Limit edited,0.03872,0.03872,5044.0,5044.0,195.30368,1.5132,1.474139264,fully executed
2025-05-31 00:33:11,Close short,USDT,SNTUSDT,Limit,0.03778,,5044.0,0.0,0.0,0.0,0.0,cancelled
2025-05-31 00:32:05,Open short,USDT,SNTUSDT,Limit,0.03902,0.03902,5044.0,5044.0,196.81688,0.0,0.0,fully executed
2025-05-30 15:37:04,Close short,USDT,PRAIUSDT,Limit,0.03421,0.03421,2833.0,2833.0,96.91693,1.50149,1.482106614,fully executed
2025-05-30 15:33:14,Open short,USDT,PRAIUSDT,Limit,0.03474,0.03474,2833.0,2833.0,98.41842,0.0,0.0,fully executed
2025-05-30 13:13:46,Open long,USDT,WCTUSDT,Limit,1.3116,,15.0,0.0,0.0,0.0,0.0,cancelled
2025-05-30 12:44:33,Close long,USDT,WCTUSDT,Limit,1.3395,1.3395,149.0,149.0,199.5855,3.6505,3.6105829,fully executed
2025-05-30 12:43:06,Open long,USDT,WCTUSDT,Limit,1.315,1.315,149.0,149.0,195.935,0.0,0.0,fully executed
2025-05-30 12:43:02,Open long,USDT,WCTUSDT,Limit,1.3159,,149.0,0.0,0.0,0.0,0.0,cancelled
2025-05-30 12:42:58,Open long,USDT,WCTUSDT,Limit,1.3151,,149.0,0.0,0.0,0.0,0.0,cancelled
2025-05-30 12:42:54,Open long,USDT,WCTUSDT,Limit,1.3144,,149.0,0.0,0.0,0.0,0.0,cancelled
2025-05-30 12:42:50,Open long,USDT,WCTUSDT,Limit,1.3138,,149.0,0.0,0.0,0.0,0.0,cancelled
2025-05-30 12:42:45,Open long,USDT,WCTUSDT,Limit,1.3141,,149.0,0.0,0.0,0.0,0.0,cancelled
2025-05-30 12:42:40,Open long,USDT,WCTUSDT,Limit,1.3139,,149.0,0.0,0.0,0.0,0.0,cancelled
2025-05-30 12:42:36,Open long,USDT,WCTUSDT,Limit,1.3139,,149.0,0.0,0.0,0.0,0.0,cancelled
2025-05-29 22:06:45,Open short,USDT,ETHUSDT,Limit,2654.18,,0.1,0.0,0.0,0.0,0.0,cancelled
2025-05-29 22:06:30,Open short,USDT,ETHUSDT,Limit,2652.68,,0.11,0.0,0.0,0.0,0.0,cancelled
2025-05-29 20:59:23,Close short,USDT,UNIUSDT,Limit,6.929,6.929,13.0,13.0,90.077,1.56,1.5419846,fully executed
2025-05-29 20:50:17,Open short,USDT,FARTCOINUSDT,Limit,1.2692,,77.5,0.0,0.0,0.0,0.0,cancelled
2025-05-29 20:46:59,Open short,USDT,UNIUSDT,Limit,7.049,7.049,13.0,13.0,91.637,0.0,0.0,fully executed
2025-05-29 20:45:41,Open short,USDT,UNIUSDT,Limit,7.034,,13.0,0.0,0.0,0.0,0.0,cancelled
2025-05-29 20:45:35,Open short,USDT,UNIUSDT,Limit,7.03,,27.0,0.0,0.0,0.0,0.0,cancelled
2025-05-29 20:44:30,Open short,USDT,MOODENGUSDT,Limit,0.24038,,409.0,0.0,0.0,0.0,0.0,cancelled
2025-05-29 18:25:44,Close long,USDT,GRAMUSDT,Market,,3.31,59.1,59.1,195.621,-1.19973,-1.3171026,fully executed
2025-05-29 18:11:51,Close long,USDT,GRAMUSDT,Limit,3.3496,,59.1,0.0,0.0,0.0,0.0,cancelled
2025-05-29 18:10:16,Open long,USDT,GRAMUSDT,Limit,3.3303,3.3303,59.1,59.1,196.82073,0.0,0.0,fully executed
2025-05-29 18:08:34,Close long,USDT,UNIUSDT,Market,,7.1,27.0,27.0,191.7,-1.674,-1.78902,fully executed
2025-05-29 17:51:30,Close long,USDT,UNIUSDT,Limit,7.3,,27.0,0.0,0.0,0.0,0.0,cancelled
2025-05-29 17:50:27,Close long,USDT,UNIUSDT,Limit,7.19,,27.0,0.0,0.0,0.0,0.0,cancelled
2025-05-29 17:46:37,Open long,USDT,UNIUSDT,Limit,7.162,7.162,27.0,27.0,193.374,0.0,0.0,fully executed
2025-05-29 17:45:23,Close long,USDT,WCTUSDT,Market,,1.0534,182.0,182.0,191.7188,-3.088900000186,-3.203931280186,fully executed
2025-05-29 17:28:00,Close long,USDT,WCTUSDT,Limit,1.084,,182.0,0.0,0.0,0.0,0.0,cancelled
2025-05-29 17:26:22,Open long,USDT,WCTUSDT,Limit,1.0592,1.0592,46.0,46.0,48.7232,0.0,0.0,fully executed
2025-05-29 17:25:40,Open long,USDT,WCTUSDT,Limit,1.072,1.072,91.0,91.0,97.552,0.0,0.0,fully executed
2025-05-29 17:25:24,Open long,USDT,WCTUSDT,Limit,1.0785,1.0785,45.0,45.0,48.5325,0.0,0.0,fully executed
2025-05-29 17:00:14,Close long,USDT,WCTUSDT,Market,,1.0668,185.0,185.0,197.358,0.97609999996,0.85768519996,fully executed
2025-05-29 16:49:42,Close long,USDT,WCTUSDT,Limit,1.084,,185.0,0.0,0.0,0.0,0.0,cancelled
2025-05-29 16:34:23,Open long,USDT,WCTUSDT,Limit,1.0567,1.0567,93.0,93.0,98.2731,0.0,0.0,fully executed
2025-05-29 16:31:28,Open long,USDT,WCTUSDT,Limit,1.0605,,46.0,0.0,0.0,0.0,0.0,cancelled
2025-05-29 16:23:30,Open long,USDT,WCTUSDT,Limit,1.0612,,46.0,0.0,0.0,0.0,0.0,cancelled
2025-05-29 16:23:22,Open long,USDT,WCTUSDT,Limit,1.0612,,46.0,0.0,0.0,0.0,0.0,cancelled
2025-05-29 16:16:01,Open long,USDT,WCTUSDT,Limit,1.0664,1.0664,92.0,92.0,98.1088,0.0,0.0,fully executed
2025-05-29 16:15:50,Open long,USDT,WCTUSDT,Limit,1.0657,,92.0,0.0,0.0,0.0,0.0,cancelled
2025-05-29 16:15:33,Open long,USDT,WCTUSDT,Limit,1.0612,,92.0,0.0,0.0,0.0,0.0,cancelled
2025-05-29 15:41:18,Open long,USDT,UNIUSDT,Limit,7.166,,13.0,0.0,0.0,0.0,0.0,cancelled
2025-05-29 15:36:18,Open long,USDT,WCTUSDT,Limit,1.0533,,93.0,0.0,0.0,0.0,0.0,cancelled
2025-05-29 15:34:00,Open long,USDT,WCTUSDT,Limit,1.0492,,93.0,0.0,0.0,0.0,0.0,cancelled
2025-05-29 14:57:43,Close long,USDT,WCTUSDT,Market,,1.04647204301,93.0,93.0,97.3219,-0.6071,-0.66549314,fully executed
2025-05-29 14:50:54,Close long,USDT,WCTUSDT,Limit edited,1.0629,,93.0,0.0,0.0,0.0,0.0,cancelled
2025-05-29 14:50:42,Close long,USDT,WCTUSDT,Limit edited,1.066,,93.0,0.0,0.0,0.0,0.0,cancelled
2025-05-29 14:50:23,Close long,USDT,WCTUSDT,Limit edited,1.056,,93.0,0.0,0.0,0.0,0.0,cancelled
2025-05-29 14:47:55,Close long,USDT,WCTUSDT,Limit edited,1.054,,93.0,0.0,0.0,0.0,0.0,cancelled
2025-05-29 14:40:30,Close long,USDT,WCTUSDT,Limit,1.063,,93.0,0.0,0.0,0.0,0.0,cancelled
2025-05-29 14:39:45,Open long,USDT,WCTUSDT,Limit,1.053,1.053,93.0,93.0,97.929,0.0,0.0,fully executed
2025-05-29 14:35:14,Close long,USDT,WCTUSDT,Position SL—market,,1.061004301075,93.0,93.0,98.6734,0.7258,0.66659596,fully executed
2025-05-29 13:07:27,Close long,USDT,WCTUSDT,Limit,1.09,,93.0,0.0,0.0,0.0,0.0,cancelled
2025-05-29 13:01:48,Open long,USDT,WCTUSDT,Limit,1.0532,1.0532,93.0,93.0,97.9476,0.0,0.0,fully executed
2025-05-29 13:01:12,Close long,USDT,UNIUSDT,Market,,7.246,13.0,13.0,94.198,-1.235,-1.2915188,fully executed
2025-05-29 12:42:21,Close long,USDT,UNIUSDT,Limit,7.629,,13.0,0.0,0.0,0.0,0.0,cancelled
2025-05-29 12:41:40,Open long,USDT,UNIUSDT,Limit,7.341,7.341,13.0,13.0,95.433,0.0,0.0,fully executed
2025-05-29 12:41:33,Open short,USDT,UNIUSDT,Limit,7.337,,13.0,0.0,0.0,0.0,0.0,cancelled
2025-05-29 12:41:10,Close long,USDT,UNIUSDT,Position SL—market,,7.387692307692,13.0,13.0,96.04,-1.564,-1.621624,fully executed
2025-05-29 12:15:49,Close long,USDT,UNIUSDT,Limit,7.629,,13.0,0.0,0.0,0.0,0.0,cancelled
2025-05-29 11:54:36,Open long,USDT,UNIUSDT,Limit,7.508,7.508,13.0,13.0,97.604,0.0,0.0,fully executed
2025-05-29 11:54:30,Open long,USDT,UNIUSDT,Limit,7.489,,13.0,0.0,0.0,0.0,0.0,cancelled
2025-05-29 10:12:15,Close long,USDT,WCTUSDT,Limit,0.974,0.974,104.0,104.0,101.296,3.2448,3.2245408,fully executed
2025-05-29 10:11:13,Open long,USDT,WCTUSDT,Limit,0.9428,0.9428,104.0,104.0,98.0512,0.0,0.0,fully executed
2025-05-29 10:10:34,Open long,USDT,WCTUSDT,Limit,0.9428,,104.0,0.0,0.0,0.0,0.0,cancelled
2025-05-29 10:05:22,Close long,USDT,WCTUSDT,Limit,0.947,0.947,104.0,104.0,98.488,0.988,0.9683024,fully executed
2025-05-29 10:04:45,Open long,USDT,WCTUSDT,Limit,0.9375,0.9375,104.0,104.0,97.5,0.0,0.0,fully executed
2025-05-29 10:04:41,Open long,USDT,WCTUSDT,Limit,0.9378,,104.0,0.0,0.0,0.0,0.0,cancelled
2025-05-29 10:04:37,Open long,USDT,WCTUSDT,Limit,0.9376,,104.0,0.0,0.0,0.0,0.0,cancelled
2025-05-29 10:04:33,Open long,USDT,WCTUSDT,Limit,0.9376,,104.0,0.0,0.0,0.0,0.0,cancelled
2025-05-29 10:04:30,Open long,USDT,WCTUSDT,Limit,0.9376,,104.0,0.0,0.0,0.0,0.0,cancelled
2025-05-29 10:04:23,Open long,USDT,WCTUSDT,Limit,0.9378,,104.0,0.0,0.0,0.0,0.0,cancelled
2025-05-29 10:04:19,Open long,USDT,WCTUSDT,Limit,0.9381,,104.0,0.0,0.0,0.0,0.0,cancelled
2025-05-29 10:04:10,Open long,USDT,WCTUSDT,Limit,0.9373,,105.0,0.0,0.0,0.0,0.0,cancelled
2025-05-29 10:04:07,Open long,USDT,WCTUSDT,Limit,0.9364,,105.0,0.0,0.0,0.0,0.0,cancelled
2025-05-29 10:04:02,Open long,USDT,WCTUSDT,Limit,0.9368,,105.0,0.0,0.0,0.0,0.0,cancelled
2025-05-29 10:03:58,Open long,USDT,WCTUSDT,Limit,0.9371,,105.0,0.0,0.0,0.0,0.0,cancelled
2025-05-29 10:03:54,Open long,USDT,WCTUSDT,Limit,0.9369,,105.0,0.0,0.0,0.0,0.0,cancelled
2025-05-29 10:03:50,Open long,USDT,WCTUSDT,Limit,0.9369,,105.0,0.0,0.0,0.0,0.0,cancelled
2025-05-29 10:03:44,Open long,USDT,WCTUSDT,Limit,0.9372,,105.0,0.0,0.0,0.0,0.0,cancelled
2025-05-29 10:03:39,Open long,USDT,WCTUSDT,Limit,0.9369,,105.0,0.0,0.0,0.0,0.0,cancelled
2025-05-29 10:03:33,Open long,USDT,WCTUSDT,Limit,0.9369,,105.0,0.0,0.0,0.0,0.0,cancelled
2025-05-28 22:54:21,Close short,USDT,TRBUSDT,Limit edited,48.48,48.48,1.6,1.6,77.568,0.7296,0.7140864,fully executed
2025-05-28 22:53:15,Close short,USDT,TRBUSDT,Limit edited,48.4,,1.6,0.0,0.0,0.0,0.0,cancelled
2025-05-28 22:51:21,Close short,USDT,TRBUSDT,Limit edited,48.36,,1.6,0.0,0.0,0.0,0.0,cancelled
2025-05-28 22:48:48,Close short,USDT,TRBUSDT,Limit,48.605,,1.6,0.0,0.0,0.0,0.0,cancelled
2025-05-28 22:48:19,Open short,USDT,TRBUSDT,Limit,48.936,48.936,1.6,1.6,78.2976,0.0,0.0,fully executed
2025-05-28 22:48:15,Open short,USDT,TRBUSDT,Limit,48.899,,1.0,0.0,0.0,0.0,0.0,cancelled
2025-05-28 12:55:33,Close long,USDT,UNIUSDT,Market,,6.659,15.0,15.0,99.885,1.605,1.545069,fully executed
2025-05-28 12:53:46,Close long,USDT,UNIUSDT,Limit edited,6.69,,15.0,0.0,0.0,0.0,0.0,cancelled
2025-05-28 12:51:55,Close long,USDT,UNIUSDT,Limit edited,6.768,,15.0,0.0,0.0,0.0,0.0,cancelled
2025-05-28 12:51:43,Close long,USDT,UNIUSDT,Limit edited,6.721,,15.0,0.0,0.0,0.0,0.0,cancelled
2025-05-28 12:47:20,Close long,USDT,UNIUSDT,Limit,6.768,,15.0,0.0,0.0,0.0,0.0,cancelled
2025-05-28 12:44:27,Close long,USDT,UNIUSDT,Limit,6.65,,15.0,0.0,0.0,0.0,0.0,cancelled
2025-05-28 12:43:41,Open long,USDT,UNIUSDT,Limit,6.552,6.552,15.0,15.0,98.28,0.0,0.0,fully executed
2025-05-28 12:43:10,Open long,USDT,UNIUSDT,Limit,6.528,,15.0,0.0,0.0,0.0,0.0,cancelled
2025-05-28 12:43:00,Open long,USDT,UNIUSDT,Limit,6.527,,15.0,0.0,0.0,0.0,0.0,cancelled
2025-05-28 12:42:56,Open long,USDT,UNIUSDT,Limit,6.526,,15.0,0.0,0.0,0.0,0.0,cancelled
2025-05-28 12:42:48,Open long,USDT,UNIUSDT,Limit,6.52,,15.0,0.0,0.0,0.0,0.0,cancelled
2025-05-28 12:42:44,Open long,USDT,UNIUSDT,Limit,6.52,,15.0,0.0,0.0,0.0,0.0,cancelled
2025-05-28 12:42:39,Open long,USDT,UNIUSDT,Limit,6.516,,15.0,0.0,0.0,0.0,0.0,cancelled
2025-05-28 12:42:35,Open long,USDT,UNIUSDT,Limit,6.522,,15.0,0.0,0.0,0.0,0.0,cancelled
2025-05-28 12:42:29,Open long,USDT,UNIUSDT,Limit,6.526,,7.0,0.0,0.0,0.0,0.0,cancelled
2025-05-28 12:42:24,Open long,USDT,UNIUSDT,Limit,6.523,,15.0,0.0,0.0,0.0,0.0,cancelled
2025-05-28 09:34:16,Close long,USDT,WCTUSDT,Limit edited,0.958,0.958,106.0,106.0,101.548,3.4238,3.4034904,fully executed
2025-05-28 09:33:01,Close long,USDT,WCTUSDT,Limit,0.9391,,106.0,0.0,0.0,0.0,0.0,cancelled
2025-05-28 09:32:10,Open long,USDT,WCTUSDT,Limit,0.9257,0.9257,106.0,106.0,98.1242,0.0,0.0,fully executed
2025-05-28 09:32:05,Open long,USDT,WCTUSDT,Limit,0.9245,,106.0,0.0,0.0,0.0,0.0,cancelled
2025-05-28 09:31:58,Open long,USDT,WCTUSDT,Limit,0.9248,,106.0,0.0,0.0,0.0,0.0,cancelled
2025-05-28 09:31:53,Open long,USDT,WCTUSDT,Limit,0.9246,,106.0,0.0,0.0,0.0,0.0,cancelled
2025-05-28 09:31:47,Open long,USDT,WCTUSDT,Limit,0.925,,106.0,0.0,0.0,0.0,0.0,cancelled
2025-05-28 09:30:43,Open long,USDT,WCTUSDT,Limit,0.922,,106.0,0.0,0.0,0.0,0.0,cancelled
2025-05-28 09:30:33,Open long,USDT,WCTUSDT,Limit,0.9218,,106.0,0.0,0.0,0.0,0.0,cancelled
2025-05-28 09:26:13,Open long,USDT,TRBUSDT,Limit,51.58,,1.9,0.0,0.0,0.0,0.0,cancelled
2025-05-28 09:25:17,Close long,USDT,TRBUSDT,Position SL—market,,51.813666666666,1.8,1.8,93.2646,0.2235,0.16754124,fully executed
2025-05-28 09:21:57,Close long,USDT,TRBUSDT,Limit,53.48,,1.8,0.0,0.0,0.0,0.0,cancelled
2025-05-28 08:52:43,Open long,USDT,TRBUSDT,Limit,51.586,51.586,0.9,0.9,46.4274,0.0,0.0,fully executed
2025-05-28 08:52:30,Open long,USDT,TRBUSDT,Limit,51.573,,0.9,0.0,0.0,0.0,0.0,cancelled
2025-05-28 08:52:20,Open long,USDT,TRBUSDT,Limit,51.729,,0.9,0.0,0.0,0.0,0.0,cancelled
2025-05-28 08:50:28,Open long,USDT,TRBUSDT,Limit,51.3,,0.9,0.0,0.0,0.0,0.0,cancelled
2025-05-28 08:48:21,Open long,USDT,TRBUSDT,Limit,51.793,51.793,0.9,0.9,46.6137,0.0,0.0,fully executed
2025-05-28 08:48:16,Open long,USDT,TRBUSDT,Limit,51.847,,0.9,0.0,0.0,0.0,0.0,cancelled
2025-05-28 08:48:05,Open long,USDT,TRBUSDT,Limit,51.93,,0.9,0.0,0.0,0.0,0.0,cancelled
2025-05-28 08:47:58,Open long,USDT,TRBUSDT,Limit,51.915,,0.9,0.0,0.0,0.0,0.0,cancelled
2025-05-27 23:16:47,Close long,USDT,ETHUSDT,Limit,2668.0,2668.0,0.07,0.07,186.76,0.3122,0.274848,fully executed
2025-05-27 23:16:23,Close long,USDT,ETHUSDT,Limit edited,2667.5,,0.07,0.0,0.0,0.0,0.0,cancelled
2025-05-27 23:15:44,Close long,USDT,ETHUSDT,Limit edited,2670.0,,0.07,0.0,0.0,0.0,0.0,cancelled
2025-05-27 22:48:26,Close long,USDT,ETHUSDT,Limit edited,2691.0,,0.07,0.0,0.0,0.0,0.0,cancelled
2025-05-27 22:04:40,Close long,USDT,ETHUSDT,Limit,2679.0,,0.07,0.0,0.0,0.0,0.0,cancelled
2025-05-27 22:04:06,Open long,USDT,ETHUSDT,Limit,2663.54,2663.54,0.07,0.07,186.4478,0.0,0.0,fully executed
2025-05-27 22:04:02,Open long,USDT,ETHUSDT,Limit,2663.71,,0.07,0.0,0.0,0.0,0.0,cancelled
2025-05-27 22:03:54,Open long,USDT,ETHUSDT,Limit,2664.02,,0.07,0.0,0.0,0.0,0.0,cancelled
2025-05-27 21:00:12,Open short,USDT,BUSDT,Limit,0.3705,,132.0,0.0,0.0,0.0,0.0,cancelled
2025-05-27 20:43:46,Close short,USDT,BUSDT,Limit,0.3672,0.3672,132.0,132.0,48.4704,0.6336,0.62390592,fully executed
2025-05-27 20:41:01,Open short,USDT,BUSDT,Limit,0.372,0.372,132.0,132.0,49.104,0.0,0.0,fully executed
2025-05-27 20:40:05,Open short,USDT,BUSDT,Limit,0.3729,,131.0,0.0,0.0,0.0,0.0,cancelled
2025-05-27 20:38:10,Open short,USDT,BUSDT,Limit,0.3717,,131.0,0.0,0.0,0.0,0.0,cancelled
2025-05-27 20:35:20,Close short,USDT,BUSDT,Market,,0.3746,258.0,258.0,96.6468,1.4448,1.38681192,fully executed
2025-05-27 20:07:57,Close short,USDT,BUSDT,Limit,0.3672,,258.0,0.0,0.0,0.0,0.0,cancelled
2025-05-27 20:05:16,Open short,USDT,BUSDT,Limit,0.3802,0.3802,258.0,258.0,98.0916,0.0,0.0,fully executed
2025-05-27 20:02:36,Close short,USDT,BUSDT,Position SL—market,,0.384,259.0,259.0,99.456,-1.3986,-1.4582736,fully executed
2025-05-27 19:04:06,Close short,USDT,BUSDT,Limit,0.366,,259.0,0.0,0.0,0.0,0.0,cancelled
2025-05-27 19:03:49,Close short,USDT,BUSDT,Limit,0.3901,,259.0,0.0,0.0,0.0,0.0,cancelled
2025-05-27 18:55:25,Close short,USDT,BUSDT,Limit,0.366,,259.0,0.0,0.0,0.0,0.0,cancelled
2025-05-27 18:53:59,Open short,USDT,BUSDT,Limit,0.3786,0.3786,259.0,259.0,98.0574,0.0,0.0,fully executed
2025-05-27 09:32:46,Open long,USDT,ETHUSDT,Limit,2528.0,,0.07,0.0,0.0,0.0,0.0,cancelled
2025-05-27 09:12:34,Open long,USDT,ETHUSDT,Limit,2531.0,,0.03,0.0,0.0,0.0,0.0,cancelled
2025-05-27 09:05:07,Close short,USDT,ETHUSDT,Limit,2538.0,2538.0,0.07,0.07,177.66,0.7378,0.702268,fully executed
2025-05-27 09:04:44,Close short,USDT,ETHUSDT,Limit,2558.0,,0.07,0.0,0.0,0.0,0.0,cancelled
2025-05-27 09:04:32,Close short,USDT,ETHUSDT,Limit,2558.0,,0.07,0.0,0.0,0.0,0.0,cancelled
2025-05-27 09:00:53,Open short,USDT,ETHUSDT,Limit,2548.27,2548.54,0.07,0.07,178.3978,0.0,0.0,fully executed
2025-05-27 08:45:14,Open long,USDT,ETHUSDT,Limit,2556.0,,0.03,0.0,0.0,0.0,0.0,cancelled
2025-05-27 08:44:18,Open long,USDT,ETHUSDT,Limit,2556.0,,0.03,0.0,0.0,0.0,0.0,cancelled
2025-05-27 08:44:13,Open long,USDT,ETHUSDT,Limit,2556.0,,0.03,0.0,0.0,0.0,0.0,cancelled
2025-05-27 08:43:41,Open long,USDT,ETHUSDT,Limit,2556.0,,0.03,0.0,0.0,0.0,0.0,cancelled
2025-05-27 08:43:34,Open long,USDT,ETHUSDT,Limit,2556.0,,0.03,0.0,0.0,0.0,0.0,cancelled
2025-05-27 08:43:31,Open long,USDT,ETHUSDT,Limit,2556.0,,0.03,0.0,0.0,0.0,0.0,cancelled
2025-05-27 08:43:27,Open long,USDT,ETHUSDT,Limit,2556.0,,0.03,0.0,0.0,0.0,0.0,cancelled
2025-05-27 08:43:22,Open long,USDT,ETHUSDT,Limit,2556.0,,0.03,0.0,0.0,0.0,0.0,cancelled
2025-05-26 22:21:59,Close long,USDT,ETHUSDT,Position SL—market,,2545.02,0.22,0.22,559.9044,-3.815000000001,-4.150942640001,fully executed
2025-05-26 22:04:13,Close long,USDT,ETHUSDT,Limit edited,2566.0,,0.15,0.0,0.0,0.0,0.0,cancelled
2025-05-26 21:33:42,Close long,USDT,ETHUSDT,Limit edited,2571.8,,0.15,0.0,0.0,0.0,0.0,cancelled
2025-05-26 21:23:24,Open long,USDT,ETHUSDT,Limit edited,2552.0,2552.0,0.07,0.07,178.64,0.0,0.0,fully executed
2025-05-26 21:21:56,Open long,USDT,ETHUSDT,Limit,2555.0,,0.07,0.0,0.0,0.0,0.0,cancelled
2025-05-26 21:21:03,Open long,USDT,ETHUSDT,Limit,2555.0,,0.04,0.0,0.0,0.0,0.0,cancelled
2025-05-26 21:12:02,Close long,USDT,ETHUSDT,Limit,2586.0,,0.15,0.0,0.0,0.0,0.0,cancelled
2025-05-26 21:10:29,Open long,USDT,ETHUSDT,Limit,2561.01,2561.01,0.03,0.03,76.8303,0.0,0.0,fully executed
2025-05-26 21:10:19,Open long,USDT,ETHUSDT,Limit,2561.34,,0.03,0.0,0.0,0.0,0.0,cancelled
2025-05-26 21:00:38,Open long,USDT,ETHUSDT,Limit,2568.18,2568.15,0.06,0.06,154.089,0.0,0.0,fully executed
2025-05-26 21:00:22,Open long,USDT,ETHUSDT,Limit,2567.65,,0.03,0.0,0.0,0.0,0.0,cancelled
2025-05-26 20:55:51,Open long,USDT,ETHUSDT,Limit,2568.0,2568.0,0.03,0.03,77.04,0.0,0.0,fully executed
2025-05-26 20:55:30,Open long,USDT,ETHUSDT,Limit,2570.72,2570.67,0.03,0.03,77.1201,0.0,0.0,fully executed
2025-05-26 20:17:58,Open long,USDT,ETHUSDT,Limit,2564.0,,0.07,0.0,0.0,0.0,0.0,cancelled
2025-05-26 20:17:45,Open long,USDT,ETHUSDT,Limit,2563.07,,0.07,0.0,0.0,0.0,0.0,cancelled
2025-05-26 20:13:42,Open long,USDT,ETHUSDT,Limit,2566.0,,0.07,0.0,0.0,0.0,0.0,cancelled
2025-05-26 20:13:19,Open long,USDT,ETHUSDT,Limit,2566.0,,0.15,0.0,0.0,0.0,0.0,cancelled
2025-05-26 20:13:13,Open long,USDT,ETHUSDT,Limit,2566.0,,0.15,0.0,0.0,0.0,0.0,cancelled
2025-05-26 20:13:05,Open long,USDT,ETHUSDT,Limit,2566.0,,0.15,0.0,0.0,0.0,0.0,cancelled
2025-05-26 20:12:57,Open long,USDT,ETHUSDT,Limit,2566.0,,0.15,0.0,0.0,0.0,0.0,cancelled
2025-05-26 20:12:41,Open long,USDT,ETHUSDT,Limit,2566.0,,0.15,0.0,0.0,0.0,0.0,cancelled
2025-05-26 20:12:32,Open long,USDT,ETHUSDT,Limit,2566.0,,0.15,0.0,0.0,0.0,0.0,cancelled
2025-05-26 19:10:40,Close short,USDT,ETHUSDT,Market,,2562.22,0.18,0.18,461.1996,0.562199999999,0.285480239999,fully executed
2025-05-26 19:08:50,Close short,USDT,ETHUSDT,Limit,2549.0,,0.18,0.0,0.0,0.0,0.0,cancelled
2025-05-26 17:14:57,Open short,USDT,ETHUSDT,Limit,2572.26,2572.26,0.03,0.03,77.1678,0.0,0.0,fully executed
2025-05-26 17:02:14,Open short,USDT,ETHUSDT,Limit,2563.48,2563.96,0.15,0.15,384.594,0.0,0.0,fully executed
2025-05-26 16:35:48,Close long,USDT,ETHUSDT,Market,,2572.79,0.01,0.01,25.7279,0.0279,0.01246326,fully executed
2025-05-26 16:31:34,Open long,USDT,ETHUSDT,Limit,2570.0,2570.0,0.01,0.01,25.7,0.0,0.0,fully executed
2025-05-26 16:26:08,Open long,USDT,ETHUSDT,Limit,2570.0,,0.03,0.0,0.0,0.0,0.0,cancelled
2025-05-26 16:25:49,Close long,USDT,ETHUSDT,Market,,2573.43,0.03,0.03,77.2029,-0.0138,-0.06012174,fully executed
2025-05-26 16:25:43,Open long,USDT,ETHUSDT,Limit,2573.89,2573.89,0.03,0.03,77.2167,0.0,0.0,fully executed
2025-05-26 16:24:27,Close long,USDT,ETHUSDT,Market,,2575.0,0.1,0.1,257.5,-1.5663,-1.7208,fully executed
2025-05-26 15:40:42,Close long,USDT,ETHUSDT,Limit,2636.0,,0.1,0.0,0.0,0.0,0.0,cancelled
2025-05-26 15:18:10,Open long,USDT,ETHUSDT,Limit,2586.33,2586.33,0.03,0.03,77.5899,0.0,0.0,fully executed
2025-05-26 15:12:22,Open long,USDT,ETHUSDT,Limit,2592.56,2592.52,0.07,0.07,181.4764,0.0,0.0,fully executed
2025-05-23 08:32:31,Open long,USDT,DOGEUSDT,Limit,0.24445,,403.0,0.0,0.0,0.0,0.0,cancelled
2025-05-23 08:30:05,Open long,USDT,DOGEUSDT,Limit,0.2444,,403.0,0.0,0.0,0.0,0.0,cancelled
2025-05-22 08:55:03,Close long,USDT,DOGEUSDT,Position TP—market,,0.23816,125.0,125.0,29.77,0.27125,0.253388,fully executed
2025-05-22 08:48:59,Close long,USDT,DOGEUSDT,Limit,0.23743,,125.0,0.0,0.0,0.0,0.0,cancelled
2025-05-22 08:44:35,Open long,USDT,DOGEUSDT,Limit,0.23599,0.23599,125.0,125.0,29.49875,0.0,0.0,fully executed
2025-05-15 13:47:09,Close short,USDT,DOGEUSDT,Position TP—market,,0.22901,762.0,762.0,174.50562,2.8194,2.714696628,fully executed
2025-05-15 11:52:13,Open short,USDT,DOGEUSDT,BBO counterparty 1,0.23271,0.23271,762.0,762.0,177.32502,0.0,0.0,fully executed
2025-05-15 09:31:21,Close long,USDT,DOGEUSDT,Limit,0.23238,0.23238,837.0,837.0,194.50206,-1.79118,-1.830080412,fully executed
2025-05-15 09:19:36,Open long,USDT,DOGEUSDT,BBO counterparty 1,0.23452,0.23452,837.0,837.0,196.29324,0.0,0.0,fully executed
2025-05-15 09:19:12,Close short,USDT,DOGEUSDT,Limit,0.2345,0.23448,683.0,683.0,160.14984,-0.16392,-0.260009904,fully executed
2025-05-15 09:12:45,Open short,USDT,DOGEUSDT,BBO counterparty 1,0.23424,0.23424,683.0,683.0,159.98592,0.0,0.0,fully executed
2025-05-14 17:05:50,Open short,USDT,DOGEUSDT,BBO counterparty 1,0.23222,,338.0,0.0,0.0,0.0,0.0,cancelled
2025-05-14 17:05:41,Open short,USDT,DOGEUSDT,BBO counterparty 1,0.23244,,359.0,0.0,0.0,0.0,0.0,cancelled
2025-05-14 15:35:06,Close short,USDT,PEPEUSDT,Market,,1.4136326e-05,13885000.0,13885000.0,196.2828745,0.5592165,0.4414467753,fully executed
2025-05-14 15:17:24,Open short,USDT,PEPEUSDT,BBO counterparty 1,1.41766e-05,1.41766e-05,13885000.0,13885000.0,196.842091,0.0,0.0,fully executed
2025-05-13 13:21:16,Close long,USDT,DOGEUSDT,Position SL—market,,0.222502951612,620.0,620.0,137.95183,0.15063,0.067858902,fully executed
2025-05-13 12:32:36,Open long,USDT,DOGEUSDT,Limit,0.22226,0.22226,620.0,620.0,137.8012,0.0,0.0,fully executed
2025-05-13 12:31:49,Open short,USDT,DOGEUSDT,Limit,0.22222,,620.0,0.0,0.0,0.0,0.0,cancelled
2025-05-13 12:31:33,Open long,USDT,DOGEUSDT,Limit,0.22224,,620.0,0.0,0.0,0.0,0.0,cancelled
2025-05-13 11:28:19,Open short,USDT,DOGEUSDT,Limit,0.21856,,631.0,0.0,0.0,0.0,0.0,cancelled
2025-05-13 11:27:57,Close long,USDT,DOGEUSDT,Market,,0.21932,684.0,684.0,150.01488,-1.55268,-1.642688928,fully executed
2025-05-13 11:13:26,Close long,USDT,DOGEUSDT,Limit,0.22259,,684.0,0.0,0.0,0.0,0.0,cancelled
2025-05-13 10:57:48,Open long,USDT,DOGEUSDT,Limit,0.22161,0.22159,684.0,684.0,151.56756,0.0,0.0,fully executed
2025-05-13 10:55:21,Close short,USDT,DOGEUSDT,Market,,0.22131,699.0,699.0,154.69569,-0.577040000325,-0.669857414325,fully executed
2025-05-13 10:52:33,Close short,USDT,DOGEUSDT,Limit,0.2199,,699.0,0.0,0.0,0.0,0.0,cancelled
2025-05-13 10:49:38,Close short,USDT,DOGEUSDT,Limit,0.22016,,699.0,0.0,0.0,0.0,0.0,cancelled
2025-05-13 10:33:01,Open short,USDT,DOGEUSDT,Limit,0.22126,0.22126,340.0,340.0,75.2284,0.0,0.0,fully executed
2025-05-13 10:32:45,Open short,USDT,DOGEUSDT,Limit,0.22139,,337.0,0.0,0.0,0.0,0.0,cancelled
2025-05-13 10:22:14,Open short,USDT,DOGEUSDT,Limit,0.21975,0.21975,359.0,359.0,78.89025,0.0,0.0,fully executed
2025-05-11 21:27:30,Close long,USDT,ETHUSDT,Position SL—market,,2505.08,0.08,0.08,200.4064,-1.3296,-1.44984384,fully executed
2025-05-11 20:39:56,Open long,USDT,ETHUSDT,Limit,2521.7,2521.7,0.08,0.08,201.736,0.0,0.0,fully executed
2025-05-11 13:34:26,Open short,USDT,ETHUSDT,Limit,2562.0,,0.08,0.0,0.0,0.0,0.0,cancelled
2025-05-11 08:16:36,Close short,USDT,DOGEUSDT,Limit,0.25616,0.25591,504.0,504.0,128.97864,0.77616,0.698772816,fully executed
2025-05-11 08:15:14,Open short,USDT,DOGEUSDT,Limit,0.25745,0.25745,504.0,504.0,129.7548,0.0,0.0,fully executed
2025-05-10 20:31:12,Open long,USDT,DOGEUSDT,Limit,0.22514,,506.0,0.0,0.0,0.0,0.0,cancelled
2025-05-10 20:30:45,Open short,USDT,DOGEUSDT,Limit,0.22561,,504.0,0.0,0.0,0.0,0.0,cancelled
2025-05-10 20:03:38,Close short,USDT,DOGEUSDT,Market,,0.2239,553.0,553.0,123.8167,-0.39263,-0.46692002,fully executed
2025-05-10 20:00:50,Close short,USDT,DOGEUSDT,Limit,0.22298,,553.0,0.0,0.0,0.0,0.0,cancelled
2025-05-10 19:41:53,Open short,USDT,DOGEUSDT,Limit,0.22319,0.22319,553.0,553.0,123.42407,0.0,0.0,fully executed
2025-05-10 17:10:04,Close short,USDT,ETHUSDT,Limit,2373.0,2373.0,0.12,0.12,284.76,0.4992,0.442248,fully executed
2025-05-10 16:58:11,Open short,USDT,ETHUSDT,Limit,2375.52,2377.16,0.12,0.12,285.2592,0.0,0.0,fully executed
2025-05-10 16:50:24,Close long,USDT,ETHUSDT,Position SL—market,,2406.0,0.3,0.3,721.8,-3.396,-3.82908,fully executed
2025-05-10 16:29:21,Open long,USDT,ETHUSDT,Limit,2409.79,,0.19,0.0,0.0,0.0,0.0,cancelled
2025-05-10 16:21:24,Open long,USDT,ETHUSDT,Limit,2418.0,2417.32,0.3,0.3,725.196,0.0,0.0,fully executed
2025-05-10 16:21:05,Open long,USDT,ETHUSDT,Limit,2415.05,,0.3,0.0,0.0,0.0,0.0,cancelled
2025-05-09 17:20:02,Open long,USDT,ADAUSDT,Limit,0.7895,,371.0,0.0,0.0,0.0,0.0,cancelled
2025-05-09 17:19:52,Open long,USDT,ADAUSDT,Limit,0.7895,,371.0,0.0,0.0,0.0,0.0,cancelled
2025-05-09 17:19:41,Open long,USDT,ADAUSDT,Limit,0.7895,,371.0,0.0,0.0,0.0,0.0,cancelled
2025-05-09 17:07:55,Close long,USDT,ADAUSDT,Position SL—market,,0.7927,371.0,371.0,294.0917,0.5936,0.41714498,fully executed
2025-05-09 16:58:38,Open long,USDT,ADAUSDT,BBO counterparty 1,0.7911,0.7911,371.0,371.0,293.4981,0.0,0.0,fully executed
2025-05-09 16:57:14,Close long,USDT,ADAUSDT,Market,,0.7867,10.0,10.0,7.867,-0.058,-0.0627202,fully executed
2025-05-09 16:57:10,Close long,USDT,ADAUSDT,Limit,0.7871,0.7871,370.0,360.0,283.356,-1.944,-2.0006712,cancelled
2025-05-09 16:46:10,Open long,USDT,ADAUSDT,Limit,0.7925,0.7925,370.0,370.0,293.225,0.0,0.0,fully executed
2025-05-09 16:40:13,Close long,USDT,ADAUSDT,Limit,0.8056,0.8057,491.0,491.0,395.5987,4.5663,4.32894078,fully executed
2025-05-09 16:00:42,Open long,USDT,ADAUSDT,Limit,0.7964,0.7964,491.0,491.0,391.0324,0.0,0.0,fully executed
2025-05-09 15:56:41,Close long,USDT,ADAUSDT,Limit,0.7908,0.7908,529.0,529.0,418.3332,5.214999999798,5.131333359798,fully executed
2025-05-09 15:18:37,Open long,USDT,ADAUSDT,Limit,0.7814,0.7814,125.0,125.0,97.675,0.0,0.0,fully executed
2025-05-09 15:18:04,Open long,USDT,ADAUSDT,Limit,0.7808,0.7808,404.0,404.0,315.4432,0.0,0.0,fully executed
2025-05-09 15:17:33,Open long,USDT,ADAUSDT,Limit,0.7808,,414.0,0.0,0.0,0.0,0.0,cancelled
2025-05-09 15:15:42,Close long,USDT,ADAUSDT,Limit,0.7782,0.7782,239.0,239.0,185.9898,4.2542,4.21700204,fully executed
2025-05-09 15:15:24,Close long,USDT,ADAUSDT,Limit,0.7787,,239.0,0.0,0.0,0.0,0.0,cancelled
2025-05-09 15:15:04,Close long,USDT,ADAUSDT,Limit,0.7798,,239.0,0.0,0.0,0.0,0.0,cancelled
2025-05-09 13:14:45,Open long,USDT,ADAUSDT,BBO counterparty 1,0.7604,0.7604,239.0,239.0,181.7356,0.0,0.0,fully executed
2025-05-09 12:49:47,Open long,USDT,ADAUSDT,Limit,0.7595,,96.0,0.0,0.0,0.0,0.0,cancelled
2025-05-09 12:49:37,Open long,USDT,ADAUSDT,Limit,0.7595,,96.0,0.0,0.0,0.0,0.0,cancelled
2025-05-09 12:32:57,Open long,USDT,ADAUSDT,Limit,0.76,,57.0,0.0,0.0,0.0,0.0,cancelled
2025-05-09 12:32:02,Close long,USDT,ADAUSDT,Market,,0.7582,43.0,43.0,32.6026,0.0129,-0.00666156,fully executed
2025-05-09 12:31:46,Open long,USDT,ADAUSDT,Limit,0.76,0.7579,43.0,43.0,32.5897,0.0,0.0,fully executed
2025-05-09 12:31:09,Close long,USDT,ADAUSDT,Market,,0.7577,86.0,86.0,65.1622,-0.0258,-0.06489732,fully executed
2025-05-09 12:31:05,Open long,USDT,ADAUSDT,Limit,0.76,0.758,86.0,86.0,65.188,0.0,0.0,fully executed
2025-05-09 12:30:36,Close long,USDT,ADAUSDT,Market,,0.7581,454.0,454.0,344.1774,-0.419100000316,-0.625606440316,fully executed
2025-05-09 12:30:17,Open long,USDT,ADAUSDT,Limit,0.76,0.759023127754,454.0,454.0,344.5965,0.0,0.0,fully executed
2025-03-31 23:26:00,Close long,USDT,XRPUSDT,Market,,2.1307,9.0,9.0,19.1763,0.3483,0.33679422,fully executed
2025-03-31 11:16:51,Open long,USDT,XRPUSDT,Market,,2.092,9.0,9.0,18.828,0.0,0.0,fully executed
2025-03-06 15:38:57,Close short,USDT,ETHUSDT,Market,,2293.4,0.18,0.18,412.812,0.9162,0.6685128,fully executed
2025-03-06 14:26:35,Open short,USDT,ETHUSDT,Limit,2298.49,2298.49,0.18,0.18,413.7282,0.0,0.0,fully executed
2025-03-04 11:41:47,Close short,USDT,BTCUSDT,Market,,84077.0,0.0007,0.0007,58.8539,-0.01652,-0.05183234,fully executed
2025-03-04 11:40:54,Open short,USDT,BTCUSDT,Limit,84053.4,84053.4,0.0007,0.0007,58.83738,0.0,0.0,fully executed
2025-03-04 11:39:19,Close short,USDT,BGBUSDT,Market price – Reverse,,4.167,4.0,4.0,16.668,-0.108,-0.1180008,fully executed
2025-03-04 10:21:00,Open short,USDT,BGBUSDT,Market,,4.14,4.0,4.0,16.56,0.0,0.0,fully executed
2025-03-04 10:07:09,Close short,USDT,BTCUSDT,Market,,82506.2,0.0075,0.0075,618.7965,1.2135,0.8422221,fully executed
2025-03-04 10:06:32,Open short,USDT,BTCUSDT,Limit,82653.8,82668.0,0.0075,0.0075,620.01,0.0,0.0,fully executed
2025-03-04 10:01:51,Close short,USDT,BTCUSDT,Market,,83356.9,0.0345,0.0345,2875.81305,6.79305,5.06756217,fully executed
2025-03-04 09:56:24,Open short,USDT,BTCUSDT,Limit,83495.0,83553.8,0.0345,0.0345,2882.6061,0.0,0.0,fully executed
2025-03-03 09:16:33,Close short,USDT,BTCUSDT,Limit,92817.4,92817.4,0.0073,0.0073,677.56702,5.9276,5.792086596,fully executed
2025-03-03 08:26:41,Open short,USDT,BTCUSDT,Limit,93620.0,93629.4,0.0073,0.0073,683.49462,0.0,0.0,fully executed
2025-03-02 23:52:19,Close long,USDT,BTCUSDT,Market,,87385.8,0.0012,0.0012,104.86296,0.18456,0.121642224,fully executed
2025-03-02 23:51:49,Open long,USDT,BTCUSDT,Limit,87232.3,87232.0,0.0012,0.0012,104.6784,0.0,0.0,fully executed
2025-03-01 16:26:15,Close short,USDT,BTCUSDT,Market,,85215.7,0.0001,0.0001,8.52157,-0.02796,-0.033072942,fully executed
2025-03-01 15:15:06,Open short,USDT,BTCUSDT,Limit,84936.1,84936.1,0.0001,0.0001,8.49361,0.0,0.0,fully executed
2025-02-28 22:34:44,Close short,USDT,BTCUSDT,Position TP—market,,81094.7,0.0001,0.0001,8.10947,0.02345,0.018584318,fully executed
2025-02-28 22:32:02,Open short,USDT,BTCUSDT,Limit,81322.0,81329.2,0.0001,0.0001,8.13292,0.0,0.0,fully executed
2025-02-28 22:31:47,Open short,USDT,BTCUSDT,Limit,81365.6,,0.0001,0.0,0.0,0.0,0.0,cancelled
2025-02-28 22:31:36,Open short,USDT,BTCUSDT,Limit,81400.3,,0.0001,0.0,0.0,0.0,0.0,cancelled
2025-02-28 22:06:22,Close short,USDT,XRPUSDT,Market,,2.102,9.0,9.0,18.918,-0.8685,-0.8798508,fully executed
2025-02-28 16:26:33,Close short,USDT,XRPUSDT,Limit,1.9627,,9.0,0.0,0.0,0.0,0.0,cancelled
2025-02-28 15:40:33,Open short,USDT,XRPUSDT,Market,,2.0055,9.0,9.0,18.0495,0.0,0.0,fully executed
2025-02-25 22:47:21,Close short,USDT,BTCUSDT,Limit,87700.4,87700.4,0.0192,0.0192,1683.84768,2.97216,2.635390464,fully executed
2025-02-25 22:45:50,Open short,USDT,BTCUSDT,Limit,87855.2,87855.2,0.0192,0.0192,1686.81984,0.0,0.0,fully executed
2025-02-25 22:44:58,Close short,USDT,BTCUSDT,Limit,87995.3,87987.8,0.0038,0.0038,334.35364,0.57152,0.370907816,fully executed
2025-02-25 22:42:38,Open short,USDT,BTCUSDT,Limit,88231.5,88240.2,0.0018,0.0018,158.83236,0.0,0.0,fully executed
2025-02-25 22:41:27,Open short,USDT,BTCUSDT,Limit,88044.4,88046.4,0.002,0.002,176.0928,0.0,0.0,fully executed
2025-02-25 22:39:05,Close short,USDT,BTCUSDT,Limit,88422.1,88400.3,0.0121,0.0121,1069.64363,5.481989999999,4.840203821999,fully executed
2025-02-25 21:49:39,Open short,USDT,BTCUSDT,Limit,88784.8,88785.9,0.0057,0.0057,506.07963,0.0,0.0,fully executed
2025-02-25 21:41:13,Open short,USDT,BTCUSDT,Limit,88915.0,88915.0,0.0038,0.0038,337.877,0.0,0.0,fully executed
2025-02-25 21:40:32,Open short,USDT,BTCUSDT,Limit,88898.0,88899.9,0.0017,0.0017,151.12983,0.0,0.0,fully executed
2025-02-25 21:34:45,Open short,USDT,BTCUSDT,Limit,88932.4,88932.4,0.0009,0.0009,80.03916,0.0,0.0,fully executed
2025-02-25 21:14:19,Close long,USDT,TRUMPUSDT,Market,,13.206,1.3,1.3,17.1678,-0.0117,-0.02200068,fully executed
2025-02-25 21:13:50,Open long,USDT,TRUMPUSDT,Limit,13.218,13.215,1.3,1.3,17.1795,0.0,0.0,fully executed
2025-02-25 19:25:22,Close short,USDT,BTCUSDT,Limit,87753.6,87750.2,0.0137,0.0137,1202.17774,4.525969999999,3.804663355999,fully executed
2025-02-25 19:14:21,Open short,USDT,BTCUSDT,Limit,88126.2,88126.2,0.0051,0.0051,449.44362,0.0,0.0,fully executed
2025-02-25 19:13:20,Open short,USDT,BTCUSDT,Limit,88247.1,,0.0022,0.0,0.0,0.0,0.0,cancelled
2025-02-25 19:11:50,Open short,USDT,BTCUSDT,Limit,88228.1,88228.1,0.0019,0.0019,167.63339,0.0,0.0,fully executed
2025-02-25 19:10:37,Open short,USDT,BTCUSDT,Limit,88029.8,88029.8,0.0021,0.0021,184.86258,0.0,0.0,fully executed
2025-02-25 19:09:09,Open short,USDT,BTCUSDT,Limit,87954.7,87992.2,0.0046,0.0046,404.76412,0.0,0.0,fully executed
2025-02-25 16:15:33,Close short,USDT,BTCUSDT,Limit,89830.4,89823.5,0.0326,0.0326,2928.2461,-37.82904,-39.58598766,fully executed
2025-02-25 15:42:04,Open short,USDT,BTCUSDT,Limit,88653.6,88663.1,0.0326,0.0326,2890.41706,0.0,0.0,fully executed
2025-02-25 15:35:48,Close short,USDT,BTCUSDT,Limit,88220.1,88220.1,0.0239,0.0239,2108.46039,19.004219999999,18.582527921999,fully executed
2025-02-25 15:29:13,Open short,USDT,BTCUSDT,Limit,89453.1,89453.1,0.0031,0.0031,277.30461,0.0,0.0,fully executed
2025-02-25 15:25:30,Open short,USDT,BTCUSDT,Limit,88950.0,88950.0,0.0208,0.0208,1850.16,0.0,0.0,fully executed
2025-02-25 15:25:07,Open short,USDT,BTCUSDT,Limit,89536.6,,0.0207,0.0,0.0,0.0,0.0,cancelled
2025-02-11 23:22:26,Close short,USDT,BERAUSDT,Market,,5.587,9.8,9.8,54.7526,-0.6076,-0.64045156,fully executed
2025-02-11 23:13:21,Open short,USDT,BERAUSDT,Limit,5.523,5.525,9.8,9.8,54.145,0.0,0.0,fully executed
2025-02-11 23:09:25,Close short,USDT,BERAUSDT,Market,,5.47,9.6,9.6,52.512,0.3552,0.3236928,fully executed
2025-02-11 23:06:38,Open short,USDT,BERAUSDT,Limit,5.507,5.507,9.6,9.6,52.8672,0.0,0.0,fully executed
2025-02-11 20:58:14,Close long,USDT,BERAUSDT,Limit,5.622,5.622,137.9,137.9,775.2738,2.2064,2.05134524,fully executed
2025-02-11 20:49:59,Close long,USDT,BERAUSDT,Limit,5.619,,137.9,0.0,0.0,0.0,0.0,cancelled
2025-02-11 20:49:27,Open long,USDT,BERAUSDT,Limit,5.606,5.606,137.9,137.9,773.0674,0.0,0.0,fully executed
2025-02-11 20:47:03,Close long,USDT,BERAUSDT,Limit,5.602,5.602,208.5,208.5,1168.017,0.6255,0.3918966,fully executed
2025-02-11 20:46:41,Open long,USDT,BERAUSDT,Market price – Reverse,,5.599,208.5,208.5,1167.3915,0.0,0.0,fully executed
2025-02-11 20:46:41,Close short,USDT,BERAUSDT,Market price – Reverse,,5.598064748202,208.5,208.5,1167.1965,-7.311,-8.0113179,fully executed
2025-02-11 20:31:41,Open short,USDT,BERAUSDT,Limit,5.56,5.563,208.5,208.5,1159.8855,0.0,0.0,fully executed
2025-02-11 20:26:59,Close short,USDT,BERAUSDT,Limit,5.592,5.592,69.1,69.1,386.4072,0.1382,-0.09364432,fully executed
2025-02-11 20:19:00,Close short,USDT,BERAUSDT,Limit,5.58,,69.1,0.0,0.0,0.0,0.0,cancelled
2025-02-11 20:16:11,Open short,USDT,BERAUSDT,Limit,5.594,5.594,69.1,69.1,386.5454,0.0,0.0,fully executed
2025-02-11 20:15:43,Close long,USDT,BERAUSDT,Market,,5.597,87.3,87.3,488.6181,-20.069600000087,-20.362770860087,fully executed
2025-02-11 17:38:52,Open long,USDT,BERAUSDT,Limit,5.798,5.797,16.8,16.8,97.3896,0.0,0.0,fully executed
2025-02-11 17:38:22,Open long,USDT,BERAUSDT,Limit,5.783,5.783,33.8,33.8,195.4654,0.0,0.0,fully executed
2025-02-11 17:38:09,Close short,USDT,BERAUSDT,Market,,5.786,33.7,33.7,194.9882,0.4044,0.28740708,fully executed
2025-02-11 17:37:59,Open short,USDT,BERAUSDT,Limit,5.798,5.798,33.7,33.7,195.3926,0.0,0.0,fully executed
2025-02-11 17:04:30,Open long,USDT,BERAUSDT,Limit,5.881,5.881,36.7,36.7,215.8327,0.0,0.0,fully executed
2025-02-11 17:03:32,Close short,USDT,TSTBSCUSDT,Market,,0.21548,500.0,500.0,107.74,0.56,0.495356,fully executed
2025-02-11 17:03:08,Open short,USDT,TSTBSCUSDT,Limit,0.2166,0.2166,500.0,500.0,108.3,0.0,0.0,fully executed
2025-02-11 16:42:41,Close short,USDT,BTCUSDT,Market,,98271.8,0.004,0.004,393.0872,-0.6232,-0.85905232,fully executed
2025-02-11 16:11:19,Open short,USDT,BTCUSDT,Limit,98116.0,98116.0,0.004,0.004,392.464,0.0,0.0,fully executed
2025-02-11 12:18:07,Close short,USDT,BERAUSDT,Market,,5.566235602095,38.2,38.2,212.6302,2.092,1.96442188,fully executed
2025-02-11 12:07:40,Open short,USDT,BERAUSDT,Limit,5.621,5.621,38.2,38.2,214.7222,0.0,0.0,fully executed
2025-02-10 23:27:03,Close short,USDT,ETHUSDT,Limit,2647.06,2644.25,0.35,0.35,925.4875,1.258099999999,0.702807499999,fully executed
2025-02-10 23:04:27,Open short,USDT,ETHUSDT,Limit,2645.76,2647.844571428571,0.35,0.35,926.7456,0.0,0.0,fully executed
2025-02-10 16:32:03,Close short,USDT,BERAUSDT,Market,,5.152675178754,97.9,97.9,504.4469,1.431599999879,1.128931859879,fully executed
2025-02-10 16:18:43,Open short,USDT,BERAUSDT,Limit,5.201,5.202,18.8,18.8,97.7976,0.0,0.0,fully executed
2025-02-10 16:07:57,Open short,USDT,BERAUSDT,Limit,5.191,5.191,18.8,18.8,97.5908,0.0,0.0,fully executed
2025-02-10 16:06:17,Open short,USDT,BERAUSDT,Limit,5.169,5.169,18.9,18.9,97.6941,0.0,0.0,fully executed
2025-02-10 16:01:48,Open short,USDT,BERAUSDT,Limit,5.14,5.14,41.4,41.4,212.796,0.0,0.0,fully executed
2025-02-10 14:10:59,Close short,USDT,BERAUSDT,Position TP—market,,5.039,41.6,41.6,209.6224,1.211599999958,1.085826559958,fully executed
2025-02-10 14:03:10,Open short,USDT,BERAUSDT,Limit,5.068,5.068124999999,41.6,41.6,210.834,0.0,0.0,fully executed
2025-02-10 12:41:07,Close short,USDT,BERAUSDT,Limit,4.969,4.969,74.5,74.5,370.1905,2.3095,2.2354619,fully executed
2025-02-10 12:39:50,Close short,USDT,BERAUSDT,Limit,4.967,,74.5,0.0,0.0,0.0,0.0,cancelled
2025-02-10 12:36:14,Open short,USDT,BERAUSDT,Limit,5.0,5.0,74.5,74.5,372.5,0.0,0.0,fully executed
2025-02-10 11:57:37,Close short,USDT,BERAUSDT,Limit,4.985,4.985,81.7,81.7,407.2745,0.8987,0.8172451,fully executed
2025-02-10 11:49:34,Open short,USDT,BERAUSDT,Limit,4.995,4.996,81.7,81.7,408.1732,0.0,0.0,fully executed
2025-02-10 01:51:53,Open short,USDT,BERAUSDT,Limit,5.253,,19.6,0.0,0.0,0.0,0.0,cancelled
2025-02-10 01:41:00,Close short,USDT,BERAUSDT,Position TP—market,,5.275,17.2,17.2,90.73,1.0148,0.960362,fully executed
2025-02-10 01:23:39,Open short,USDT,BERAUSDT,Limit,5.334,5.334,17.2,17.2,91.7448,0.0,0.0,fully executed
2025-02-08 22:15:20,Close long,USDT,BTCUSDT,Market,,96120.0,0.005,0.005,480.6,1.1765,0.88814,fully executed
2025-02-08 19:37:22,Open long,USDT,BTCUSDT,Limit,95884.7,95884.7,0.005,0.005,479.4235,0.0,0.0,fully executed
2025-02-08 19:29:16,Close long,USDT,BTCUSDT,Position SL—market,,95838.8,0.006,0.006,575.0328,-1.9236,-2.26861968,fully executed
2025-02-08 16:31:13,Open long,USDT,BTCUSDT,Limit,96159.4,96159.4,0.006,0.006,576.9564,0.0,0.0,fully executed
2025-02-08 16:23:04,Close long,USDT,UXLINKUSDT,Position TP—market,,0.7926,128.8,128.8,102.08688,0.23184,0.170587872,fully executed
2025-02-08 16:11:53,Open long,USDT,UXLINKUSDT,Limit,0.7909,0.7908,128.8,128.8,101.85504,0.0,0.0,fully executed
2025-02-08 16:04:14,Close short,USDT,SUIUSDT,Market,,2.9653,101.5,101.5,300.97795,0.59885,0.41826323,fully executed
2025-02-08 16:02:29,Open short,USDT,SUIUSDT,Limit,2.9703,2.9712,101.5,101.5,301.5768,0.0,0.0,fully executed
2025-02-08 16:02:15,Open short,USDT,SUIUSDT,Limit,2.9738,,101.4,0.0,0.0,0.0,0.0,cancelled
2025-02-08 16:01:32,Close short,USDT,SUIUSDT,Market,,2.9906,98.3,98.3,293.97598,-1.66127,-1.837655588,fully executed
2025-02-08 16:00:07,Close long,USDT,UXLINKUSDT,Market,,0.7828,6.5,6.5,5.0882,-0.17355,-0.17660292,fully executed
2025-02-08 15:52:22,Open short,USDT,SUIUSDT,Limit,2.973,2.9737,98.3,98.3,292.31471,0.0,0.0,fully executed
2025-02-08 15:50:59,Open long,USDT,UXLINKUSDT,Limit,0.8095,0.8095,6.5,6.5,5.26175,0.0,0.0,fully executed
2025-02-07 23:34:01,Close short,USDT,ETHUSDT,Market,,2734.17,0.19,0.19,519.4923,1.0811,0.76940462,fully executed
2025-02-07 23:32:40,Open short,USDT,ETHUSDT,Limit,2739.27,2739.86,0.19,0.19,520.5734,0.0,0.0,fully executed
2025-02-07 23:31:57,Open short,USDT,ETHUSDT,Limit,2744.07,,0.19,0.0,0.0,0.0,0.0,cancelled
2025-02-07 23:06:53,Open short,USDT,ETHUSDT,Limit,2759.01,,0.19,0.0,0.0,0.0,0.0,cancelled
2025-02-07 23:01:40,Close short,USDT,ETHUSDT,Market,,2759.46,0.35,0.35,965.811,6.9195,6.3400134,fully executed
2025-02-07 22:34:06,Open short,USDT,ETHUSDT,Limit,2779.07,2779.23,0.35,0.35,972.7305,0.0,0.0,fully executed
2025-02-07 19:29:29,Close long,USDT,ETHUSDT,Market,,2754.58,0.31,0.31,853.9198,2.8303,2.31794812,fully executed
2025-02-07 18:41:07,Open long,USDT,ETHUSDT,Limit,2745.6,2745.45,0.31,0.31,851.0895,0.0,0.0,fully executed
2025-02-07 15:02:42,Open long,USDT,ETHUSDT,Limit,2675.0,,0.32,0.0,0.0,0.0,0.0,cancelled
2025-02-07 14:45:51,Close long,USDT,ETHUSDT,Market,,2675.38,0.28,0.28,749.1064,-1.064,-1.51346384,fully executed
2025-02-07 14:34:49,Open long,USDT,ETHUSDT,Limit,2679.57,2679.18,0.28,0.28,750.1704,0.0,0.0,fully executed
2025-02-07 14:07:37,Close long,USDT,ETHUSDT,Position SL—market,,2702.0,0.19,0.19,513.38,-4.2902,-4.598228,fully executed
2025-02-07 12:19:35,Open long,USDT,ETHUSDT,Limit,2724.58,2724.58,0.19,0.19,517.6702,0.0,0.0,fully executed
2025-02-07 01:33:31,Close short,USDT,BERAUSDT,Market,,8.757,5.8,5.8,50.7906,0.1682,0.13772564,fully executed
2025-02-07 01:33:13,Open short,USDT,BERAUSDT,Limit,8.786,8.786,5.8,5.8,50.9588,0.0,0.0,fully executed
2025-02-06 16:45:26,Close long,USDT,BTCUSDT,Market,,97978.0,0.009,0.009,881.802,-0.585,-1.1140812,fully executed
2025-02-06 16:39:29,Open long,USDT,BTCUSDT,Limit,98043.0,98043.0,0.009,0.009,882.387,0.0,0.0,fully executed
2025-02-06 16:10:27,Close long,USDT,VINEUSDT,Market,,0.149754804469,716.0,716.0,107.22444,1.31372,1.249385336,fully executed
2025-02-06 16:04:10,Open long,USDT,VINEUSDT,Limit,0.14797,0.14792,716.0,716.0,105.91072,0.0,0.0,fully executed
2025-02-06 15:44:21,Close short,USDT,BANUSDT,Limit,0.0571,0.0571,1859.0,1859.0,106.1489,-0.1859,-0.20712978,fully executed
2025-02-06 15:36:51,Open short,USDT,BANUSDT,Limit,0.057,0.057,1859.0,1859.0,105.963,0.0,0.0,fully executed
2025-02-06 15:35:28,Close long,USDT,BANUSDT,Market,,0.0571,1861.0,1861.0,106.2631,-2.4193,-2.48305786,fully executed
2025-02-06 15:27:24,Open long,USDT,BANUSDT,Limit,0.0584,0.0584,1861.0,1861.0,108.6824,0.0,0.0,fully executed
2025-02-06 15:22:34,Close long,USDT,BANUSDT,Market,,0.0581,1873.0,1873.0,108.8213,-0.5619,-0.62719278,fully executed
2025-02-06 15:19:11,Open long,USDT,BANUSDT,Limit,0.0584,0.0584,1873.0,1873.0,109.3832,0.0,0.0,fully executed
2025-02-06 11:35:26,Close short,USDT,BANUSDT,Position TP—market,,0.0616,1746.0,1746.0,107.5536,0.873,0.80846784,fully executed
2025-02-06 11:33:54,Open short,USDT,BANUSDT,Limit,0.0621,0.0621,1746.0,1746.0,108.4266,0.0,0.0,fully executed
2025-02-05 18:32:54,Open short,USDT,BTCUSDT,Limit,97823.6,,0.006,0.0,0.0,0.0,0.0,cancelled
2025-02-05 13:31:27,Close long,USDT,BTCUSDT,Market,,97832.0,0.006,0.006,586.992,-1.5078,-1.8599952,fully executed
2025-02-05 12:55:16,Open long,USDT,BTCUSDT,Limit,98093.4,98083.3,0.006,0.006,588.4998,0.0,0.0,fully executed
2025-02-05 12:41:44,Open long,USDT,BTCUSDT,Limit,98106.9,,0.004,0.0,0.0,0.0,0.0,cancelled
2025-02-04 12:43:28,Close short,USDT,BTCUSDT,Market,,100212.0,0.001,0.001,100.212,0.5942,0.5340728,fully executed
2025-02-04 11:26:14,Open short,USDT,BTCUSDT,Limit,100800.0,,0.002,0.0,0.0,0.0,0.0,cancelled
2025-02-04 11:16:45,Open short,USDT,BTCUSDT,Limit,100800.0,100806.2,0.001,0.001,100.8062,0.0,0.0,fully executed
2025-02-03 23:00:19,Close long,USDT,BTCUSDT,Market,,96275.4,0.002,0.002,192.5508,-0.6182,-0.73373048,fully executed
2025-02-03 22:59:10,Open long,USDT,BTCUSDT,Limit,96584.5,96584.5,0.002,0.002,193.169,0.0,0.0,fully executed
2025-02-03 22:48:31,Close long,USDT,BTCUSDT,Market,,95801.7,0.002,0.002,191.6034,-0.3704,-0.48536204,fully executed
2025-02-03 22:47:43,Open long,USDT,BTCUSDT,Limit,95986.9,95986.9,0.002,0.002,191.9738,0.0,0.0,fully executed
2025-02-03 22:39:51,Close short,USDT,BTCUSDT,Market,,96350.0,0.002,0.002,192.7,-0.4266,-0.54222,fully executed
2025-02-03 22:39:22,Open short,USDT,BTCUSDT,Limit,96136.7,96136.7,0.002,0.002,192.2734,0.0,0.0,fully executed
2025-02-03 22:36:09,Close short,USDT,BTCUSDT,Market,,95567.7,0.002,0.002,191.1354,0.3958,0.28111876,fully executed
2025-02-03 22:35:46,Open short,USDT,BTCUSDT,Limit,95765.6,95765.6,0.002,0.002,191.5312,0.0,0.0,fully executed
2025-02-03 22:35:09,Open short,USDT,BTCUSDT,Limit,95883.3,,0.002,0.0,0.0,0.0,0.0,cancelled
2025-02-03 22:27:07,Close short,USDT,BTCUSDT,Market,,94589.0,0.002,0.002,189.178,-0.633,-0.7465068,fully executed
2025-02-03 22:21:23,Open short,USDT,BTCUSDT,Limit,94272.5,94272.5,0.002,0.002,188.545,0.0,0.0,fully executed
2025-02-03 20:58:13,Close short,USDT,BTCUSDT,Market,,94769.1,0.002,0.002,189.5382,0.0626,-0.05112292,fully executed
2025-02-03 20:57:56,Open short,USDT,BTCUSDT,Limit,94800.4,94800.4,0.002,0.002,189.6008,0.0,0.0,fully executed
2025-02-03 20:57:28,Open short,USDT,BTCUSDT,Limit,94838.6,,0.002,0.0,0.0,0.0,0.0,cancelled
2025-02-03 20:44:58,Open long,USDT,BTCUSDT,Limit,95177.0,,0.002,0.0,0.0,0.0,0.0,cancelled
2025-02-03 20:39:11,Close long,USDT,ETHUSDT,Market,,2611.15,0.02,0.02,52.223,-0.1814,-0.2127338,fully executed
2025-02-03 20:26:19,Open long,USDT,ETHUSDT,Limit,2620.48,2620.22,0.02,0.02,52.4044,0.0,0.0,fully executed
2025-02-03 20:23:18,Close long,USDT,DFUSDT,Limit,0.09627,0.09627,663.0,663.0,63.82701,-0.02652,-0.039285402,fully executed
2025-02-03 20:21:18,Close long,USDT,DFUSDT,Limit,0.09643,,663.0,0.0,0.0,0.0,0.0,cancelled
2025-02-03 20:20:39,Close long,USDT,DFUSDT,Limit,0.0967,,663.0,0.0,0.0,0.0,0.0,cancelled
2025-02-03 20:16:42,Open long,USDT,DFUSDT,Limit,0.09636,0.09631,663.0,663.0,63.85353,0.0,0.0,fully executed
2025-02-03 20:14:20,Close long,USDT,XTERUSDT,Market,,0.4195,128.0,128.0,53.696,0.2816,0.2493824,fully executed
2025-02-03 20:13:28,Close long,USDT,XTERUSDT,Limit,0.4201,,128.0,0.0,0.0,0.0,0.0,cancelled
2025-02-03 20:12:09,Open long,USDT,XTERUSDT,Limit,0.4173,0.4173,128.0,128.0,53.4144,0.0,0.0,fully executed
2025-02-03 20:08:31,Close long,USDT,FARTCOINUSDT,Market,,0.6738,79.2,79.2,53.36496,0.44352,0.411501024,fully executed
2025-02-03 20:06:46,Open long,USDT,FARTCOINUSDT,Limit,0.6683,0.6682,79.2,79.2,52.92144,0.0,0.0,fully executed
2025-02-03 17:27:24,Close short,USDT,VINEUSDT,Market,,0.13125,406.0,406.0,53.2875,-0.20706,-0.2390325,fully executed
2025-02-03 17:26:42,Open short,USDT,VINEUSDT,Limit,0.13074,0.13074,406.0,406.0,53.08044,0.0,0.0,fully executed
2025-02-03 17:25:35,Close short,USDT,VINEUSDT,Market,,0.13096,403.0,403.0,52.77688,0.16926,0.137593872,fully executed
2025-02-03 17:22:29,Open short,USDT,VINEUSDT,Limit,0.13138,0.13138,403.0,403.0,52.94614,0.0,0.0,fully executed
2025-02-03 17:22:17,Open short,USDT,VINEUSDT,Limit,0.13163,,403.0,0.0,0.0,0.0,0.0,cancelled
2025-02-03 17:21:56,Open short,USDT,VINEUSDT,Limit,0.13154,,483.0,0.0,0.0,0.0,0.0,cancelled
2025-02-03 17:07:23,Open long,USDT,BTCUSDT,Limit,95533.1,,0.002,0.0,0.0,0.0,0.0,cancelled
2025-02-03 16:36:12,Close long,USDT,ETHUSDT,Market,,2537.27,0.03,0.03,76.1181,-1.2075,-1.25317086,fully executed
2025-02-03 16:21:53,Open long,USDT,ETHUSDT,Limit,2577.77,2577.52,0.03,0.03,77.3256,0.0,0.0,fully executed
2025-02-02 22:16:00,Close long,USDT,BTCUSDT,Market,,99106.1,0.002,0.002,198.2122,0.7386,0.61967268,fully executed
2025-02-02 21:27:46,Open long,USDT,BTCUSDT,Limit,98740.2,98736.8,0.002,0.002,197.4736,0.0,0.0,fully executed
2025-02-02 20:20:53,Close long,USDT,BTCUSDT,Market,,98751.3,0.002,0.002,197.5026,-0.4974,-0.61590156,fully executed
2025-02-02 20:16:17,Open long,USDT,BTCUSDT,Limit,99000.0,99000.0,0.002,0.002,198.0,0.0,0.0,fully executed
2025-02-02 19:45:25,Close long,USDT,BTCUSDT,Market,,98774.3,0.002,0.002,197.5486,-0.4228,-0.54132916,fully executed
2025-02-02 19:39:33,Open long,USDT,BTCUSDT,Limit,99000.1,98985.7,0.002,0.002,197.9714,0.0,0.0,fully executed
2025-02-02 19:38:29,Open long,USDT,BTCUSDT,Limit,98991.9,,0.002,0.0,0.0,0.0,0.0,cancelled
2025-02-02 19:36:44,Open long,USDT,BTCUSDT,Limit,99000.0,,0.002,0.0,0.0,0.0,0.0,cancelled
2025-02-02 19:36:09,Open long,USDT,BTCUSDT,Limit,99095.6,,0.002,0.0,0.0,0.0,0.0,cancelled
2025-02-02 19:31:28,Open long,USDT,BTCUSDT,Limit,99160.2,,0.027,0.0,0.0,0.0,0.0,cancelled
2025-02-02 19:30:33,Open long,USDT,BTCUSDT,Limit,99044.3,,0.014,0.0,0.0,0.0,0.0,cancelled
2025-02-02 18:18:42,Close long,USDT,VINEUSDT,Market,,0.161261208458,331.0,331.0,53.37746,-1.5553,-1.587326476,fully executed
2025-02-02 18:08:20,Open long,USDT,VINEUSDT,Limit,0.16599,0.16596,331.0,331.0,54.93276,0.0,0.0,fully executed
2025-02-02 17:38:30,Close long,USDT,BTCUSDT,Market,,99688.8,0.002,0.002,199.3776,0.4006,0.28097344,fully executed
2025-02-02 17:30:49,Open long,USDT,BTCUSDT,Limit,99488.5,99488.5,0.002,0.002,198.977,0.0,0.0,fully executed
2025-02-02 17:30:28,Open long,USDT,BTCUSDT,Limit,99475.3,,0.002,0.0,0.0,0.0,0.0,cancelled
2025-02-02 17:11:25,Close short,USDT,VINEUSDT,Market,,0.16164,343.0,343.0,55.44252,-0.46648,-0.499745512,fully executed
2025-02-02 17:07:05,Open short,USDT,VINEUSDT,Limit,0.16016,0.16028,343.0,343.0,54.97604,0.0,0.0,fully executed
2025-02-02 17:06:55,Open short,USDT,VINEUSDT,Limit,0.16074,,274.0,0.0,0.0,0.0,0.0,cancelled
2025-02-02 17:06:30,Open short,USDT,VINEUSDT,Limit,0.16131,,341.0,0.0,0.0,0.0,0.0,cancelled
2025-02-02 17:05:29,Open short,USDT,VINEUSDT,Limit,0.1618,,340.0,0.0,0.0,0.0,0.0,cancelled
2025-02-02 17:04:51,Close long,USDT,VINEUSDT,Market,,0.161874437869,338.0,338.0,54.71356,-0.48522,-0.518048136,fully executed
2025-02-02 17:02:43,Open long,USDT,VINEUSDT,Limit,0.16336,0.16331,338.0,338.0,55.19878,0.0,0.0,fully executed
2025-02-02 17:02:14,Open long,USDT,VINEUSDT,Limit,0.16391,,337.0,0.0,0.0,0.0,0.0,cancelled
2025-02-02 16:55:43,Close short,USDT,BTCUSDT,Market,,99659.0,0.002,0.002,199.318,0.0146,-0.1049908,fully executed
2025-02-02 16:55:16,Open short,USDT,BTCUSDT,Market price – Reverse,,99666.3,0.002,0.002,199.3326,0.0,0.0,fully executed
2025-02-02 16:55:16,Close long,USDT,BTCUSDT,Market price – Reverse,,99666.3,0.002,0.002,199.3326,-0.6212,-0.74079956,fully executed
2025-02-02 16:43:23,Open long,USDT,BTCUSDT,Limit,99976.9,99976.9,0.002,0.002,199.9538,0.0,0.0,fully executed
2025-02-02 16:43:07,Open long,USDT,BTCUSDT,Limit,99950.2,,0.002,0.0,0.0,0.0,0.0,cancelled
2025-02-02 16:41:32,Open long,USDT,BTCUSDT,Limit,100024.8,,0.002,0.0,0.0,0.0,0.0,cancelled
2025-02-02 16:40:10,Open long,USDT,BTCUSDT,Limit,100005.5,,0.002,0.0,0.0,0.0,0.0,cancelled
2025-02-02 16:39:40,Open long,USDT,BTCUSDT,Limit,99970.4,,0.002,0.0,0.0,0.0,0.0,cancelled
2025-02-02 16:32:16,Close long,USDT,BTCUSDT,Market,,99944.1,0.127,0.127,12692.9007,18.2626,10.64685958,fully executed
2025-02-02 16:30:50,Open long,USDT,BTCUSDT,Limit,99800.3,99800.3,0.127,0.127,12674.6381,0.0,0.0,fully executed
2025-02-02 16:30:32,Open long,USDT,BTCUSDT,Limit,99750.2,,0.127,0.0,0.0,0.0,0.0,cancelled
2025-02-02 16:25:31,Close long,USDT,VINEUSDT,Market,,0.16305,338.0,338.0,55.1109,1.52776,1.49469346,fully executed
2025-02-02 16:22:40,Open long,USDT,VINEUSDT,Limit,0.15856,0.15853,338.0,338.0,53.58314,0.0,0.0,fully executed
2025-02-02 16:16:44,Open short,USDT,BTCUSDT,Limit,99354.2,,0.126,0.0,0.0,0.0,0.0,cancelled
2025-02-02 15:48:57,Close long,USDT,VINEUSDT,Position SL—market,,0.16465,293.0,293.0,48.24245,-1.35073,-1.37967547,fully executed
2025-02-02 15:26:25,Open long,USDT,VINEUSDT,Limit,0.16926,0.16926,293.0,293.0,49.59318,0.0,0.0,fully executed
2025-02-02 15:25:22,Close long,USDT,VINEUSDT,Position SL—market,,0.1708,286.0,286.0,48.8488,-1.48434,-1.51364928,fully executed
2025-02-02 14:58:23,Open long,USDT,VINEUSDT,Limit,0.17599,0.17599,286.0,286.0,50.33314,0.0,0.0,fully executed
2025-02-02 13:45:08,Close long,USDT,ETHUSDT,Market,,3114.84,0.05,0.05,155.742,0.6095,0.5160548,fully executed
2025-02-02 13:36:38,Close long,USDT,BTCUSDT,Market,,100064.2,0.005,0.005,500.321,1.806,1.5058074,fully executed
2025-02-02 12:47:41,Open long,USDT,ETHUSDT,Limit,3102.65,3102.65,0.05,0.05,155.1325,0.0,0.0,fully executed
2025-02-02 12:47:31,Open long,USDT,ETHUSDT,Limit,3100.79,,0.07,0.0,0.0,0.0,0.0,cancelled
2025-02-02 12:47:04,Open long,USDT,ETHUSDT,Limit,3099.27,,0.05,0.0,0.0,0.0,0.0,cancelled
2025-02-02 12:46:35,Open long,USDT,BTCUSDT,Limit,99715.4,99703.0,0.005,0.005,498.515,0.0,0.0,fully executed
2025-02-02 02:35:49,Close short,USDT,ETHUSDT,Market,,3252.45,0.02,0.02,65.049,0.048,0.0089706,fully executed
2025-02-02 02:34:37,Open short,USDT,ETHUSDT,Limit,3254.85,3254.85,0.02,0.02,65.097,0.0,0.0,fully executed
2025-02-01 23:46:35,Close long,USDT,ETHUSDT,Market,,3254.4,0.17,0.17,553.248,1.1356,0.8036512,fully executed
2025-02-01 23:32:36,Open long,USDT,ETHUSDT,Limit,3247.72,3247.72,0.17,0.17,552.1124,0.0,0.0,fully executed
2025-02-01 23:32:13,Open long,USDT,ETHUSDT,Limit,3244.63,,0.17,0.0,0.0,0.0,0.0,cancelled
2025-01-31 23:40:17,Close short,USDT,VTHOUSDT,Market,,0.005646,10000.0,10000.0,56.46,-0.54,-0.573876,fully executed
2025-01-31 23:38:36,Open short,USDT,VTHOUSDT,Limit,0.005592,0.005592,10000.0,10000.0,55.92,0.0,0.0,fully executed
2025-01-31 23:37:30,Close short,USDT,VTHOUSDT,Market,,0.005592,10300.0,10300.0,57.5976,-0.9167,-0.95125856,fully executed
2025-01-31 23:19:15,Close long,USDT,BTCUSDT,Market,,104701.0,0.003,0.003,314.103,-0.1047,-0.2931618,fully executed
2025-01-31 23:18:49,Open long,USDT,BTCUSDT,Limit,104777.1,104735.9,0.003,0.003,314.2077,0.0,0.0,fully executed
2025-01-31 23:16:40,Open short,USDT,VTHOUSDT,Limit,0.005491,0.005503,10300.0,10300.0,56.6809,0.0,0.0,fully executed
2025-01-31 23:14:21,Close long,USDT,ARCUSDT,Market,,0.28621,354.0,354.0,101.31834,-0.58764,-0.648431004,fully executed
2025-01-31 23:10:41,Close long,USDT,LDOUSDT,Market,,2.3525,54.8,54.8,128.917,0.20824,0.1308898,fully executed
2025-01-31 23:02:06,Open long,USDT,ARCUSDT,Limit,0.2879,0.28787,354.0,354.0,101.90598,0.0,0.0,fully executed
2025-01-31 23:00:12,Close short,USDT,ETHUSDT,Market,,3351.64,0.19,0.19,636.8116,-2.7246,-3.10668696,fully executed
2025-01-31 22:50:38,Open short,USDT,ETHUSDT,Limit,3337.3,3337.3,0.19,0.19,634.087,0.0,0.0,fully executed
2025-01-31 22:47:03,Open long,USDT,LDOUSDT,Limit,2.3487,2.3487,54.8,54.8,128.70876,0.0,0.0,fully executed
2025-01-31 22:46:42,Close long,USDT,ANIMEUSDT,Market,,0.04668274541,2506.0,2506.0,116.98696,-0.64468,-0.714872176,fully executed
2025-01-31 22:40:53,Open long,USDT,ANIMEUSDT,Limit,0.04694,0.04694,2506.0,2506.0,117.63164,0.0,0.0,fully executed
2025-01-31 22:35:29,Close long,USDT,ANIMEUSDT,Market,,0.047023752751,2726.0,2726.0,128.18675,-1.38003,-1.45694205,fully executed
2025-01-31 22:31:12,Close long,USDT,JASMYUSDT,Position SL—market,,0.031976,3729.0,3729.0,119.238504,-0.652575,-0.7241181024,fully executed
2025-01-31 22:30:20,Open long,USDT,ANIMEUSDT,Limit,0.04757,0.04753,2726.0,2726.0,129.56678,0.0,0.0,fully executed
2025-01-31 22:17:18,Open long,USDT,JASMYUSDT,Limit,0.032151,0.032151,3729.0,3729.0,119.891079,0.0,0.0,fully executed
2025-01-31 22:13:49,Close short,USDT,VINEUSDT,Market,,0.19474,620.0,620.0,120.7388,-0.3844,-0.45684328,fully executed
2025-01-31 22:09:21,Open short,USDT,VINEUSDT,Limit,0.19412,0.19412,620.0,620.0,120.3544,0.0,0.0,fully executed
2025-01-31 22:07:15,Close short,USDT,VTHOUSDT,Market,,0.005643,10600.0,10600.0,59.8158,0.3392,0.30331052,fully executed
2025-01-31 22:02:23,Open short,USDT,VTHOUSDT,Limit,0.005674,0.005675,10600.0,10600.0,60.155,0.0,0.0,fully executed
2025-01-31 21:50:30,Close short,USDT,ANIMEUSDT,Market,,0.04757,2517.0,2517.0,119.73369,0.22653,0.154689786,fully executed
2025-01-31 21:40:50,Open short,USDT,ANIMEUSDT,Limit,0.04766,0.04766,2517.0,2517.0,119.96022,0.0,0.0,fully executed
2025-01-31 21:32:21,Open long,USDT,OMUSDT,Limit,5.41811,,22.2,0.0,0.0,0.0,0.0,cancelled
2025-01-31 20:43:43,Close long,USDT,VTHOUSDT,Market,,0.005949,20200.0,20200.0,120.1698,-0.808,-0.88010188,fully executed
2025-01-31 20:31:59,Open short,USDT,LDOUSDT,Limit,2.324,,46.9,0.0,0.0,0.0,0.0,cancelled
2025-01-31 20:27:31,Open long,USDT,VTHOUSDT,Limit,0.005989,0.005989,20200.0,20200.0,120.9778,0.0,0.0,fully executed
2025-01-31 17:47:03,Close long,USDT,AIXBTUSDT,Market,,0.45766,270.0,270.0,123.5682,-2.3355,-2.40964092,fully executed
2025-01-31 17:47:00,Close long,USDT,VINEUSDT,Market,,0.187735914396,771.0,771.0,144.74439,-2.44722,-2.534066634,fully executed
2025-01-31 17:09:42,Open long,USDT,VINEUSDT,Limit,0.1913,0.19091,771.0,771.0,147.19161,0.0,0.0,fully executed
2025-01-31 16:33:03,Open long,USDT,AIXBTUSDT,Limit,0.46631,0.46631,270.0,270.0,125.9037,0.0,0.0,fully executed
2025-01-31 16:00:25,Close long,USDT,JASMYUSDT,Market,,0.031869,7924.0,7924.0,252.529956,-0.55468,-0.7061979736,fully executed
2025-01-31 15:45:33,Open long,USDT,JASMYUSDT,Limit,0.031939,0.031939,7924.0,7924.0,253.084636,0.0,0.0,fully executed
2025-01-31 15:20:39,Close long,USDT,JASMYUSDT,Market,,0.031868,5889.0,5889.0,187.670652,1.389804,1.2772016088,fully executed
2025-01-31 14:37:38,Close long,USDT,MOCAUSDT,Market,,0.21668,1273.0,1273.0,275.83364,0.36917,0.203669816,fully executed
2025-01-31 14:31:36,Open long,USDT,MOCAUSDT,Limit,0.21639,0.21639,1273.0,1273.0,275.46447,0.0,0.0,fully executed
2025-01-31 14:29:56,Close long,USDT,MOCAUSDT,Market,,0.21506,1174.0,1174.0,252.48044,-4.696,-4.847488264,fully executed
2025-01-31 14:14:30,Open long,USDT,JASMYUSDT,Limit,0.031632,0.031632,5889.0,5889.0,186.280848,0.0,0.0,fully executed
2025-01-31 14:13:09,Open long,USDT,MOCAUSDT,Limit,0.21906,0.21906,1174.0,1174.0,257.17644,0.0,0.0,fully executed
2025-01-30 22:07:36,Close long,USDT,VINEUSDT,Market,,0.25243,519.0,519.0,131.01117,2.32512,2.246513298,fully executed
2025-01-30 21:38:26,Close long,USDT,VINEUSDT,Partial TP—market,,0.2499,509.0,509.0,127.1991,0.99255,0.91623054,fully executed
2025-01-30 21:18:30,Open long,USDT,VINEUSDT,Limit,0.24818,0.24795,1028.0,1028.0,254.8926,0.0,0.0,fully executed
2025-01-30 21:18:01,Open long,USDT,VINEUSDT,Limit,0.2473,,1031.0,0.0,0.0,0.0,0.0,cancelled
2025-01-30 15:30:09,Open long,USDT,TRUMPUSDT,Limit,27.0,,16.2,0.0,0.0,0.0,0.0,cancelled
2025-01-30 12:36:15,Close short,USDT,BTCUSDT,Market,,104829.6,0.013,0.013,1362.7848,1.7979,0.98022912,fully executed
2025-01-30 12:31:59,Open short,USDT,BTCUSDT,Market price – Reverse,,104967.9,0.013,0.013,1364.5827,0.0,0.0,fully executed
2025-01-30 12:31:59,Close long,USDT,BTCUSDT,Market price – Reverse,,104967.9,0.013,0.013,1364.5827,-1.0361,-1.85484962,fully executed
2025-01-30 12:24:33,Open long,USDT,BTCUSDT,Limit,105055.8,105047.6,0.013,0.013,1365.6188,0.0,0.0,fully executed
2025-01-29 19:10:58,Open short,USDT,SPELLUSDT,Limit,0.0018449,,104830.0,0.0,0.0,0.0,0.0,cancelled
2025-01-29 19:01:45,Open short,USDT,SPELLUSDT,Limit,0.0018443,,574928.0,0.0,0.0,0.0,0.0,cancelled
2025-01-29 18:40:34,Close short,USDT,SPELLUSDT,Market,,0.0018267,21830.0,21830.0,39.876861,0.128797,0.1048708834,fully executed
2025-01-29 18:40:14,Open short,USDT,SPELLUSDT,Limit,0.0018326,0.0018326,578108.0,21830.0,40.005658,0.0,0.0,cancelled
2025-01-29 18:29:40,Close long,USDT,SPELLUSDT,Market,,0.001840577327,371165.0,371165.0,683.1578843,-2.0498222,-2.45971693058,fully executed
2025-01-29 18:28:50,Open long,USDT,SPELLUSDT,Limit,0.0018461,0.0018461,371165.0,371165.0,685.2077065,0.0,0.0,fully executed
2025-01-29 18:28:20,Close long,USDT,SPELLUSDT,Market,,0.0018434,269067.0,269067.0,495.9981078,-12.915216,-13.21281486468,fully executed
2025-01-29 18:17:27,Open long,USDT,SPELLUSDT,Limit,0.0018914,0.0018914,269067.0,269067.0,508.9133238,0.0,0.0,fully executed
2025-01-29 17:28:00,Close short,USDT,BTCUSDT,Market,,102381.0,0.005,0.005,511.905,0.4355,0.128357,fully executed
2025-01-29 17:23:27,Open short,USDT,BTCUSDT,Limit,102468.1,102468.1,0.005,0.005,512.3405,0.0,0.0,fully executed
2025-01-29 17:23:08,Open short,USDT,BTCUSDT,Limit,102468.1,,0.005,0.0,0.0,0.0,0.0,cancelled
2025-01-29 17:18:28,Close short,USDT,BTCUSDT,Market,,102484.5,0.035,0.035,3586.9575,8.897,6.7448255,fully executed
2025-01-29 16:50:45,Open short,USDT,BTCUSDT,Limit,102738.7,102738.7,0.035,0.035,3595.8545,0.0,0.0,fully executed
2025-01-29 16:42:22,Close short,USDT,BTCUSDT,Market,,102791.4,0.015,0.015,1541.871,0.7845,-0.1406226,fully executed
2025-01-29 16:34:02,Open short,USDT,BTCUSDT,Limit,102843.7,102843.7,0.015,0.015,1542.6555,0.0,0.0,fully executed
2025-01-29 16:33:46,Open short,USDT,BTCUSDT,Limit,103000.0,,0.018,0.0,0.0,0.0,0.0,cancelled
2025-01-29 16:32:55,Open short,USDT,BTCUSDT,Limit,102849.1,,0.029,0.0,0.0,0.0,0.0,cancelled
2025-01-29 16:18:02,Open long,USDT,SPELLUSDT,Limit,0.0018707,,395000.0,0.0,0.0,0.0,0.0,cancelled
2025-01-29 16:16:10,Open long,USDT,SPELLUSDT,Limit,0.0018557,,943041.0,0.0,0.0,0.0,0.0,cancelled
2025-01-29 15:57:32,Open long,USDT,SPELLUSDT,Limit,0.0018827,,557710.0,0.0,0.0,0.0,0.0,cancelled
2025-01-29 15:56:03,Close short,USDT,SPELLUSDT,Market,,0.00188461287,664894.0,664894.0,1253.0677895,-6.049686909476,-6.801527583176,fully executed
2025-01-29 15:55:46,Open short,USDT,SPELLUSDT,Market price – Reverse,,0.001875514146,664894.0,664894.0,1247.0181029,0.0,0.0,fully executed
2025-01-29 15:55:46,Close long,USDT,SPELLUSDT,Market price – Reverse,,0.00187574679,664894.0,664894.0,1247.1727879,-2.8279321,-3.57623577274,fully executed
2025-01-29 15:55:11,Open long,USDT,SPELLUSDT,Limit,0.00188,0.00188,664894.0,664894.0,1250.00072,0.0,0.0,fully executed
2025-01-29 15:54:33,Open long,USDT,SPELLUSDT,Limit,0.0018742,,666951.0,0.0,0.0,0.0,0.0,cancelled
2025-01-29 15:54:08,Close long,USDT,SPELLUSDT,Market,,0.001877360599,960410.0,960410.0,1803.0358937,3.0354717,1.95365016378,fully executed
2025-01-29 15:53:44,Open long,USDT,SPELLUSDT,Limit,0.0018742,0.0018742,960410.0,960410.0,1800.000422,0.0,0.0,fully executed
2025-01-29 15:52:58,Close short,USDT,SPELLUSDT,Market,,0.001861693606,665142.0,665142.0,1238.2906064,-1.1264864,-1.86946076384,fully executed
2025-01-29 15:52:53,Open short,USDT,SPELLUSDT,Market price – Reverse,,0.00186,665142.0,665142.0,1237.16412,0.0,0.0,fully executed
2025-01-29 15:52:53,Close long,USDT,SPELLUSDT,Market price – Reverse,,0.001860184586,665142.0,665142.0,1237.286896,-12.293297350742,-13.035669488342,fully executed
2025-01-29 15:52:28,Open long,USDT,SPELLUSDT,Limit,0.0018793,0.001878666801,665142.0,665142.0,1249.5801924,0.0,0.0,fully executed
2025-01-29 15:48:16,Close long,USDT,SPELLUSDT,Market,,0.0019102,191608.0,191608.0,366.0096016,1.2646128,1.04500703904,fully executed
2025-01-29 15:47:40,Open long,USDT,SPELLUSDT,Limit,0.0019039,0.0019036,191608.0,191608.0,364.7449888,0.0,0.0,fully executed
2025-01-29 15:42:50,Open long,USDT,SPELLUSDT,Limit,0.0018437,,813582.0,0.0,0.0,0.0,0.0,cancelled
2025-01-29 15:41:43,Close long,USDT,SPELLUSDT,Market,,0.001858516245,908994.0,908994.0,1689.3801179,4.291480226696,3.277852155956,fully executed
2025-01-29 15:41:33,Open long,USDT,SPELLUSDT,Limit,0.0018702,0.001853795116,908994.0,908994.0,1685.0886372,0.0,0.0,fully executed
2025-01-29 15:40:26,Close long,USDT,SPELLUSDT,Market,,0.001862660754,574966.0,574966.0,1070.9666038,3.4847282,2.84214823772,fully executed
2025-01-29 15:39:49,Open long,USDT,SPELLUSDT,Limit,0.0018566,0.0018566,574966.0,574966.0,1067.4818756,0.0,0.0,fully executed
2025-01-29 15:37:09,Close long,USDT,BTCUSDT,Market,,102544.1,0.022,0.022,2255.9702,1.5576,0.20401788,fully executed
2025-01-29 15:29:59,Open long,USDT,SPELLUSDT,Limit,0.0017854,,194810.0,0.0,0.0,0.0,0.0,cancelled
2025-01-29 15:19:00,Open long,USDT,BTCUSDT,Limit,102473.3,102473.3,0.022,0.022,2254.4126,0.0,0.0,fully executed
2025-01-29 15:15:37,Close short,USDT,SPELLUSDT,Market,,0.001758420595,724113.0,724113.0,1273.2952109,9.9054364,9.14145927346,fully executed
2025-01-29 15:14:45,Open short,USDT,SPELLUSDT,Market price – Reverse,,0.0017721,724113.0,724113.0,1283.2006473,0.0,0.0,fully executed
2025-01-29 15:14:45,Close long,USDT,SPELLUSDT,Market price – Reverse,,0.001771364487,724113.0,724113.0,1282.6680534,-17.148049523559,-17.917650355599,fully executed
2025-01-29 15:11:06,Open long,USDT,SPELLUSDT,Limit,0.0017953,0.001795045943,724113.0,724113.0,1299.8161026,0.0,0.0,fully executed
2025-01-29 15:06:51,Close short,USDT,BTCUSDT,Market,,102560.5,0.03,0.03,3076.815,5.982,4.135911,fully executed
2025-01-29 15:00:35,Open short,USDT,BTCUSDT,Limit,102759.9,102759.9,0.03,0.03,3082.797,0.0,0.0,fully executed
2025-01-29 14:58:59,Open short,USDT,BTCUSDT,Limit,103000.0,,0.042,0.0,0.0,0.0,0.0,cancelled
2025-01-29 00:03:37,Close short,USDT,SPELLUSDT,Market,,0.0017258,1069612.0,1069612.0,1845.9363896,2.056943027288,0.949381193528,fully executed
2025-01-29 00:01:34,Open short,USDT,SPELLUSDT,Limit,0.0017265,0.001727723074,1069612.0,1069612.0,1847.9933342,0.0,0.0,fully executed
2025-01-29 00:00:53,Close short,USDT,SPELLUSDT,Market,,0.00173582516,1175931.0,1175931.0,2041.2106121,7.6139692,6.38924283274,fully executed
2025-01-29 00:00:39,Open short,USDT,SPELLUSDT,Limit,0.0017415,0.0017423,1175931.0,1175931.0,2048.8245813,0.0,0.0,fully executed
2025-01-28 23:57:13,Close long,USDT,SPELLUSDT,Market,,0.001769524406,1020524.0,1020524.0,1805.8421276,5.8418964,4.75839112344,fully executed
2025-01-28 23:54:00,Open long,USDT,SPELLUSDT,Limit,0.0017638,0.0017638,1020524.0,1020524.0,1800.0002312,0.0,0.0,fully executed
2025-01-28 23:53:12,Open long,USDT,SPELLUSDT,Limit,0.0017675,,1131542.0,0.0,0.0,0.0,0.0,cancelled
2025-01-28 23:48:53,Close long,USDT,SPELLUSDT,Market,,0.001739037904,688895.0,688895.0,1198.0145174,-48.80664367885,-49.52545238929,fully executed
2025-01-28 23:45:52,Close long,USDT,BTCUSDT,Market,,102797.7,0.028,0.028,2878.3356,-10.0212,-11.74820136,fully executed
2025-01-28 23:38:22,Open long,USDT,BTCUSDT,Limit,103155.6,103155.6,0.028,0.028,2888.3568,0.0,0.0,fully executed
2025-01-28 23:18:12,Open long,USDT,SPELLUSDT,Limit,0.0018145,0.00180988563,688895.0,688895.0,1246.8211599,0.0,0.0,fully executed
2025-01-28 22:48:26,Open long,USDT,SPELLUSDT,Limit,0.0016866,,516065.0,0.0,0.0,0.0,0.0,cancelled
2025-01-28 22:46:44,Close short,USDT,BTCUSDT,Market,,102188.8,0.012,0.012,1226.2656,2.6232,1.88744064,fully executed
2025-01-28 22:45:58,Open short,USDT,BTCUSDT,Limit,102407.4,102407.4,0.012,0.012,1228.8888,0.0,0.0,fully executed
2025-01-28 22:45:22,Close short,USDT,BTCUSDT,Market,,102310.5,0.011,0.011,1125.4155,-1.2166,-1.8918493,fully executed
2025-01-28 22:45:01,Open short,USDT,BTCUSDT,Limit,102130.3,102199.9,0.011,0.011,1124.1989,0.0,0.0,fully executed
2025-01-28 22:07:37,Open long,USDT,SPELLUSDT,Limit,0.0017035,,644980.0,0.0,0.0,0.0,0.0,cancelled
2025-01-28 21:55:37,Open long,USDT,SPELLUSDT,Limit,0.0017,,538590.0,0.0,0.0,0.0,0.0,cancelled
2025-01-28 21:49:18,Open long,USDT,SPELLUSDT,Limit,0.0016767,,546075.0,0.0,0.0,0.0,0.0,cancelled
2025-01-28 21:48:13,Close long,USDT,SPELLUSDT,Market,,0.001689337626,517216.0,517216.0,873.7524504,5.6053944,5.08114292976,fully executed
2025-01-28 21:46:24,Open long,USDT,SPELLUSDT,Limit,0.0016785,0.0016785,517216.0,517216.0,868.147056,0.0,0.0,fully executed
2025-01-28 21:45:53,Close long,USDT,SPELLUSDT,Market,,0.001677154809,480008.0,480008.0,805.0477264,7.9944424,7.51141376416,fully executed
2025-01-28 21:44:58,Open long,USDT,SPELLUSDT,Limit,0.0016605,0.0016605,480008.0,480008.0,797.053284,0.0,0.0,fully executed
2025-01-28 13:58:35,Close short,USDT,BTCUSDT,Market,,102941.6,0.016,0.016,1647.0656,-0.8576,-1.84583936,fully executed
2025-01-28 13:57:34,Open short,USDT,BTCUSDT,Market price – Reverse,,102888.0,0.016,0.016,1646.208,0.0,0.0,fully executed
2025-01-28 13:57:34,Close long,USDT,BTCUSDT,Market price – Reverse,,102888.0,0.016,0.016,1646.208,-4.8336,-5.8213248,fully executed
2025-01-28 13:36:44,Open long,USDT,BTCUSDT,Limit,103190.1,103190.1,0.016,0.016,1651.0416,0.0,0.0,fully executed
2025-01-28 13:15:23,Close long,USDT,BTCUSDT,Market,,102903.4,0.018,0.018,1852.2612,-3.087,-4.19835672,fully executed
2025-01-28 13:10:34,Open long,USDT,BTCUSDT,Limit,103074.9,103074.9,0.018,0.018,1855.3482,0.0,0.0,fully executed
2025-01-28 13:05:17,Close short,USDT,BTCUSDT,Market,,103030.2,0.012,0.012,1236.3624,-1.7028,-2.44461744,fully executed
2025-01-28 12:53:50,Open short,USDT,BTCUSDT,Limit,102888.3,102888.3,0.012,0.012,1234.6596,0.0,0.0,fully executed
2025-01-28 00:10:32,Close short,USDT,BTCUSDT,Market,,101060.1,0.03,0.03,3031.803,-6.33,-8.1490818,fully executed
2025-01-28 00:09:41,Open short,USDT,BTCUSDT,Limit,100849.1,100849.1,0.03,0.03,3025.473,0.0,0.0,fully executed
2025-01-27 23:48:19,Close long,USDT,BTCUSDT,Market,,101283.4,0.043,0.043,4355.1862,-9.3181,-11.93121172,fully executed
2025-01-27 23:38:15,Open long,USDT,BTCUSDT,Limit,101500.1,101500.1,0.043,0.043,4364.5043,0.0,0.0,fully executed
2025-01-27 23:37:52,Close short,USDT,BTCUSDT,Market,,101505.9,0.03,0.03,3045.177,3.216,1.3888938,fully executed
2025-01-27 23:37:26,Open short,USDT,BTCUSDT,Limit,101580.0,101613.1,0.03,0.03,3048.393,0.0,0.0,fully executed
2025-01-27 22:58:35,Close long,USDT,BTCUSDT,Market,,102176.0,0.03,0.03,3065.28,6.87,5.030832,fully executed
2025-01-27 22:54:35,Open long,USDT,BTCUSDT,Limit,101949.2,101947.0,0.03,0.03,3058.41,0.0,0.0,fully executed
2025-01-27 22:50:34,Close long,USDT,BTCUSDT,Market,,101903.2,0.025,0.025,2547.58,5.8275,4.298952,fully executed
2025-01-27 22:48:48,Open long,USDT,BTCUSDT,Limit,101705.2,101670.1,0.025,0.025,2541.7525,0.0,0.0,fully executed
2025-01-27 22:46:53,Close long,USDT,BTCUSDT,Market,,101286.8,0.025,0.025,2532.17,6.54,5.020698,fully executed
2025-01-27 22:38:56,Open long,USDT,BTCUSDT,Market price – Reverse,,101025.2,0.025,0.025,2525.63,0.0,0.0,fully executed
2025-01-27 22:38:56,Close short,USDT,BTCUSDT,Market price – Reverse,,101025.2,0.025,0.025,2525.63,-12.07,-13.585378,fully executed
2025-01-27 22:30:05,Open short,USDT,BTCUSDT,Limit,100542.4,100542.4,0.025,0.025,2513.56,0.0,0.0,fully executed
2025-01-27 16:51:14,Close short,USDT,VINEUSDT,Position TP—market,,0.284714907358,3670.0,3670.0,1044.90371,2.91799,2.291047774,fully executed
2025-01-27 16:36:37,Open short,USDT,VINEUSDT,Limit,0.28551,0.28551,3670.0,3670.0,1047.8217,0.0,0.0,fully executed
2025-01-27 16:35:58,Open short,USDT,VINEUSDT,Limit,0.2871,,4523.0,0.0,0.0,0.0,0.0,cancelled
2025-01-27 16:29:38,Close short,USDT,VINEUSDT,Market,,0.292329921467,1528.0,1528.0,446.68012,-13.77663000156,-14.04463807356,fully executed
2025-01-27 16:13:42,Open short,USDT,VINEUSDT,Limit,0.28306,0.283313802355,1528.0,1528.0,432.90349,0.0,0.0,fully executed
2025-01-27 14:31:11,Close short,USDT,BTCUSDT,Market,,99668.0,0.022,0.022,2192.696,5.7024,4.3867824,fully executed
2025-01-27 14:28:17,Open short,USDT,BTCUSDT,Limit,99927.2,99927.2,0.022,0.022,2198.3984,0.0,0.0,fully executed
2025-01-27 14:23:13,Close short,USDT,BTCUSDT,Market,,99722.1,0.022,0.022,2193.8862,3.2054,1.88906828,fully executed
2025-01-27 14:20:56,Open short,USDT,BTCUSDT,Limit,99850.8,99867.8,0.022,0.022,2197.0916,0.0,0.0,fully executed
2025-01-27 14:15:09,Close long,USDT,BTCUSDT,Market,,100135.9,0.023,0.023,2303.1257,-6.2675,-7.64937542,fully executed
2025-01-27 14:08:05,Open long,USDT,BTCUSDT,Limit,100408.4,100408.4,0.023,0.023,2309.3932,0.0,0.0,fully executed
2025-01-27 14:05:45,Close long,USDT,VINEUSDT,Market,,0.29871,2323.0,2323.0,693.90333,1.993979997109,1.577637999109,fully executed
2025-01-27 13:59:59,Open long,USDT,VINEUSDT,Limit,0.298,0.297851635817,2323.0,2323.0,691.90935,0.0,0.0,fully executed
2025-01-27 13:52:58,Close short,USDT,VINEUSDT,Market,,0.289443254943,2934.0,2934.0,849.22651,1.988849994884,1.479314088884,fully executed
2025-01-27 13:51:12,Open short,USDT,VINEUSDT,Market price – Reverse,,0.290121117926,2934.0,2934.0,851.21536,0.0,0.0,fully executed
2025-01-27 13:51:12,Close long,USDT,VINEUSDT,Market price – Reverse,,0.2901,2934.0,2934.0,851.1534,-17.4627700029,-17.9734620429,fully executed
2025-01-27 13:45:36,Open long,USDT,VINEUSDT,Limit,0.29613,0.29605186435,2934.0,2934.0,868.61617,0.0,0.0,fully executed
2025-01-27 13:36:50,Close long,USDT,SPELLUSDT,Market,,0.001488391515,1309697.0,1309697.0,1949.3419024,-19.9185068,-21.08811194144,fully executed
2025-01-27 13:31:46,Open long,USDT,SPELLUSDT,Limit,0.0015036,0.0015036,1309697.0,1309697.0,1969.2604092,0.0,0.0,fully executed
2025-01-26 20:01:08,Close short,USDT,TRUMPUSDT,Market,,29.923,3.3,3.3,98.7459,-0.9801,-1.03934754,fully executed
2025-01-26 19:58:20,Open short,USDT,TRUMPUSDT,Limit,29.621,29.626,3.3,3.3,97.7658,0.0,0.0,fully executed
2025-01-26 19:58:05,Open short,USDT,TRUMPUSDT,Limit,29.656,,7.9,0.0,0.0,0.0,0.0,cancelled
2025-01-26 19:03:05,Close short,USDT,VINEUSDT,Limit,0.40423,0.403307418123,1832.0,1832.0,738.85919,5.073079998376,4.629764484376,fully executed
2025-01-26 18:55:11,Open short,USDT,VINEUSDT,Limit,0.40603,0.406076566593,1832.0,1832.0,743.93227,0.0,0.0,fully executed
2025-01-26 18:30:13,Close short,USDT,VINEUSDT,Market,,0.42021,938.0,938.0,394.15698,-3.381120000272,-3.617614188272,fully executed
2025-01-26 18:25:10,Open short,USDT,VINEUSDT,Limit,0.41538,0.416605394456,938.0,938.0,390.77586,0.0,0.0,fully executed
2025-01-26 09:37:47,Close long,USDT,JUPUSDT,Market,,0.93674919323,5082.0,5082.0,4760.5594,-38.70360000455,-41.55993564455,fully executed
2025-01-26 09:27:48,Open long,USDT,JUPUSDT,Limit,0.9445,0.944365013775,5082.0,5082.0,4799.263,0.0,0.0,fully executed
2025-01-26 09:26:52,Open long,USDT,JUPUSDT,Limit,0.9426,,5092.0,0.0,0.0,0.0,0.0,cancelled
2025-01-26 09:17:57,Close long,USDT,JUPUSDT,Market,,0.937786699077,5759.0,5759.0,5400.7136,-36.9342,-40.17462816,fully executed
2025-01-26 09:08:55,Open long,USDT,JUPUSDT,Limit,0.9442,0.9442,5759.0,5759.0,5437.6478,0.0,0.0,fully executed
2025-01-23 12:56:51,Close long,USDT,BTCUSDT,Market,,102056.1,0.004,0.004,408.2244,0.3352,0.09026536,fully executed
2025-01-23 12:36:23,Open long,USDT,BTCUSDT,Limit,101972.3,101972.3,0.004,0.004,407.8892,0.0,0.0,fully executed
2025-01-23 12:21:14,Close long,USDT,BTCUSDT,Position SL—market,,101855.1,0.004,0.004,407.4204,-1.6744,-1.91885224,fully executed
2025-01-23 12:06:39,Open long,USDT,BTCUSDT,Limit,102273.7,102273.7,0.004,0.004,409.0948,0.0,0.0,fully executed
2025-01-23 12:06:24,Open long,USDT,BTCUSDT,Limit,102252.3,,0.003,0.0,0.0,0.0,0.0,cancelled
2025-01-23 11:07:21,Close long,USDT,SOLUSDT,Market,,249.497,0.8,0.8,199.5976,0.5864,0.46664144,fully executed
2025-01-23 10:26:16,Open long,USDT,SOLUSDT,Limit,248.833,248.764,0.8,0.8,199.0112,0.0,0.0,fully executed
2025-01-21 22:48:40,Close long,USDT,BTCUSDT,Market,,104133.0,0.004,0.004,416.532,1.4912,1.2412808,fully executed
2025-01-21 22:45:24,Open long,USDT,BTCUSDT,Limit,103768.2,103760.2,0.004,0.004,415.0408,0.0,0.0,fully executed
2025-01-21 22:40:48,Close long,USDT,BTCUSDT,Market,,103280.8,0.006,0.006,619.6848,-1.959,-2.33081088,fully executed
2025-01-21 22:39:05,Open long,USDT,BTCUSDT,Limit,103610.8,103607.3,0.006,0.006,621.6438,0.0,0.0,fully executed
2025-01-21 22:26:47,Close long,USDT,MELANIAUSDT,Market,,4.204,11.8,11.8,49.6072,0.236,0.20623568,fully executed
2025-01-21 22:22:20,Open long,USDT,MELANIAUSDT,Limit,4.184,4.184,11.8,11.8,49.3712,0.0,0.0,fully executed
2025-01-21 21:57:19,Close long,USDT,DOGEUSDT,Market,,0.36882203842,937.0,937.0,345.58625,0.22679,0.01943825,fully executed
2025-01-21 21:46:54,Open long,USDT,DOGEUSDT,Limit,0.36858,0.36858,937.0,937.0,345.35946,0.0,0.0,fully executed
2025-01-21 21:46:29,Open long,USDT,DOGEUSDT,Limit,0.36729,,999.0,0.0,0.0,0.0,0.0,cancelled
2025-01-21 21:18:14,Close short,USDT,BTCUSDT,Market,,104900.0,0.003,0.003,314.7,-1.4241,-1.61292,fully executed
2025-01-21 20:43:03,Open short,USDT,BTCUSDT,Limit,104425.3,104425.3,0.003,0.003,313.2759,0.0,0.0,fully executed
2025-01-21 20:42:36,Open short,USDT,BTCUSDT,Limit,104426.7,,0.003,0.0,0.0,0.0,0.0,cancelled
2025-01-21 20:41:45,Open short,USDT,BTCUSDT,Limit,104600.0,,0.003,0.0,0.0,0.0,0.0,cancelled
2025-01-21 10:17:19,Open short,USDT,MELANIAUSDT,Limit,3.932,,14.2,0.0,0.0,0.0,0.0,cancelled
2025-01-21 10:13:21,Open short,USDT,MELANIAUSDT,Limit,3.933,,13.4,0.0,0.0,0.0,0.0,cancelled
2025-01-21 00:59:29,Close long,USDT,MELANIAUSDT,Position TP—market,,7.992,5.3,5.3,42.3576,0.288799999996,0.263385439996,fully executed
2025-01-21 00:50:46,Open long,USDT,MELANIAUSDT,Limit,8.003,7.937509433963,5.3,5.3,42.0688,0.0,0.0,fully executed
2025-01-21 00:41:47,Close long,USDT,MELANIAUSDT,Market,,8.043,5.2,5.2,41.8236,0.488599999997,0.463505839997,fully executed
2025-01-21 00:38:00,Open long,USDT,MELANIAUSDT,Limit,7.965,7.949038461539,5.2,5.2,41.335,0.0,0.0,fully executed
2025-01-20 23:25:55,Close long,USDT,BTCUSDT,Position TP—market,,106759.2,0.005,0.005,533.796,0.7505,0.4302224,fully executed
2025-01-20 23:21:06,Open long,USDT,BTCUSDT,Limit,106609.1,106609.1,0.005,0.005,533.0455,0.0,0.0,fully executed
2025-01-20 19:55:23,Close long,USDT,ETHUSDT,Market,,3374.01,0.06,0.06,202.4406,0.1878,0.06633564,fully executed
2025-01-20 19:22:49,Open long,USDT,ETHUSDT,Limit,3371.52,3370.88,0.06,0.06,202.2528,0.0,0.0,fully executed
2025-01-20 19:02:28,Close long,USDT,BTCUSDT,Position TP—market,,108094.8,0.004,0.004,432.3792,0.696,0.43657248,fully executed
2025-01-20 18:59:14,Open long,USDT,BTCUSDT,Limit,107979.5,107920.8,0.004,0.004,431.6832,0.0,0.0,fully executed
2025-01-20 18:58:55,Open long,USDT,BTCUSDT,Limit,107965.8,,0.005,0.0,0.0,0.0,0.0,cancelled
2025-01-20 18:58:24,Open long,USDT,BTCUSDT,Limit,107896.3,,0.005,0.0,0.0,0.0,0.0,cancelled
2025-01-20 17:48:31,Close long,USDT,BTCUSDT,Market,,108024.8,0.004,0.004,432.0992,-0.2072,-0.46645952,fully executed
2025-01-20 17:47:45,Open long,USDT,BTCUSDT,Limit,108076.6,108076.6,0.004,0.004,432.3064,0.0,0.0,fully executed
2025-01-20 17:03:21,Close long,USDT,MELANIAUSDT,Market,,11.225,4.0,4.0,44.9,0.708,0.68106,fully executed
2025-01-20 16:59:46,Open long,USDT,MELANIAUSDT,Limit,11.048,11.048,4.0,4.0,44.192,0.0,0.0,fully executed
2025-01-20 16:51:00,Close short,USDT,MELANIAUSDT,Market,,11.586,2.8,2.8,32.4408,-0.171400000002,-0.190864480002,fully executed
2025-01-20 16:49:13,Open short,USDT,MELANIAUSDT,Market price – Reverse,,11.524785714285,2.8,2.8,32.2694,0.0,0.0,fully executed
2025-01-20 16:49:13,Close long,USDT,MELANIAUSDT,Market price – Reverse,,11.537,2.8,2.8,32.3036,-0.9352,-0.95458216,fully executed
2025-01-20 16:25:02,Open long,USDT,MELANIAUSDT,Limit,11.88,11.871,2.8,2.8,33.2388,0.0,0.0,fully executed
2025-01-20 16:18:07,Close long,USDT,MELANIAUSDT,Market,,12.084,3.3,3.3,39.8772,-1.5279,-1.55182632,fully executed
2025-01-20 16:00:26,Open long,USDT,MELANIAUSDT,Limit,12.547,12.547,3.3,3.3,41.4051,0.0,0.0,fully executed
2025-01-20 15:54:27,Close long,USDT,MELANIAUSDT,Market,,12.225,2.5,2.5,30.5625,0.361399999997,0.343062499997,fully executed
2025-01-20 15:12:49,Open long,USDT,MELANIAUSDT,Market,,12.080440000001,2.5,2.5,30.2011,0.0,0.0,fully executed
2025-01-20 15:12:24,Open long,USDT,MELANIAUSDT,Limit,11.713,,2.7,0.0,0.0,0.0,0.0,cancelled
2025-01-20 15:11:04,Close long,USDT,MELANIAUSDT,Market,,11.232,3.7,3.7,41.5584,-1.7797,-1.80463504,fully executed
2025-01-20 15:10:18,Open long,USDT,MELANIAUSDT,Limit,11.713,11.713,3.7,3.7,43.3381,0.0,0.0,fully executed
2025-01-20 15:06:32,Close long,USDT,MELANIAUSDT,Market,,11.28,3.6,3.6,40.608,2.6064,2.5820352,fully executed
2025-01-20 13:21:49,Open long,USDT,MELANIAUSDT,Market,,10.556,3.6,3.6,38.0016,0.0,0.0,fully executed
2025-01-20 13:21:34,Open long,USDT,MELANIAUSDT,Limit,10.044,,3.6,0.0,0.0,0.0,0.0,cancelled
2025-01-20 11:22:10,Open long,USDT,SOLUSDT,Limit,238.618,,0.7,0.0,0.0,0.0,0.0,cancelled
2025-01-20 11:10:00,Close long,USDT,SOLUSDT,Position TP—market,,235.412,0.7,0.7,164.7884,1.398699999999,1.299826959999,fully executed
2025-01-20 11:05:24,Open long,USDT,SOLUSDT,Market,,233.413857142858,0.7,0.7,163.3897,0.0,0.0,fully executed
2025-01-19 23:12:29,Close long,USDT,SOLUSDT,Market,,267.693,0.4,0.4,107.0772,0.2336,0.16935368,fully executed
2025-01-19 23:06:26,Open long,USDT,SOLUSDT,Market,,267.109,0.4,0.4,106.8436,0.0,0.0,fully executed
2025-01-19 19:07:08,Liquidation for short,USDT,SOLUSDT,Market,,291.15,1.1,1.1,320.6258,0.0,0.0,fully executed
2025-01-19 18:52:07,Open short,USDT,SOLUSDT,Market,,286.953,1.1,1.1,315.6483,0.0,0.0,fully executed
2025-01-19 17:24:55,Close long,USDT,TRUMPUSDT,Position TP—market,,76.86,0.9,0.9,69.174,-0.2817,-0.3232044,fully executed
2025-01-19 17:24:18,Open long,USDT,TRUMPUSDT,Market,,77.173,0.9,0.9,69.4557,0.0,0.0,fully executed
2025-01-19 17:23:55,Liquidation for long,USDT,TRUMPUSDT,Market,,73.278,2.3,2.3,166.7592,0.0,0.0,fully executed
2025-01-19 17:16:13,Open long,USDT,TRUMPUSDT,Market,,83.41,2.3,2.3,191.843,0.0,0.0,fully executed
2025-01-19 17:12:14,Close long,USDT,TRUMPUSDT,Market,,70.0712,2.5,2.5,175.178,4.673499999979,4.568393199979,fully executed
2025-01-19 17:09:07,Open long,USDT,TRUMPUSDT,Market,,68.201800000008,2.5,2.5,170.5045,0.0,0.0,fully executed
2025-01-19 16:59:18,Close long,USDT,TRUMPUSDT,Market,,60.611,4.4,4.4,266.6884,3.1504,2.99038696,fully executed
2025-01-19 16:58:30,Open long,USDT,TRUMPUSDT,Market,,59.895,4.4,4.4,263.538,0.0,0.0,fully executed
2025-01-19 16:58:05,Close long,USDT,TRUMPUSDT,Market,,57.688,4.4,4.4,253.8272,-23.5928,-23.74509632,fully executed
2025-01-19 16:56:04,Open long,USDT,TRUMPUSDT,Market,,63.05,4.4,4.4,277.42,0.0,0.0,fully executed
2025-01-19 16:50:21,Close long,USDT,TRUMPUSDT,Position TP—market,,68.587,2.1,2.1,144.0327,8.3559,8.26948038,fully executed
2025-01-19 16:48:51,Open long,USDT,TRUMPUSDT,Market,,64.608,2.1,2.1,135.6768,0.0,0.0,fully executed
2025-01-19 15:31:07,Close short,USDT,BTCUSDT,Market,,105215.4,0.009,0.009,946.9386,1.4751,0.90693684,fully executed
2025-01-19 14:50:16,Open short,USDT,BTCUSDT,Market,,105379.3,0.009,0.009,948.4137,0.0,0.0,fully executed
2025-01-19 13:16:12,Close short,USDT,SOLUSDT,Partial SL—market,,268.545000000002,8.5,8.5,2282.6325,-2.732400000005,-4.101979500005,fully executed
2025-01-19 13:16:00,Open short,USDT,SOLUSDT,Market,,268.22354117647,8.5,8.5,2279.9001,0.0,0.0,fully executed
2025-01-19 12:53:02,Open long,USDT,SOLUSDT,Limit,269.0,,4.6,0.0,0.0,0.0,0.0,cancelled
2025-01-19 11:21:01,Close long,USDT,SOLUSDT,Position TP—market,,254.220056603773,5.3,5.3,1347.3663,5.040099999987,4.231680219987,fully executed
2025-01-19 11:15:01,Open long,USDT,SOLUSDT,Market,,253.269094339625,5.3,5.3,1342.3262,0.0,0.0,fully executed
2025-01-19 10:44:25,Close long,USDT,SOLUSDT,Partial SL—market,,257.602,9.5,9.5,2447.219,-1.947100000011,-3.415431400011,fully executed
2025-01-19 10:44:07,Open long,USDT,SOLUSDT,Market,,257.806957894738,9.5,9.5,2449.1661,0.0,0.0,fully executed
2025-01-19 10:36:30,Close long,USDT,SOLUSDT,Market,,256.791,5.9,5.9,1515.0669,-5.981900000006,-6.890940140006,fully executed
2025-01-19 10:14:11,Open long,USDT,SOLUSDT,Market,,257.804881355933,5.9,5.9,1521.0488,0.0,0.0,fully executed
2025-01-19 01:31:23,Close long,USDT,TRUMPUSDT,Market,,27.203,5.5,5.5,149.6165,-3.465,-3.5547699,fully executed
2025-01-19 01:27:08,Open long,USDT,TRUMPUSDT,Market,,27.833,5.5,5.5,153.0815,0.0,0.0,fully executed
2025-01-19 01:23:30,Close short,USDT,TRUMPUSDT,Market,,28.523,5.8,5.8,165.4334,-1.7284,-1.82766004,fully executed
2025-01-19 01:20:17,Open short,USDT,TRUMPUSDT,Market,,28.225,5.8,5.8,163.705,0.0,0.0,fully executed
2025-01-19 01:08:35,Close short,USDT,TRUMPUSDT,Position TP—market,,26.531,5.3,5.3,140.6143,5.763599999998,5.679231419998,fully executed
2025-01-19 01:07:13,Open short,USDT,TRUMPUSDT,Market,,27.618471698113,5.3,5.3,146.3779,0.0,0.0,fully executed
2025-01-19 01:02:58,Close short,USDT,TRUMPUSDT,Market,,27.098266666668,4.5,4.5,121.9422,-1.3602,-1.43336532,fully executed
2025-01-19 01:01:17,Open short,USDT,TRUMPUSDT,Market,,26.796,4.5,4.5,120.582,0.0,0.0,fully executed
2025-01-18 21:56:48,Close long,USDT,XRPUSDT,Market,,3.2338,274.0,274.0,886.0612,3.9182,3.38656328,fully executed
2025-01-18 21:36:13,Open long,USDT,XRPUSDT,Market,,3.2195,274.0,274.0,882.143,0.0,0.0,fully executed
2025-01-18 18:48:43,Close short,USDT,SOLUSDT,Market,,239.693,4.2,4.2,1006.7106,8.4084,7.80437364,fully executed
2025-01-18 18:45:54,Open short,USDT,SOLUSDT,Market,,241.695,4.2,4.2,1015.119,0.0,0.0,fully executed
