合约,开仓时间,开仓均价,平仓均价,平仓量,平仓价值,仓位盈亏,已实现盈亏,资金费用,开仓手续费,平仓手续费,全部平仓时间
SOXLUSDT Short·Isolated,2026-08-05 10:10:38,139.06,137.59,0.24SOXL,33.0216USDT,0.3395208USDT,0.3528USDT,0USDT,-0.00667488USDT,-0.00660432USDT,2026-08-05 10:40:48
SOXLUSDT Long·Isolated,2026-08-04 21:02:16,131.78,130.31,0.14SOXL,18.2434USDT,-0.22781556USDT,-0.2058USDT,0USDT,-0.01106952USDT,-0.01094604USDT,2026-08-04 21:30:04
SOXLUSDT Short·Isolated,2026-08-04 09:02:08,115.989999999999,115.88,0.96SOXL,111.2448USDT,0.061080959999USDT,0.105599999999USDT,0USDT,-0.02227008USDT,-0.02224896USDT,2026-08-04 11:11:37
SOXLUSDT Short·Isolated,2026-08-03 16:07:43,115.96,115.79,0.14SOXL,16.2106USDT,0.01081724USDT,0.0238USDT,0USDT,-0.00974064USDT,-0.00324212USDT,2026-08-03 16:17:58
SOXLUSDT Long·Isolated,2026-08-03 15:11:28,118.91,117.34,0.24SOXL,28.1616USDT,-0.41082USDT,-0.3768USDT,0USDT,-0.01712304USDT,-0.01689696USDT,2026-08-03 15:40:56
SOXLUSDT Short·Isolated,2026-07-31 19:05:46,129.53,129.08,0.19SOXL,24.5252USDT,0.06586274USDT,0.0855USDT,0USDT,-0.00492214USDT,-0.01471512USDT,2026-07-31 19:28:09
SOXLUSDT Long·Isolated,2026-07-31 16:50:26,128.5,127.12,0.1SOXL,12.712USDT,-0.1481972USDT,-0.138USDT,0USDT,-0.00257USDT,-0.0076272USDT,2026-07-31 17:34:50
SOXLUSDT Short·Isolated,2026-07-31 11:12:30,120.53,122.48,0.12SOXL,14.6976USDT,-0.24571128USDT,-0.234USDT,0USDT,-0.00289272USDT,-0.00881856USDT,2026-07-31 11:21:44
SOXLUSDT Long·Isolated,2026-07-30 17:49:59,95.01,97.28,0.15SOXL,14.592USDT,0.3347313USDT,0.3405USDT,0USDT,-0.0028503USDT,-0.0029184USDT,2026-07-30 18:40:34
SOXLUSDT Long·Isolated,2026-07-30 15:40:41,91.81,91.6,0.26SOXL,23.816USDT,-0.07366372USDT,-0.0546USDT,0USDT,-0.00477412USDT,-0.0142896USDT,2026-07-30 15:55:22
SOXLUSDT Short·Isolated,2026-07-30 10:57:34,94.93,93.4,0.19SOXL,17.746USDT,0.27644506USDT,0.2907USDT,0USDT,-0.00360734USDT,-0.0106476USDT,2026-07-30 11:25:32
SOXLUSDT Long·Isolated,2026-07-30 09:35:56,99.17,96.31,0.09SOXL,8.6679USDT,-0.26795592USDT,-0.2574USDT,0USDT,-0.00535518USDT,-0.00520074USDT,2026-07-30 10:30:05
SOXLUSDT Long·Cross,2026-07-29 17:50:33,111.18,107.5,0.1SOXL,10.75USDT,-0.3766736USDT,-0.368USDT,0USDT,-0.0022236USDT,-0.00645USDT,2026-07-29 18:49:09
SOXLUSDT Short·Cross,2026-07-29 11:59:19,99.8,102.27,0.08SOXL,8.1816USDT,-0.20410576USDT,-0.1976USDT,0USDT,-0.0015968USDT,-0.00490896USDT,2026-07-29 13:03:25
SOXLUSDT Short·Cross,2026-07-28 10:05:35,119.18,118.96,0.1SOXL,11.896USDT,0.0124788USDT,0.022USDT,0USDT,-0.0023836USDT,-0.0071376USDT,2026-07-28 10:38:42
BTCUSDT Short·Isolated,2026-07-28 09:50:37,63250.3,63135.4,0.0093BTC,587.15922USDT,0.96172005591USDT,1.06857USDT,0.36309114591USDT,-0.117645558USDT,-0.352295532USDT,2026-08-02 10:06:46
SOXLUSDT Short·Cross,2026-07-28 08:56:47,122.26,121.78,0.08SOXL,9.7424USDT,0.0305984USDT,0.0384USDT,0USDT,-0.00195616USDT,-0.00584544USDT,2026-07-28 09:34:22
SKHYNIXUSDT Short·Cross,2026-07-27 11:45:50,1202.76,1202.69,0.03SKHYNIX,36.0807USDT,0.0461507304USDT,0.0021USDT,0.0729165504USDT,-0.02164968USDT,-0.00721614USDT,2026-07-27 12:28:14
HYPEUSDT Long·Isolated,2026-07-27 09:59:59,59.51,59.609,0.83HYPE,49.47547USDT,0.062396246USDT,0.08217USDT,0USDT,-0.00987866USDT,-0.009895094USDT,2026-07-27 11:23:45
SOXLUSDT Long·Cross,2026-07-24 19:05:14,156.33,156.34,0.23SOXL,35.9582USDT,-0.01208282USDT,0.0023USDT,0USDT,-0.00719118USDT,-0.00719164USDT,2026-07-24 19:17:28
SOXLUSDT Short·Cross,2026-07-24 11:36:19,151.97,151.27,0.22SOXL,33.2794USDT,0.12734568USDT,0.154USDT,0USDT,-0.00668668USDT,-0.01996764USDT,2026-07-24 12:11:58
SOXLUSDT Short·Cross,2026-07-24 10:06:15,154.64,152.75,0.15SOXL,22.9125USDT,0.2649999USDT,0.2835USDT,0USDT,-0.0139176USDT,-0.0045825USDT,2026-07-24 11:15:45
SOXLUSDT Short·Cross,2026-07-23 11:14:05,157.64,160.54,4.94SOXL,793.0676USDT,-14.95758888USDT,-14.326USDT,0USDT,-0.15574832USDT,-0.47584056USDT,2026-07-23 11:36:59
SOXLUSDT Short·Cross,2026-07-22 20:02:30,146.04,147.11,0.1SOXL,14.711USDT,-0.1187474USDT,-0.107USDT,0USDT,-0.0029208USDT,-0.0088266USDT,2026-07-22 21:24:23
SOXLUSDT Short·Cross,2026-07-22 17:41:37,147.99,150.07,0.15SOXL,22.5105USDT,-0.329946USDT,-0.312USDT,0USDT,-0.0044397USDT,-0.0135063USDT,2026-07-22 18:21:18
SOXLUSDT Short·Cross,2026-07-22 15:37:13,147.23,149.49,0.15SOXL,22.4235USDT,-0.3657048USDT,-0.339USDT,0USDT,-0.0132507USDT,-0.0134541USDT,2026-07-22 17:21:14
SOXLUSDT Long·Cross,2026-07-21 13:48:35,148.14,149.64,0.13SOXL,19.4532USDT,0.18725772USDT,0.195USDT,0USDT,-0.00385164USDT,-0.00389064USDT,2026-07-21 15:23:00
SOXLUSDT Long·Cross,2026-07-21 10:05:10,141.57,147.19,0.12SOXL,17.6628USDT,0.6606744USDT,0.6744USDT,0USDT,-0.01019304USDT,-0.00353256USDT,2026-07-21 11:41:28
HYPEUSDT Short·Isolated,2026-07-17 14:10:58,59.262,58.484,0.47HYPE,27.48748USDT,0.34345062USDT,0.36566USDT,0USDT,-0.016711884USDT,-0.005497496USDT,2026-07-17 15:35:28
HYPEUSDT Short·Isolated,2026-07-17 11:40:35,60.296,60.134,0.32HYPE,19.24288USDT,0.029677344USDT,0.05184USDT,0.000959904USDT,-0.011576832USDT,-0.011545728USDT,2026-07-17 12:48:13
HYPEUSDT Short·Isolated,2026-07-16 15:31:03,66.516,65.608,0.79HYPE,51.83032USDT,0.6780514305USDT,0.71732USDT,0.0026260785USDT,-0.031528584USDT,-0.010366064USDT,2026-07-16 16:17:02
HYPEUSDT Long·Isolated,2026-07-16 14:53:36,66.914,66.574,0.73HYPE,48.59902USDT,-0.287128856USDT,-0.2482USDT,0USDT,-0.009769444USDT,-0.029159412USDT,2026-07-16 15:28:47
CLUSDT Long·Isolated,2026-07-16 14:36:09,79.062,83.0,0.72CL,59.76USDT,2.76558019488USDT,2.83536USDT,0.00023097888USDT,-0.034154784USDT,-0.035856USDT,2026-07-20 15:31:24
SOLUSDT Long·Isolated,2026-07-15 12:57:39,77.924,77.743,0.7SOL,54.4201USDT,-0.17026142USDT,-0.1267USDT,0USDT,-0.01090936USDT,-0.03265206USDT,2026-07-15 13:23:08
HYPEUSDT Short·Isolated,2026-07-13 21:02:02,64.219,63.593,0.71HYPE,45.15103USDT,0.426310696USDT,0.44446USDT,0USDT,-0.009119098USDT,-0.009030206USDT,2026-07-13 21:41:24
HYPEUSDT Short·Isolated,2026-07-13 14:31:56,65.168,65.375,0.76HYPE,49.685USDT,-0.216847608USDT,-0.15732USDT,0USDT,-0.029716608USDT,-0.029811USDT,2026-07-13 15:22:59
SOXLUSDT Short·Cross,2026-07-13 13:30:09,171.67,175.05,0.12SOXL,21.006USDT,-0.42232368USDT,-0.4056USDT,0USDT,-0.00412008USDT,-0.0126036USDT,2026-07-13 13:40:25
SOXLUSDT Long·Cross,2026-07-10 14:45:19,188.73,189.0,0.22SOXL,41.58USDT,0.02614788USDT,0.0594USDT,0USDT,-0.00830412USDT,-0.024948USDT,2026-07-10 14:55:18
HYPEUSDT Long·Isolated,2026-07-10 11:36:17,68.251,67.952,0.56HYPE,38.05312USDT,-0.199832248USDT,-0.16744USDT,-0.001916264USDT,-0.007644112USDT,-0.022831872USDT,2026-07-10 14:04:42
SOLUSDT Long·Isolated,2026-07-10 10:36:39,78.92,78.861,0.7SOL,55.2027USDT,-0.10756802USDT,-0.0413USDT,0USDT,-0.0331464USDT,-0.03312162USDT,2026-07-10 14:28:43
KORUUSDT Short·Cross,2026-07-10 10:02:19,545.71,554.16,0.02KORU,11.0832USDT,-0.17783276USDT,-0.169USDT,0USDT,-0.00218284USDT,-0.00664992USDT,2026-07-10 10:32:55
SOXLUSDT Long·Cross,2026-07-09 21:55:37,204.14,198.49,0.07SOXL,13.8943USDT,-0.40669454USDT,-0.3955USDT,0USDT,-0.00285796USDT,-0.00833658USDT,2026-07-09 22:15:22
SOXLUSDT Long·Cross,2026-07-09 20:39:11,200.01,200.88,0.06SOXL,12.0528USDT,0.0425682USDT,0.0522USDT,0USDT,-0.00240012USDT,-0.00723168USDT,2026-07-09 21:48:44
SOLUSDT Short·Isolated,2026-07-09 17:45:48,77.824,78.05,0.7SOL,54.635USDT,-0.20187636USDT,-0.1582USDT,0USDT,-0.01089536USDT,-0.032781USDT,2026-07-09 17:53:59
HYPEUSDT Short·Isolated,2026-07-09 16:10:43,67.973,68.159,0.74HYPE,50.43766USDT,-0.1779626USDT,-0.13764USDT,0USDT,-0.010060004USDT,-0.030262596USDT,2026-07-09 16:20:34
HYPEUSDT Short·Isolated,2026-07-09 15:28:35,67.818,68.071,0.58HYPE,39.48118USDT,-0.178295596USDT,-0.14674USDT,0USDT,-0.007866888USDT,-0.023688708USDT,2026-07-09 16:00:06
SOXLUSDT Long·Cross,2026-07-09 15:15:57,184.07,184.36,0.11SOXL,20.2796USDT,0.0156827USDT,0.0319USDT,0USDT,-0.00404954USDT,-0.01216776USDT,2026-07-09 16:01:00
HYPEUSDT Long·Isolated,2026-07-09 14:26:05,68.095,68.179,0.43HYPE,29.31697USDT,0.024400436USDT,0.03612USDT,0USDT,-0.00585617USDT,-0.005863394USDT,2026-07-09 14:37:57
SOXLUSDT Long·Cross,2026-07-09 14:22:47,182.07,182.07,0.11SOXL,20.0277USDT,-0.01602216USDT,0USDT,0USDT,-0.01201662USDT,-0.00400554USDT,2026-07-09 14:53:50
SOLUSDT Long·Isolated,2026-07-09 13:41:57,77.986,78.125,0.4SOL,31.25USDT,0.03061112USDT,0.0556USDT,0USDT,-0.00623888USDT,-0.01875USDT,2026-07-09 14:10:34
SOXLUSDT Short·Cross,2026-07-09 13:29:45,176.52,176.29,0.12SOXL,21.1548USDT,0.01067064USDT,0.0276USDT,0USDT,-0.00423648USDT,-0.01269288USDT,2026-07-09 13:34:46
SOXLUSDT Short·Cross,2026-07-09 12:03:04,175.43,175.1,0.11SOXL,19.261USDT,0.02088394USDT,0.0363USDT,0USDT,-0.00385946USDT,-0.0115566USDT,2026-07-09 12:30:42
HYPEUSDT Short·Isolated,2026-07-09 10:35:01,67.213,67.591,0.31HYPE,20.95321USDT,-0.14169151524USDT,-0.11718USDT,0.00056202876USDT,-0.012501618USDT,-0.012571926USDT,2026-07-09 12:36:29
SOXLUSDT Long·Cross,2026-07-09 10:24:03,178.5,175.156666666666,0.06SOXL,10.509399999999USDT,-0.20904764USDT,-0.2006USDT,0USDT,-0.002142USDT,-0.00630564USDT,2026-07-09 10:44:33
SOXLUSDT Short·Cross,2026-07-08 16:20:44,160.56,148.27,0.06SOXL,8.8962USDT,0.7298406USDT,0.7374USDT,0USDT,-0.00578016USDT,-0.00177924USDT,2026-07-08 17:15:17
SOXLUSDT Short·Cross,2026-07-08 14:11:44,161.92,166.64,0.07SOXL,11.6648USDT,-0.34419952USDT,-0.3304USDT,0USDT,-0.00680064USDT,-0.00699888USDT,2026-07-08 16:14:25
SOXLUSDT Short·Cross,2026-07-08 09:55:29,167.53,170.29,0.05SOXL,8.5145USDT,-0.1481346USDT,-0.138USDT,0USDT,-0.0050259USDT,-0.0051087USDT,2026-07-08 11:10:39
HYPEUSDT Short·Isolated,2026-07-07 21:55:54,71.28,72.249,0.33HYPE,23.84217USDT,-0.338779782USDT,-0.31977USDT,0USDT,-0.00470448USDT,-0.014305302USDT,2026-07-07 22:58:11
HYPEUSDT Long·Isolated,2026-07-07 17:10:07,71.519,71.139044444442,0.45HYPE,32.012569999998USDT,-0.209497672USDT,-0.17098USDT,0USDT,-0.01931013USDT,-0.019207542USDT,2026-07-07 19:02:39
HYPEUSDT Short·Isolated,2026-07-07 16:35:42,70.611,71.065,0.52HYPE,36.9538USDT,-0.265595824USDT,-0.23608USDT,0USDT,-0.007343544USDT,-0.02217228USDT,2026-07-07 17:03:02
SOXLUSDT Short·Cross,2026-07-07 10:25:51,185.25,185.0,0.11SOXL,20.35USDT,0.0112145USDT,0.0275USDT,0USDT,-0.0040755USDT,-0.01221USDT,2026-07-07 11:05:06
SOLUSDT Short·Isolated,2026-07-07 09:56:39,81.93,80.894,0.6SOL,48.5364USDT,0.60206112USDT,0.6216USDT,0USDT,-0.0098316USDT,-0.00970728USDT,2026-07-07 12:02:36
HYPEUSDT Short·Isolated,2026-07-06 19:43:18,70.727,70.253,0.82HYPE,57.60746USDT,0.36555928USDT,0.38868USDT,0USDT,-0.011599228USDT,-0.011521492USDT,2026-07-06 19:59:01
SOXLUSDT Long·Cross,2026-07-06 14:00:19,193.83,192.49,0.12SOXL,23.0988USDT,-0.1793112USDT,-0.1608USDT,0USDT,-0.00465192USDT,-0.01385928USDT,2026-07-06 14:11:27
SOXLUSDT Long·Cross,2026-07-06 12:17:44,191.91,192.13,0.06SOXL,11.5278USDT,0.0039804USDT,0.0132USDT,0USDT,-0.00230292USDT,-0.00691668USDT,2026-07-06 13:29:34
HYPEUSDT Short·Isolated,2026-07-06 11:13:58,71.979,71.331,0.54HYPE,38.51874USDT,0.33444252USDT,0.34992USDT,0USDT,-0.007773732USDT,-0.007703748USDT,2026-07-06 11:55:40
SOLUSDT Long·Isolated,2026-07-05 21:05:11,80.808,81.6,0.6SOL,48.96USDT,0.43631712USDT,0.4752USDT,0USDT,-0.02909088USDT,-0.009792USDT,2026-07-05 23:03:45
SOLUSDT Short·Isolated,2026-07-05 10:08:06,80.608,80.557,0.4SOL,32.2228USDT,-0.005220974USDT,0.0204USDT,0.000161346USDT,-0.00644864USDT,-0.01933368USDT,2026-07-05 19:01:01
SOLUSDT Short·Isolated,2026-07-04 14:56:14,82.499,82.777,0.6SOL,49.6662USDT,-0.2064996USDT,-0.1668USDT,0USDT,-0.00989988USDT,-0.02979972USDT,2026-07-04 15:57:40
HYPEUSDT Long·Isolated,2026-07-03 15:43:00,67.397,67.419,0.61HYPE,41.12559USDT,-0.021530743USDT,0.01342USDT,-0.002052955USDT,-0.008222434USDT,-0.024675354USDT,2026-07-03 16:53:13
HYPEUSDT Short·Isolated,2026-07-03 10:44:25,66.494,66.693,0.62HYPE,41.34966USDT,-0.156435052USDT,-0.12338USDT,0USDT,-0.008245256USDT,-0.024809796USDT,2026-07-03 11:32:34
SOLUSDT Long·Isolated,2026-07-03 09:53:13,81.61,81.103,0.6SOL,48.6618USDT,-0.34319028USDT,-0.3042USDT,0USDT,-0.0097932USDT,-0.02919708USDT,2026-07-03 10:29:57
HYPEUSDT Long·Isolated,2026-07-02 18:52:27,64.392,65.016,0.56HYPE,36.40896USDT,0.334946304USDT,0.34944USDT,0USDT,-0.007211904USDT,-0.007281792USDT,2026-07-02 19:45:04
SOLUSDT Long·Isolated,2026-07-02 18:43:21,81.247,81.707,0.1SOL,8.1707USDT,0.03947264USDT,0.046USDT,0USDT,-0.00162494USDT,-0.00490242USDT,2026-07-02 20:21:16
SOXLUSDT Short·Cross,2026-07-02 14:50:14,208.33,208.13,0.08SOXL,16.6504USDT,0.00267648USDT,0.016USDT,0USDT,-0.00333328USDT,-0.00999024USDT,2026-07-02 15:45:35
HYPEUSDT Short·Isolated,2026-07-02 14:06:36,63.204,63.407,0.57HYPE,36.14199USDT,-0.14460045USDT,-0.11571USDT,0USDT,-0.007205256USDT,-0.021685194USDT,2026-07-02 14:25:36
SOLUSDT Short·Isolated,2026-07-02 13:40:08,77.801,78.307,0.5SOL,39.1535USDT,-0.2842722USDT,-0.253USDT,0USDT,-0.0077801USDT,-0.0234921USDT,2026-07-02 14:22:50
SOXLUSDT Short·Cross,2026-07-02 10:30:06,225.42,219.77,0.07SOXL,15.3839USDT,0.38926734USDT,0.3955USDT,0USDT,-0.00315588USDT,-0.00307678USDT,2026-07-02 12:18:33
HYPEUSDT Long·Isolated,2026-07-02 09:37:00,62.981,63.38,0.28HYPE,17.7464USDT,0.09676146256USDT,0.11172USDT,-0.00078376144USDT,-0.003526936USDT,-0.01064784USDT,2026-07-02 12:20:18
SOLUSDT Long·Isolated,2026-07-02 09:15:58,77.619,78.041,0.4SOL,31.2164USDT,0.1314416USDT,0.1688USDT,0USDT,-0.01862856USDT,-0.01872984USDT,2026-07-02 09:51:07
HYPEUSDT Short·Isolated,2026-07-01 22:37:53,63.355,64.246,0.25HYPE,16.0615USDT,-0.23555465USDT,-0.22275USDT,0USDT,-0.00316775USDT,-0.0096369USDT,2026-07-01 23:06:44
SOLUSDT Long·Isolated,2026-07-01 22:15:02,76.28,76.952,0.5SOL,38.476USDT,0.3206768USDT,0.336USDT,0USDT,-0.007628USDT,-0.0076952USDT,2026-07-01 22:17:12
HYPEUSDT Long·Isolated,2026-07-01 22:11:06,64.267,63.594,0.58HYPE,36.88452USDT,-0.419925684USDT,-0.39034USDT,0USDT,-0.007454972USDT,-0.022130712USDT,2026-07-01 22:33:15
HYPEUSDT Long·Isolated,2026-07-01 21:05:59,62.94,62.646,0.58HYPE,36.33468USDT,-0.199621848USDT,-0.17052USDT,0USDT,-0.00730104USDT,-0.021800808USDT,2026-07-01 21:30:35
HYPEUSDT Short·Isolated,2026-07-01 14:21:02,65.044,64.919,0.86HYPE,55.83034USDT,0.062814228USDT,0.1075USDT,0USDT,-0.011187568USDT,-0.033498204USDT,2026-07-01 14:51:46
SOLUSDT Long·Isolated,2026-07-01 10:45:04,74.938,75.035,0.3SOL,22.5105USDT,0.01109742USDT,0.0291USDT,0USDT,-0.00449628USDT,-0.0135063USDT,2026-07-01 14:06:27
HYPEUSDT Short·Isolated,2026-06-19 22:17:02,67.921,68.333,0.6HYPE,40.9998USDT,-0.2799504USDT,-0.2472USDT,0USDT,-0.00815052USDT,-0.02459988USDT,2026-06-19 22:28:19
HYPEUSDT Short·Isolated,2026-06-19 18:03:16,66.643,66.95,0.41HYPE,27.4495USDT,-0.147804426USDT,-0.12587USDT,0USDT,-0.005464726USDT,-0.0164697USDT,2026-06-19 18:08:41
HYPEUSDT Short·Isolated,2026-06-19 15:35:57,66.765,67.472,0.44HYPE,29.68768USDT,-0.333303762USDT,-0.31108USDT,0.001464166USDT,-0.00587532USDT,-0.017812608USDT,2026-06-19 16:23:34
HYPEUSDT Short·Isolated,2026-06-19 14:11:18,66.756,67.067,0.54HYPE,36.21618USDT,-0.211298652USDT,-0.16794USDT,0USDT,-0.021628944USDT,-0.021729708USDT,2026-06-19 14:13:05
HYPEUSDT Long·Isolated,2026-06-19 10:47:35,67.347,67.469,0.58HYPE,39.13202USDT,0.039468536USDT,0.07076USDT,0USDT,-0.007812252USDT,-0.023479212USDT,2026-06-19 11:13:49
HYPEUSDT Short·Isolated,2026-06-18 21:30:20,71.662,71.04,0.54HYPE,38.3616USDT,0.320468184USDT,0.33588USDT,0USDT,-0.007739496USDT,-0.00767232USDT,2026-06-18 21:34:15
HYPEUSDT Short·Isolated,2026-06-18 19:37:37,71.234,70.874,0.94HYPE,66.62156USDT,0.311683696USDT,0.3384USDT,0USDT,-0.013391992USDT,-0.013324312USDT,2026-06-18 19:40:35
HYPEUSDT Short·Isolated,2026-06-18 18:40:30,71.421596491228,71.925,0.57HYPE,40.99725USDT,-0.335964536001USDT,-0.286940000001USDT,0USDT,-0.024426186USDT,-0.02459835USDT,2026-06-18 18:50:51
HYPEUSDT Long·Isolated,2026-06-18 14:28:03,70.412,70.82,0.54HYPE,38.2428USDT,0.189769824USDT,0.22032USDT,0USDT,-0.007604496USDT,-0.02294568USDT,2026-06-18 15:10:18
HYPEUSDT Short·Isolated,2026-06-18 14:11:09,69.837,70.184,0.84HYPE,58.95456USDT,-0.362050584USDT,-0.29148USDT,0USDT,-0.035197848USDT,-0.035372736USDT,2026-06-18 14:22:52
HYPEUSDT Short·Isolated,2026-06-18 12:20:26,69.528,68.789,0.5HYPE,34.3945USDT,0.3556683USDT,0.3695USDT,0USDT,-0.0069528USDT,-0.0068789USDT,2026-06-18 12:46:25
HYPEUSDT Long·Isolated,2026-06-17 23:37:00,73.141,74.216,0.4HYPE,29.6864USDT,0.41821144USDT,0.43USDT,0USDT,-0.00585128USDT,-0.00593728USDT,2026-06-17 23:56:48
HYPEUSDT Short·Isolated,2026-06-17 22:47:35,71.668,72.27,0.52HYPE,37.5804USDT,-0.357948656USDT,-0.31304USDT,0USDT,-0.022360416USDT,-0.02254824USDT,2026-06-17 22:50:39
HYPEUSDT Short·Isolated,2026-06-17 18:49:35,72.122,70.669142857142,0.35HYPE,24.734199999999USDT,0.494896505USDT,0.5085USDT,0.001242325USDT,-0.00504854USDT,-0.00979728USDT,2026-06-17 20:49:01
SOXLUSDT Short·Cross,2026-06-17 18:07:35,238.79,242.16,0.06SOXL,14.5296USDT,-0.2195142USDT,-0.2022USDT,0USDT,-0.00859644USDT,-0.00871776USDT,2026-06-17 18:24:33
SOXLUSDT Long·Cross,2026-06-17 17:01:37,243.21,241.61,0.2SOXL,48.322USDT,-0.3587216USDT,-0.32USDT,0USDT,-0.0097284USDT,-0.0289932USDT,2026-06-17 17:50:43
ETHUSDT Long·Isolated,2026-06-16 22:37:38,1776.95,1797.4,0.04ETH,71.896USDT,0.7578386128USDT,0.818USDT,-0.0031353872USDT,-0.0426468USDT,-0.0143792USDT,2026-06-17 01:49:41
SOLUSDT Long·Isolated,2026-06-16 20:20:30,75.013,74.32,0.4SOL,29.728USDT,-0.30103784USDT,-0.2772USDT,0USDT,-0.00600104USDT,-0.0178368USDT,2026-06-16 21:10:17
HYPEUSDT Long·Isolated,2026-06-16 15:06:09,72.761,71.95,0.27HYPE,19.4265USDT,-0.242413182USDT,-0.21897USDT,0USDT,-0.011787282USDT,-0.0116559USDT,2026-06-16 15:12:56
SOLUSDT Long·Isolated,2026-06-16 14:47:58,74.144,75.131,0.4SOL,30.0524USDT,0.3828877684USDT,0.3948USDT,0.0000297684USDT,-0.00593152USDT,-0.00601048USDT,2026-06-16 16:48:47
SOLUSDT Short·Isolated,2026-06-16 12:16:26,73.711,73.535,0.4SOL,29.414USDT,0.04685472USDT,0.0704USDT,0USDT,-0.00589688USDT,-0.0176484USDT,2026-06-16 13:03:13
ETHUSDT Short·Isolated,2026-06-16 12:16:12,1774.81,1764.25,0.05ETH,88.2125USDT,0.4926094USDT,0.528USDT,0USDT,-0.0177481USDT,-0.0176425USDT,2026-06-16 12:30:34
BTCUSDT Long·Isolated,2026-06-15 22:20:26,66469.7,66886.8,0.0008BTC,53.50944USDT,0.31234296USDT,0.33368USDT,0USDT,-0.010635152USDT,-0.010701888USDT,2026-06-15 23:45:49
ETHUSDT Long·Isolated,2026-06-15 19:50:48,1764.825,1790.34,0.02ETH,35.8068USDT,0.49607934USDT,0.5103USDT,0USDT,-0.0070593USDT,-0.00716136USDT,2026-06-15 21:11:14
HYPEUSDT Long·Isolated,2026-06-15 09:47:09,63.898,65.548,0.76HYPE,49.81648USDT,1.21241907USDT,1.254USDT,-0.002480146USDT,-0.029137488USDT,-0.009963296USDT,2026-06-15 12:02:18
SOLUSDT Long·Isolated,2026-06-14 23:09:09,67.35,68.059,0.5SOL,34.0295USDT,0.341296075USDT,0.3545USDT,0.000336975USDT,-0.006735USDT,-0.0068059USDT,2026-06-15 05:15:17
BEATUSDT Short·Cross,2026-06-14 20:54:21,5.48879,5.48281,2BEAT,10.96562USDT,0.003185112USDT,0.01196USDT,0USDT,-0.002195516USDT,-0.006579372USDT,2026-06-14 21:05:30
SOLUSDT Long·Isolated,2026-06-14 17:58:00,68.434,68.036,0.6SOL,40.8216USDT,-0.27150504USDT,-0.2388USDT,0USDT,-0.00821208USDT,-0.02449296USDT,2026-06-14 19:04:00
SOLUSDT Short·Isolated,2026-06-14 16:22:14,68.28,68.059,1.4SOL,95.2826USDT,0.27122508USDT,0.3094USDT,0USDT,-0.0191184USDT,-0.01905652USDT,2026-06-14 17:16:10
BEATUSDT Short·Cross,2026-06-14 16:17:28,6.72947,6.84546,2BEAT,13.69092USDT,-0.248269916USDT,-0.23198USDT,0USDT,-0.008075364USDT,-0.008214552USDT,2026-06-14 16:42:22
BEATUSDT Short·Cross,2026-06-14 14:19:19,6.83058,7.17,2BEAT,14.34USDT,-0.68990475582USDT,-0.67884USDT,0.00027147618USDT,-0.002732232USDT,-0.008604USDT,2026-06-14 16:00:05
BEATUSDT Short·Cross,2026-06-14 12:32:08,6.75734,7.13741,2BEAT,14.27482USDT,-0.7768137USDT,-0.76014USDT,0USDT,-0.008108808USDT,-0.008564892USDT,2026-06-14 13:54:06
BEATUSDT Long·Cross,2026-06-13 16:23:09,9.07751,9.18027,6BEAT,55.08162USDT,0.550831992USDT,0.61656USDT,0USDT,-0.032679036USDT,-0.033048972USDT,2026-06-13 18:18:39
SIRENUSDT Short·Isolated,2026-06-13 14:12:03,0.12361,0.16249,70SIREN,11.3743USDT,-2.7257303661USDT,-2.7216USDT,0.0078858339USDT,-0.00519162USDT,-0.00682458USDT,2026-06-13 16:16:27
XAUUSDT Short·Isolated,2026-06-11 10:16:43,4094.44,4086.4,0.01XAU,40.864USDT,0.0509152327USDT,0.0804USDT,0.0032225127USDT,-0.00818888USDT,-0.0245184USDT,2026-06-11 12:12:49
XAUUSDT Short·Isolated,2026-06-10 15:27:45,4199.73,4172.65,0.02XAU,83.453USDT,0.5133087832USDT,0.5416USDT,0.0051983032USDT,-0.01679892USDT,-0.0166906USDT,2026-06-10 16:03:33
XAUUSDT Short·Isolated,2026-06-10 10:32:50,4183.85,4226.0,0.01XAU,42.26USDT,-0.4647094312USDT,-0.4215USDT,0.0072496688USDT,-0.0251031USDT,-0.025356USDT,2026-06-10 14:08:25
BTCUSDT Short·Isolated,2026-06-09 22:46:03,61299.6,61601.8,0.0001BTC,6.16018USDT,-0.03488007109USDT,-0.03022USDT,0.00026202891USDT,-0.001225992USDT,-0.003696108USDT,2026-06-10 15:26:15
BTCUSDT Long·Isolated,2026-06-07 09:16:48,61394.1,62056.2,0.0007BTC,43.43934USDT,0.446186958USDT,0.46347USDT,0USDT,-0.008595174USDT,-0.008687868USDT,2026-06-07 13:18:11
ZECUSDT Short·Isolated,2026-06-06 18:31:49,361.7,373.51,0.019ZEC,7.09669USDT,-0.23167928958USDT,-0.22439USDT,-0.00165681558USDT,-0.00137446USDT,-0.004258014USDT,2026-06-06 20:52:55
ZECUSDT Short·Isolated,2026-06-05 19:05:39,322.12,310.65,0.044ZEC,13.6686USDT,0.494303546USDT,0.50468USDT,0.000659362USDT,-0.002834656USDT,-0.00820116USDT,2026-06-05 20:47:44
HYPEUSDT Short·Isolated,2026-06-05 18:15:56,61.014,61.8115,0.48HYPE,29.66952USDT,-0.418173744USDT,-0.3828USDT,0USDT,-0.017572032USDT,-0.017801712USDT,2026-06-05 19:07:10
ZECUSDT Short·Cross,2026-06-05 14:23:33,343.96,303.93,0.085ZEC,25.83405USDT,3.37984123USDT,3.40255USDT,0USDT,-0.01754196USDT,-0.00516681USDT,2026-06-05 15:06:00
ZECUSDT Short·Cross,2026-06-05 10:40:32,398.944657534246,396.88,0.073ZEC,28.97224USDT,0.124072003019USDT,0.150719999999USDT,0.00820912302USDT,-0.017473776USDT,-0.017383344USDT,2026-06-05 12:56:14
SOXLUSDT Short·Cross,2026-06-04 21:01:16,246.93,243.43,0.11SOXL,26.7773USDT,0.36334716USDT,0.385USDT,0USDT,-0.01629738USDT,-0.00535546USDT,2026-06-04 21:28:07
BTCUSDT Short·Isolated,2026-06-04 13:22:00,63658.9,62589.9,0.0004BTC,25.03596USDT,0.4163558252USDT,0.4276USDT,-0.0011442708USDT,-0.005092712USDT,-0.005007192USDT,2026-06-04 18:27:48
BTCUSDT Long·Isolated,2026-06-04 12:05:12,64525.2,63805.0,0.0004BTC,25.522USDT,-0.308555216USDT,-0.28808USDT,0USDT,-0.005162016USDT,-0.0153132USDT,2026-06-04 13:19:58
HYPEUSDT Short·Isolated,2026-06-04 09:46:48,72.408,70.376,0.4HYPE,28.1504USDT,0.789792USDT,0.8128USDT,0USDT,-0.01737792USDT,-0.00563008USDT,2026-06-04 10:05:00
BTCUSDT Short·Isolated,2026-06-04 08:53:57,63029.3,63621.42014791,0.0003BTC,19.086426044373USDT,-0.200433174USDT,-0.177636044373USDT,0USDT,-0.011345274USDT,-0.011451855627USDT,2026-06-04 09:01:09
BTCUSDT Short·Isolated,2026-06-03 19:48:08,67048.0,66165.8,0.0004BTC,26.46632USDT,0.342222896USDT,0.35288USDT,0USDT,-0.00536384USDT,-0.005293264USDT,2026-06-03 23:47:17
WLDUSDT Long·Cross,2026-06-03 19:22:39,0.5234,0.507,54WLD,27.378USDT,-0.91898496USDT,-0.8856USDT,0USDT,-0.01695816USDT,-0.0164268USDT,2026-06-03 19:34:59
HYPEUSDT Long·Isolated,2026-06-03 19:18:57,73.299,72.188,0.4HYPE,28.8752USDT,-0.46758904USDT,-0.4444USDT,0USDT,-0.00586392USDT,-0.01732512USDT,2026-06-03 19:48:37
BTCUSDT Short·Isolated,2026-06-03 16:15:32,67055.4,67343.9,0.0005BTC,33.67195USDT,-0.17115871USDT,-0.14425USDT,0USDT,-0.00670554USDT,-0.02020317USDT,2026-06-03 18:07:06
HYPEUSDT Short·Isolated,2026-06-02 23:20:14,70.903,72.539243902439,0.41HYPE,29.741089999999USDT,-0.704672268USDT,-0.67086USDT,0.001474524USDT,-0.017442138USDT,-0.017844654USDT,2026-06-03 00:05:59
HYPEUSDT Long·Isolated,2026-06-02 21:02:26,73.449,72.563,0.4HYPE,29.0252USDT,-0.38944288USDT,-0.3544USDT,0USDT,-0.01762776USDT,-0.01741512USDT,2026-06-02 22:31:13
LABUSDT Long·Cross,2026-06-02 21:01:18,19.68458,18.63125,1LABNEW,18.63125USDT,-1.076319498USDT,-1.05333USDT,0USDT,-0.011810748USDT,-0.01117875USDT,2026-06-02 21:20:36
XAUUSDT Long·Isolated,2026-06-02 17:56:15,4535.71,4522.54,0.01XAU,45.2254USDT,-0.16790666USDT,-0.1317USDT,0USDT,-0.00907142USDT,-0.02713524USDT,2026-06-02 20:53:41
HYPEUSDT Short·Cross,2026-06-02 12:13:13,74.493,72.156,0.39HYPE,28.14084USDT,0.899991378USDT,0.91143USDT,0USDT,-0.005810454USDT,-0.005628168USDT,2026-06-02 14:57:27
BTCUSDT Short·Isolated,2026-06-01 21:30:53,71754.5,71699.5,0.0005BTC,35.84975USDT,0.002371125USDT,0.0275USDT,0.003556425USDT,-0.00717545USDT,-0.02150985USDT,2026-06-02 01:29:55
LABUSDT Long·Cross,2026-06-01 19:05:13,14.54865,14.49927,4LABNEW,57.99708USDT,-0.267235008USDT,-0.19752USDT,0USDT,-0.03491676USDT,-0.034798248USDT,2026-06-01 19:08:20
LABUSDT Long·Cross,2026-06-01 18:25:03,14.77233,15.35173,2LABNEW,30.70346USDT,1.128501876USDT,1.1588USDT,0USDT,-0.011876048USDT,-0.018422076USDT,2026-06-01 18:50:30
LABUSDT Long·Cross,2026-06-01 17:55:27,14.48052,13.26081,2LABNEW,26.52162USDT,-2.3790144318USDT,-2.43942USDT,0.0936951642USDT,-0.017376624USDT,-0.015912972USDT,2026-06-01 18:17:27
BNBUSDT Long·Isolated,2026-05-31 13:18:22,737.17,730.44,0.04BNB,29.2176USDT,-0.30442264USDT,-0.2692USDT,0USDT,-0.01769208USDT,-0.01753056USDT,2026-05-31 15:12:28
XAUUSDT Short·Isolated,2026-05-28 11:20:02,4392.52,4419.76,0.01XAU,44.1976USDT,-0.3068686336USDT,-0.2724USDT,0.0008349664USDT,-0.00878504USDT,-0.02651856USDT,2026-05-28 20:51:20
BTCUSDT Short·Isolated,2026-05-27 21:35:44,75142.4,74322.6,0.0004BTC,29.72904USDT,0.31888431584USDT,0.32792USDT,0.00292151584USDT,-0.006011392USDT,-0.005945808USDT,2026-05-28 05:53:12
ETHUSDT Short·Isolated,2026-05-27 12:14:56,2067.28,2079.01,0.02ETH,41.5802USDT,-0.26781724USDT,-0.2346USDT,0USDT,-0.00826912USDT,-0.02494812USDT,2026-05-27 14:37:48
ETHUSDT Short·Isolated,2026-05-22 15:08:05,2125.435,2109.91,0.02ETH,42.1982USDT,0.2921546322USDT,0.3105USDT,0.0070891722USDT,-0.0169949USDT,-0.00843964USDT,2026-05-23 02:37:21
ETHUSDT Short·Isolated,2026-05-21 18:42:27,2114.82,2130.16,0.01ETH,21.3016USDT,-0.1704106USDT,-0.1534USDT,0USDT,-0.00422964USDT,-0.01278096USDT,2026-05-21 23:13:51
ETHUSDT Short·Cross,2026-05-21 15:18:22,2125.64,2143.09,0.01ETH,21.4309USDT,-0.198874428USDT,-0.1745USDT,0.001237952USDT,-0.01275384USDT,-0.01285854USDT,2026-05-21 16:11:55
ETHUSDT Short·Cross,2026-05-20 21:15:29,2129.07,2134.65,0.03ETH,64.0395USDT,-0.21859812USDT,-0.1674USDT,0USDT,-0.01277442USDT,-0.0384237USDT,2026-05-20 22:16:36
ETHUSDT Short·Cross,2026-05-20 19:33:18,2127.01,2138.92,0.03ETH,64.1676USDT,-0.40856262USDT,-0.3573USDT,0USDT,-0.01276206USDT,-0.03850056USDT,2026-05-20 20:57:03
ETHUSDT Short·Cross,2026-05-19 18:05:21,2109.58,2131.15,0.01ETH,21.3115USDT,-0.2286331243USDT,-0.2157USDT,0.0040729357USDT,-0.00421916USDT,-0.0127869USDT,2026-05-20 14:24:28
ETHUSDT Short·Cross,2026-05-18 22:00:45,2128.03,2094.14,0.02ETH,41.8828USDT,0.66091132USDT,0.6778USDT,0USDT,-0.00851212USDT,-0.00837656USDT,2026-05-18 23:03:57
XAGUSDT Short·Cross,2026-05-18 10:30:16,75.06,74.8,0.78XAG,58.344USDT,0.13266552USDT,0.2028USDT,0USDT,-0.03512808USDT,-0.0350064USDT,2026-05-18 11:42:09
BTCUSDT Short·Isolated,2026-05-17 22:01:15,78138.6,78352.6,0.0007BTC,54.84682USDT,-0.19048003016USDT,-0.1498USDT,0.00316746584USDT,-0.010939404USDT,-0.032908092USDT,2026-05-18 03:40:43
ETHUSDT Short·Cross,2026-05-15 22:33:04,2210.64,2210.76,0.02ETH,44.2152USDT,-0.0200856USDT,-0.0024USDT,0USDT,-0.00884256USDT,-0.00884304USDT,2026-05-15 22:34:00
ETHUSDT Short·Cross,2026-05-15 21:45:30,2222.69,2221.12,0.02ETH,44.4224USDT,-0.0041442USDT,0.0314USDT,0USDT,-0.00889076USDT,-0.02665344USDT,2026-05-15 22:17:40
XAGUSDT Short·Cross,2026-05-14 23:52:37,84.9,83.04,0.22XAG,18.2688USDT,0.39433944USDT,0.4092USDT,0USDT,-0.0112068USDT,-0.00365376USDT,2026-05-15 07:37:01
ETHUSDT Short·Cross,2026-05-14 17:20:13,2263.23,2263.48,0.03ETH,67.9044USDT,-0.08898078USDT,-0.0075USDT,0USDT,-0.04073814USDT,-0.04074264USDT,2026-05-14 18:17:56
ETHUSDT Short·Cross,2026-05-14 11:21:01,2242.385,2261.54,0.02ETH,45.2308USDT,-0.41920802USDT,-0.3831USDT,0USDT,-0.00896954USDT,-0.02713848USDT,2026-05-14 13:31:31
ETHUSDT Short·Cross,2026-05-13 18:16:30,2313.79,2279.68,0.04ETH,91.1872USDT,1.31397758USDT,1.3644USDT,0.00447286USDT,-0.01851032USDT,-0.03638496USDT,2026-05-14 02:21:03
XAGUSDT Short·Cross,2026-05-13 12:34:54,86.48,87.5,0.3XAG,26.25USDT,-0.3269388USDT,-0.306USDT,0USDT,-0.0051888USDT,-0.01575USDT,2026-05-13 19:34:35
XAGUSDT Short·Cross,2026-05-12 18:32:38,83.61,84.42,0.52XAG,43.8984USDT,-0.47362536USDT,-0.4212USDT,0USDT,-0.02608632USDT,-0.02633904USDT,2026-05-12 20:43:25
XAGUSDT Short·Cross,2026-05-12 13:51:07,85.448461538461,84.47,0.39XAG,32.9433USDT,0.341839079998USDT,0.381599999998USDT,0USDT,-0.01999494USDT,-0.01976598USDT,2026-05-12 15:51:19
XAGUSDT Long·Cross,2026-05-11 23:08:54,85.23,85.47,0.38XAG,32.4786USDT,0.0522804USDT,0.0912USDT,0USDT,-0.01943244USDT,-0.01948716USDT,2026-05-12 00:17:20
XAGUSDT Short·Cross,2026-05-11 20:07:05,81.16,85.719770114942,0.87XAG,74.576199999999USDT,-4.05411124USDT,-3.967USDT,0USDT,-0.04236552USDT,-0.04474572USDT,2026-05-11 21:45:43
SUIUSDT Long·Cross,2026-05-11 14:25:52,1.3041,1.2682,13.5SUI,17.1207USDT,-0.50548563USDT,-0.48465USDT,0USDT,-0.01056321USDT,-0.01027242USDT,2026-05-11 15:01:05
ETHUSDT Short·Cross,2026-05-09 12:59:44,2312.29,2316.89,0.02ETH,46.3378USDT,-0.13828712USDT,-0.092USDT,0.00926304USDT,-0.02774748USDT,-0.02780268USDT,2026-05-10 00:02:37
BTCUSDT Short·Isolated,2026-05-08 11:05:43,79287.7,79758.1,0.0007BTC,55.83067USDT,-0.3907266552USDT,-0.32928USDT,0.0053525808USDT,-0.033300834USDT,-0.033498402USDT,2026-05-08 16:37:59
GRAMUSDT Long·Cross,2026-05-07 22:15:04,2.467801197604,2.4554,16.7TONCOIN,41.00518USDT,-0.248193772004USDT,-0.207100000004USDT,0USDT,-0.016490664USDT,-0.024603108USDT,2026-05-07 22:40:45
GRAMUSDT Long·Cross,2026-05-07 21:52:28,2.481958015266,2.4603,13.1TONCOIN,32.22993USDT,-0.322566148011USDT,-0.283720000011USDT,0USDT,-0.01950819USDT,-0.019337958USDT,2026-05-07 22:07:32
GRAMUSDT Long·Cross,2026-05-07 18:08:51,2.5974,2.565132352941,6.8TONCOIN,17.442899999998USDT,-0.240483132USDT,-0.21942USDT,0USDT,-0.010597392USDT,-0.01046574USDT,2026-05-07 18:25:34
GRAMUSDT Long·Cross,2026-05-07 17:35:24,2.675,2.6111,5.5TONCOIN,14.36105USDT,-0.36889413USDT,-0.35145USDT,0USDT,-0.0088275USDT,-0.00861663USDT,2026-05-07 17:39:31
ETHUSDT Long·Cross,2026-05-07 14:55:58,2338.43,2322.5,0.01ETH,23.225USDT,-0.18961048USDT,-0.1593USDT,-0.0023449USDT,-0.01403058USDT,-0.013935USDT,2026-05-07 18:26:07
GRAMUSDT Long·Cross,2026-05-07 14:15:06,2.7621,2.8283,7.4TONCOIN,20.92942USDT,0.469325168USDT,0.48988USDT,0USDT,-0.012263724USDT,-0.008291108USDT,2026-05-07 15:21:24
ETHUSDT Short·Cross,2026-05-07 00:32:06,2349.69,2335.24,0.02ETH,46.7048USDT,0.27496066USDT,0.289USDT,0.00470038USDT,-0.00939876USDT,-0.00934096USDT,2026-05-07 08:44:23
XAUUSDT Long·Cross,2026-05-06 10:36:18,4631.24,4678.82,0.01XAU,46.7882USDT,0.4548585USDT,0.4758USDT,-0.00232138USDT,-0.00926248USDT,-0.00935764USDT,2026-05-06 15:59:35
XAUUSDT Short·Cross,2026-05-06 00:34:05,4555.53,4584.83,0.01XAU,45.8483USDT,-0.327342515USDT,-0.293USDT,0.002277525USDT,-0.00911106USDT,-0.02750898USDT,2026-05-06 07:12:15
BTCUSDT Short·Isolated,2026-05-05 21:35:27,81346.7,81388.0,0.0007BTC,56.9716USDT,-0.074481498USDT,-0.02891USDT,0USDT,-0.011388538USDT,-0.03418296USDT,2026-05-05 22:29:38
XAUUSDT Short·Cross,2026-05-05 20:45:51,4566.3,4583.82,0.01XAU,45.8382USDT,-0.23010072USDT,-0.1752USDT,0USDT,-0.0273978USDT,-0.02750292USDT,2026-05-05 21:17:24
XAUUSDT Long·Cross,2026-05-05 09:07:23,4535.77,4529.96,0.01XAU,45.2996USDT,-0.096618615USDT,-0.0581USDT,-0.002267315USDT,-0.00907154USDT,-0.02717976USDT,2026-05-05 12:20:04
ETHUSDT Short·Cross,2026-05-04 23:19:29,2359.16,2347.16,0.02ETH,46.9432USDT,0.192614814USDT,0.24USDT,-0.000258346USDT,-0.02830992USDT,-0.01881692USDT,2026-05-05 00:19:48
ETHUSDT Short·Cross,2026-05-04 15:31:01,2366.71,2338.91,0.02ETH,46.7782USDT,0.5185272668USDT,0.556USDT,0.0002834268USDT,-0.02840052USDT,-0.00935564USDT,2026-05-04 18:05:19
ETHUSDT Long·Cross,2026-05-04 11:06:34,2376.76,2366.58,0.02ETH,47.3316USDT,-0.241506USDT,-0.2036USDT,0USDT,-0.00950704USDT,-0.02839896USDT,2026-05-04 14:20:27
XAUUSDT Long·Cross,2026-05-01 23:15:16,4635.9,4618.1,0.01XAU,46.181USDT,-0.23584507USDT,-0.178USDT,-0.00232107USDT,-0.0278154USDT,-0.0277086USDT,2026-05-02 02:13:47
XAUUSDT Long·Cross,2026-05-01 22:11:44,4642.3,4645.41,0.01XAU,46.4541USDT,-0.02462626USDT,0.0311USDT,0USDT,-0.0278538USDT,-0.02787246USDT,2026-05-01 22:25:50
XAUUSDT Long·Cross,2026-05-01 21:21:38,4593.76,4617.79,0.01XAU,46.1779USDT,0.2218769USDT,0.2403USDT,0USDT,-0.00918752USDT,-0.00923558USDT,2026-05-01 21:54:19
XAGUSDT Short·Cross,2026-05-01 12:30:46,74.09,73.64,0.39XAG,28.7196USDT,0.160097145USDT,0.1755USDT,0.001427205USDT,-0.00577902USDT,-0.01105104USDT,2026-05-01 19:55:29
XAUUSDT Long·Cross,2026-05-01 01:04:10,4616.48,4616.28,0.02XAU,92.3256USDT,-0.11479312USDT,-0.004USDT,0USDT,-0.05539776USDT,-0.05539536USDT,2026-05-01 01:57:59
XAUUSDT Long·Cross,2026-05-01 00:35:03,4612.18,4607.09,0.01XAU,46.0709USDT,-0.10621562USDT,-0.0509USDT,0USDT,-0.02767308USDT,-0.02764254USDT,2026-05-01 00:57:07
XAUUSDT Short·Cross,2026-05-01 00:25:01,4610.63,4610.57,0.01XAU,46.1057USDT,-0.0547272USDT,0.0006USDT,0USDT,-0.02766378USDT,-0.02766342USDT,2026-05-01 00:25:06
XAUUSDT Short·Cross,2026-04-30 15:32:02,4588.95,4595.64,0.01XAU,45.9564USDT,-0.083432262USDT,-0.0669USDT,0USDT,-0.00826011USDT,-0.008272152USDT,2026-04-30 15:43:30
XAGUSDT Short·Cross,2026-04-30 11:32:45,72.181147540982,71.953934426229,0.61XAG,43.891899999999USDT,0.128983259998USDT,0.138599999998USDT,0.00219783USDT,-0.00792549USDT,-0.00388908USDT,2026-04-30 13:10:37
XAGUSDT Long·Cross,2026-04-30 10:29:56,72.66,72.18,0.4XAG,28.872USDT,-0.19719696USDT,-0.192USDT,0USDT,0USDT,-0.00519696USDT,2026-04-30 11:32:45
XAGUSDT Short·Cross,2026-04-29 21:42:59,71.49,71.69,0.61XAG,43.7309USDT,-0.135538584USDT,-0.122USDT,0.00218258USDT,-0.007849602USDT,-0.007871562USDT,2026-04-30 03:00:19
XAGUSDT Short·Cross,2026-04-29 16:23:18,72.68,73.05,0.4XAG,29.22USDT,-0.15849256USDT,-0.148USDT,0USDT,-0.00523296USDT,-0.0052596USDT,2026-04-29 18:36:04
XAGUSDT Short·Cross,2026-04-29 14:00:00,73.6,72.88,0.6XAG,43.728USDT,0.4262409USDT,0.432USDT,0.0021897USDT,-0.0079488USDT,0USDT,2026-04-29 16:06:14
XAUUSDT Short·Cross,2026-04-28 21:06:20,4579.98,4574.32,0.01XAU,45.7432USDT,0.04012226USDT,0.0566USDT,0USDT,-0.008243964USDT,-0.008233776USDT,2026-04-28 22:17:36
XAGUSDT Short·Cross,2026-04-28 19:37:08,72.35,72.89,0.4XAG,29.156USDT,-0.22501248USDT,-0.216USDT,0.0014448USDT,-0.0052092USDT,-0.00524808USDT,2026-04-28 20:16:19
XAUUSDT Short·Cross,2026-04-28 18:01:15,4609.19,4584.54,0.01XAU,45.8454USDT,0.2465USDT,0.2465USDT,0USDT,0USDT,0USDT,2026-04-28 19:36:06
XAUUSDT Short·Cross,2026-04-28 13:11:22,4649.45,4630.51,0.01XAU,46.3051USDT,0.18103099USDT,0.1894USDT,0USDT,-0.00836901USDT,0USDT,2026-04-28 13:40:01
XAGUSDT Short·Cross,2026-04-28 09:45:48,75.2,74.6,0.39XAG,29.094USDT,0.22872096USDT,0.234USDT,0USDT,-0.00527904USDT,0USDT,2026-04-28 10:00:00
BTCUSDT Short·Isolated,2026-04-28 00:04:05,76696.3,76998.4,0.0007BTC,53.89888USDT,-0.25476332196USDT,-0.21147USDT,-0.00021651196USDT,-0.010737482USDT,-0.032339328USDT,2026-04-28 13:08:03
XAGUSDT Long·Cross,2026-04-27 23:31:45,75.18,74.84,0.47XAG,35.1748USDT,-0.167893024USDT,-0.1598USDT,-0.00176156USDT,0USDT,-0.006331464USDT,2026-04-28 00:01:29
XAGUSDT Long·Cross,2026-04-27 22:37:22,75.33,74.98,0.39XAG,29.2422USDT,-0.141763596USDT,-0.1365USDT,0USDT,0USDT,-0.005263596USDT,2026-04-27 22:53:38
XAUUSDT Long·Cross,2026-04-24 23:47:13,4727.28,4719.29,0.01XAU,47.1929USDT,-0.090756837USDT,-0.0799USDT,-0.002362115USDT,0USDT,-0.008494722USDT,2026-04-25 00:08:57
BTCUSDT Short·Isolated,2026-04-24 21:56:55,77901.8,77755.31428571286,0.0007BTC,54.428719999998USDT,0.071384404USDT,0.10254USDT,0USDT,-0.010906252USDT,-0.020249344USDT,2026-04-24 23:45:06
BTCUSDT Long·Isolated,2026-04-24 17:20:54,77505.7,77975.1,0.0007BTC,54.58257USDT,0.306812688USDT,0.32858USDT,0USDT,-0.010850798USDT,-0.010916514USDT,2026-04-24 19:04:52
XAGUSDT Short·Cross,2026-04-24 14:50:07,74.16,74.49,0.63XAG,46.9287USDT,-0.22475691USDT,-0.2079USDT,0USDT,-0.008409744USDT,-0.008447166USDT,2026-04-24 15:03:04
XAGUSDT Long·Cross,2026-04-24 12:56:08,75.07,74.68,0.62XAG,46.3016USDT,-0.2585121USDT,-0.2418USDT,0USDT,-0.008377812USDT,-0.008334288USDT,2026-04-24 14:22:51
XAGUSDT Short·Cross,2026-04-23 22:06:34,75.71,76.19,0.38XAG,28.9522USDT,-0.19278996USDT,-0.1824USDT,0USDT,-0.005178564USDT,-0.005211396USDT,2026-04-23 22:26:23
XAGUSDT Long·Cross,2026-04-23 20:17:14,76.33,76.597017543859,0.57XAG,43.660299999999USDT,0.14051395USDT,0.1522USDT,0USDT,-0.007831458USDT,-0.003854592USDT,2026-04-23 21:10:12
XAGUSDT Short·Cross,2026-04-23 18:27:03,74.62,74.52,0.19XAG,14.1588USDT,0.016451416USDT,0.019USDT,0USDT,0USDT,-0.002548584USDT,2026-04-23 18:40:50
XAGUSDT Short·Cross,2026-04-23 17:41:11,75.46,74.9,0.7XAG,52.43USDT,0.38249204USDT,0.392USDT,0USDT,-0.00950796USDT,0USDT,2026-04-23 18:22:05
XAGUSDT Short·Cross,2026-04-22 22:05:17,78.06,78.318,0.75XAG,58.7385USDT,-0.21461103USDT,-0.1935USDT,0USDT,-0.0105381USDT,-0.01057293USDT,2026-04-22 22:20:39
XAGUSDT Short·Cross,2026-04-22 20:33:08,77.86,77.88,0.57XAG,44.3916USDT,-0.019390488USDT,-0.0114USDT,0USDT,0USDT,-0.007990488USDT,2026-04-22 21:25:36
XAGUSDT Short·Cross,2026-04-22 14:09:14,78.25,78.15,0.56XAG,43.764USDT,0.04242672USDT,0.056USDT,0.00219184USDT,-0.0078876USDT,-0.00787752USDT,2026-04-22 19:30:19
XAGUSDT Long·Cross,2026-04-22 13:37:20,78.6,78.46,0.75XAG,58.845USDT,-0.1262031USDT,-0.105USDT,0USDT,-0.010611USDT,-0.0105921USDT,2026-04-22 13:58:22
XAGUSDT Short·Cross,2026-04-22 13:30:37,78.36447761194,78.6,0.67XAG,52.662USDT,-0.176729916001USDT,-0.157800000001USDT,0USDT,-0.009450756USDT,-0.00947916USDT,2026-04-22 13:37:10
XAGUSDT Long·Cross,2026-04-22 13:25:20,78.6,78.39,0.75XAG,58.7925USDT,-0.17869365USDT,-0.1575USDT,0USDT,-0.010611USDT,-0.01058265USDT,2026-04-22 13:29:19
XAGUSDT Short·Cross,2026-04-22 11:38:09,78.03,78.47,0.6XAG,47.082USDT,-0.2785614USDT,-0.264USDT,0.0023406USDT,-0.00842724USDT,-0.00847476USDT,2026-04-22 13:16:22
XAGUSDT Short·Cross,2026-04-22 11:20:09,78.05,78.1,0.56XAG,43.736USDT,-0.04373992USDT,-0.028USDT,0USDT,-0.00786744USDT,-0.00787248USDT,2026-04-22 11:25:16
ETHUSDT Long·Cross,2026-04-22 11:06:43,2368.3,2381.07,0.04ETH,95.2428USDT,0.47280504USDT,0.5108USDT,0USDT,-0.0189464USDT,-0.01904856USDT,2026-04-22 13:17:12
XAGUSDT Short·Cross,2026-04-21 22:58:24,76.95,76.93,0.76XAG,58.4668USDT,-0.002925544USDT,0.0152USDT,0.00292524USDT,-0.01052676USDT,-0.010524024USDT,2026-04-22 01:43:53
XAUUSDT Short·Cross,2026-04-21 15:10:09,4777.51,4782.55,0.01XAU,47.8255USDT,-0.067608108USDT,-0.0504USDT,0USDT,-0.008599518USDT,-0.00860859USDT,2026-04-21 15:16:38
XAGUSDT Long·Cross,2026-04-20 07:53:06,78.95,79.58,0.37XAG,29.4446USDT,0.2602826198USDT,0.2331USDT,0.0324406898USDT,-0.00525807USDT,0USDT,2026-04-20 08:33:33
XAGUSDT Long·Cross,2026-04-17 23:07:59,82.74,81.91,0.46XAG,37.6786USDT,-0.39732431USDT,-0.3818USDT,-0.00189129USDT,-0.006850872USDT,-0.006782148USDT,2026-04-18 01:08:56
XAGUSDT Short·Cross,2026-04-17 14:30:07,78.58,78.71,0.56XAG,44.0776USDT,-0.088654832USDT,-0.0728USDT,0USDT,-0.007920864USDT,-0.007933968USDT,2026-04-17 15:23:24
XAGUSDT Short·Cross,2026-04-16 23:34:41,78.64,78.98,0.37XAG,29.2226USDT,-0.134837842USDT,-0.1258USDT,0.00145965USDT,-0.005237424USDT,-0.005260068USDT,2026-04-17 00:00:44
XAGUSDT Short·Cross,2026-04-16 17:25:41,79.64,79.61,0.74XAG,58.9114USDT,0.0009879USDT,0.0222USDT,0USDT,-0.010608048USDT,-0.010604052USDT,2026-04-16 17:53:23
XAGUSDT Short·Cross,2026-04-16 14:58:09,80.31,80.28,0.55XAG,44.154USDT,0.00060159USDT,0.0165USDT,0USDT,-0.00795069USDT,-0.00794772USDT,2026-04-16 15:30:36
XAGUSDT Short·Cross,2026-04-16 13:35:25,80.51,80.43,0.54XAG,43.4322USDT,0.027556632USDT,0.0432USDT,0USDT,-0.007825572USDT,-0.007817796USDT,2026-04-16 14:50:42
XAGUSDT Long·Cross,2026-04-16 12:58:54,80.64,80.53,0.54XAG,43.4862USDT,-0.075065724USDT,-0.0594USDT,0USDT,-0.007838208USDT,-0.007827516USDT,2026-04-16 13:35:00
XAGUSDT Long·Cross,2026-04-15 21:05:06,78.94,79.9,0.56XAG,44.744USDT,0.525606312USDT,0.5376USDT,0USDT,-0.007957152USDT,-0.004036536USDT,2026-04-15 22:30:49
XAGUSDT Short·Cross,2026-04-15 18:26:22,78.39,78.78,0.37XAG,29.1486USDT,-0.154767522USDT,-0.1443USDT,0USDT,-0.005220774USDT,-0.005246748USDT,2026-04-15 18:46:30
XAGUSDT Short·Cross,2026-04-15 17:39:33,78.53,78.48,0.56XAG,43.9488USDT,0.012173392USDT,0.028USDT,0USDT,-0.007915824USDT,-0.007910784USDT,2026-04-15 17:58:28
XAGUSDT Short·Cross,2026-04-15 17:05:46,79.08,78.819454545454,0.55XAG,43.350699999999USDT,0.127667954USDT,0.1433USDT,0USDT,-0.00782892USDT,-0.007803126USDT,2026-04-15 17:13:39
XAGUSDT Long·Cross,2026-04-15 14:00:51,79.55,79.12,0.37XAG,29.2744USDT,-0.169667422USDT,-0.1591USDT,0USDT,-0.00529803USDT,-0.005269392USDT,2026-04-15 15:06:23
XAGUSDT Long·Cross,2026-04-15 12:59:44,79.81,79.7,0.36XAG,28.692USDT,-0.049936248USDT,-0.0396USDT,0USDT,-0.005171688USDT,-0.00516456USDT,2026-04-15 13:25:10
XAGUSDT Long·Cross,2026-04-14 23:19:59,78.87,79.4,0.22XAG,17.468USDT,0.11201498USDT,0.1166USDT,-0.001461768USDT,-0.003123252USDT,0USDT,2026-04-15 00:04:16
XAUUSDT Long·Cross,2026-04-14 22:56:45,4801.9,4789.59,0.01XAU,47.8959USDT,-0.140364682USDT,-0.1231USDT,0USDT,-0.00864342USDT,-0.008621262USDT,2026-04-14 23:10:18
XAUUSDT Long·Cross,2026-04-14 22:27:00,4803.05,4797.29,0.01XAU,47.9729USDT,-0.074880612USDT,-0.0576USDT,0USDT,-0.00864549USDT,-0.008635122USDT,2026-04-14 22:44:50
XAUUSDT Short·Cross,2026-04-14 13:40:39,4755.72,4771.6,0.01XAU,47.716USDT,-0.175949176USDT,-0.1588USDT,0USDT,-0.008560296USDT,-0.00858888USDT,2026-04-14 14:52:14
XAUUSDT Long·Cross,2026-04-14 13:20:39,4765.3,4761.88,0.01XAU,47.6188USDT,-0.051348924USDT,-0.0342USDT,0USDT,-0.00857754USDT,-0.008571384USDT,2026-04-14 13:26:19
XAUUSDT Long·Cross,2026-04-13 23:35:39,4708.46,4729.52,0.01XAU,47.2952USDT,0.199768667USDT,0.2106USDT,-0.002356105USDT,-0.008475228USDT,0USDT,2026-04-14 00:29:05
XAUUSDT Long·Cross,2026-04-13 18:51:00,4720.54,4707.06,0.01XAU,47.0706USDT,-0.15176968USDT,-0.1348USDT,0USDT,-0.008496972USDT,-0.008472708USDT,2026-04-13 19:41:09
XAUUSDT Short·Cross,2026-04-13 16:45:31,4718.21,4716.86,0.01XAU,47.1686USDT,-0.003483126USDT,0.0135USDT,0USDT,-0.008492778USDT,-0.008490348USDT,2026-04-13 18:45:14
XAUUSDT Short·Cross,2026-04-13 11:05:39,4711.87,4725.23,0.01XAU,47.2523USDT,-0.148229095USDT,-0.1336USDT,0.002357685USDT,-0.008481366USDT,-0.008505414USDT,2026-04-13 13:57:07
XAUUSDT Long·Cross,2026-04-10 22:25:01,4789.18,4766.74,0.01XAU,47.6674USDT,-0.241600656USDT,-0.2244USDT,0USDT,-0.008620524USDT,-0.008580132USDT,2026-04-10 23:36:14
BTCUSDT Short·Isolated,2026-04-10 15:49:50,71600.0,71517.1,0.0008BTC,57.21368USDT,-0.00306217216USDT,0.06632USDT,-0.00068596416USDT,-0.034368USDT,-0.034328208USDT,2026-04-10 16:07:11
XAUUSDT Short·Cross,2026-04-08 21:15:56,4796.39,4781.47,0.01XAU,47.8147USDT,0.140566498USDT,0.1492USDT,0USDT,-0.008633502USDT,0USDT,2026-04-08 21:31:56
XAUUSDT Long·Cross,2026-04-08 20:05:51,4803.56,4780.83,0.01XAU,47.8083USDT,-0.244551902USDT,-0.2273USDT,0USDT,-0.008646408USDT,-0.008605494USDT,2026-04-08 20:22:00
XAUUSDT Long·Cross,2026-04-08 18:50:22,4794.17,4788.0,0.01XAU,47.88USDT,-0.078947906USDT,-0.0617USDT,0USDT,-0.008629506USDT,-0.0086184USDT,2026-04-08 18:55:38
XAUUSDT Short·Cross,2026-04-08 16:50:39,4798.9,4778.74,0.01XAU,47.7874USDT,0.2016USDT,0.2016USDT,0USDT,0USDT,0USDT,2026-04-08 17:44:43
XAUUSDT Short·Cross,2026-04-08 15:38:14,4807.52,4807.8,0.01XAU,48.078USDT,-0.017701521USDT,-0.0028USDT,0.002406055USDT,-0.008653536USDT,-0.00865404USDT,2026-04-08 16:29:58
XAUUSDT Long·Cross,2026-04-08 14:20:46,4831.71,4819.45,0.01XAU,48.1945USDT,-0.139972088USDT,-0.1226USDT,0USDT,-0.008697078USDT,-0.00867501USDT,2026-04-08 14:56:40
XAUUSDT Long·Cross,2026-04-08 13:06:25,4806.28,4823.78,0.01XAU,48.2378USDT,0.157665892USDT,0.175USDT,0USDT,-0.008651304USDT,-0.008682804USDT,2026-04-08 14:08:05
XAUUSDT Short·Cross,2026-04-07 22:55:02,4637.56,4656.72,0.01XAU,46.5672USDT,-0.206001769USDT,-0.1916USDT,0.002327935USDT,-0.008347608USDT,-0.008382096USDT,2026-04-08 00:00:07
XAUUSDT Long·Cross,2026-04-07 17:55:42,4673.0,4658.37,0.02XAU,93.1674USDT,-0.326192932USDT,-0.2926USDT,0USDT,-0.0168228USDT,-0.016770132USDT,2026-04-07 18:26:12
XAUUSDT Long·Cross,2026-04-07 16:36:22,4683.3,4662.44,0.01XAU,46.6244USDT,-0.225422332USDT,-0.2086USDT,0USDT,-0.00842994USDT,-0.008392392USDT,2026-04-07 17:46:27
XAUUSDT Short·Cross,2026-04-07 15:16:06,4648.88,4646.05,0.01XAU,46.4605USDT,0.011569126USDT,0.0283USDT,0USDT,-0.008367984USDT,-0.00836289USDT,2026-04-07 15:36:13
XAUUSDT Short·Cross,2026-04-07 13:25:10,4647.59,4640.76,0.01XAU,46.4076USDT,0.05158097USDT,0.0683USDT,0USDT,-0.008365662USDT,-0.008353368USDT,2026-04-07 13:55:23
XAUUSDT Long·Cross,2026-04-06 23:20:33,4665.57,4655.18,0.01XAU,46.5518USDT,-0.12067735USDT,-0.1039USDT,0USDT,-0.008398026USDT,-0.008379324USDT,2026-04-06 23:38:32
XAUUSDT Short·Cross,2026-04-06 18:26:44,4683.7,4683.96,0.01XAU,46.8396USDT,-0.0216601566USDT,-0.0026USDT,-0.0021983686USDT,-0.00843066USDT,-0.008431128USDT,2026-04-06 22:20:04
XAUUSDT Short·Cross,2026-04-06 15:23:12,4647.31,4666.64,0.01XAU,46.6664USDT,-0.201699952USDT,-0.1933USDT,0USDT,0USDT,-0.008399952USDT,2026-04-06 15:49:27
XAUUSDT Long·Cross,2026-04-06 14:12:36,4660.72,4648.69,0.01XAU,46.4869USDT,-0.137056938USDT,-0.1203USDT,0USDT,-0.008389296USDT,-0.008367642USDT,2026-04-06 15:18:16
XAUUSDT Short·Cross,2026-04-06 10:32:21,4658.18,4634.37,0.01XAU,46.3437USDT,0.229715276USDT,0.2381USDT,0USDT,-0.008384724USDT,0USDT,2026-04-06 11:03:17
XAUUSDT Long·Cross,2026-04-02 23:36:39,4669.56,4659.55,0.01XAU,46.5955USDT,-0.116892398USDT,-0.1001USDT,0USDT,-0.008405208USDT,-0.00838719USDT,2026-04-02 23:45:28
XAUUSDT Long·Cross,2026-04-02 22:11:32,4653.68,4655.55,0.01XAU,46.5555USDT,0.001943386USDT,0.0187USDT,0USDT,-0.008376624USDT,-0.00837999USDT,2026-04-02 23:25:19
XAUUSDT Short·Cross,2026-04-02 16:57:11,4620.17,4592.45,0.01XAU,45.9245USDT,0.268883694USDT,0.2772USDT,0USDT,-0.008316306USDT,0USDT,2026-04-02 19:43:17
XAUUSDT Long·Cross,2026-04-02 16:57:03,4621.55,4620.73,0.01XAU,46.2073USDT,-0.024836104USDT,-0.0082USDT,0USDT,-0.00831879USDT,-0.008317314USDT,2026-04-02 16:57:07
XAUUSDT Short·Cross,2026-04-02 13:50:11,4590.85,4592.76,0.01XAU,45.9276USDT,-0.035630498USDT,-0.0191USDT,0USDT,-0.00826353USDT,-0.008266968USDT,2026-04-02 14:20:40
XAUUSDT Long·Cross,2026-04-01 13:41:08,4698.55,4701.45,0.01XAU,47.0145USDT,0.01208USDT,0.029USDT,0USDT,-0.00845739USDT,-0.00846261USDT,2026-04-01 14:35:31
XAUUSDT Short·Cross,2026-03-31 20:15:11,4573.15,4588.16,0.01XAU,45.8816USDT,-0.166590358USDT,-0.1501USDT,0USDT,-0.00823167USDT,-0.008258688USDT,2026-03-31 20:37:30
XAUUSDT Short·Cross,2026-03-31 17:02:36,4564.64,4555.3,0.01XAU,45.553USDT,0.085183648USDT,0.0934USDT,0USDT,-0.008216352USDT,0USDT,2026-03-31 17:30:52
XAUUSDT Short·Cross,2026-03-31 13:13:38,4553.89,4576.11,0.02XAU,91.5222USDT,-0.460873996USDT,-0.4444USDT,0USDT,0USDT,-0.016473996USDT,2026-03-31 13:39:54
XAUUSDT Long·Cross,2026-03-31 13:07:30,4567.41,4551.82,0.01XAU,45.5182USDT,-0.164093276USDT,-0.1559USDT,0USDT,0USDT,-0.008193276USDT,2026-03-31 13:13:17
XAUUSDT Long·Cross,2026-03-30 11:25:05,4515.6,4492.15,0.01XAU,44.9215USDT,-0.252963225USDT,-0.2345USDT,-0.002249275USDT,-0.00812808USDT,-0.00808587USDT,2026-03-30 12:13:21
XAUUSDT Long·Cross,2026-03-27 10:11:25,4437.09,4433.68,0.01XAU,44.3368USDT,-0.050067386USDT,-0.0341USDT,0USDT,-0.007986762USDT,-0.007980624USDT,2026-03-27 10:49:02
XAUUSDT Short·Cross,2026-03-26 21:23:05,4449.48,4446.76,0.01XAU,44.4676USDT,0.019195832USDT,0.0272USDT,0USDT,0USDT,-0.008004168USDT,2026-03-26 21:37:36
XAGUSDT Short·Cross,2026-03-26 14:14:37,69.3,68.54,0.42XAG,28.7868USDT,0.310236276USDT,0.3192USDT,0.00145698USDT,-0.00523908USDT,-0.005181624USDT,2026-03-26 16:56:00
XAGUSDT Short·Cross,2026-03-26 13:52:06,70.2,69.76,0.42XAG,29.2992USDT,0.174219024USDT,0.1848USDT,0USDT,-0.00530712USDT,-0.005273856USDT,2026-03-26 14:09:16
XAGUSDT Short·Cross,2026-03-26 10:35:32,71.58,71.56,0.41XAG,29.3396USDT,-0.002363732USDT,0.0082USDT,0USDT,-0.005282604USDT,-0.005281128USDT,2026-03-26 11:29:06
XAUUSDT Long·Cross,2026-03-25 10:18:50,4587.58,4588.61,0.01XAU,45.8861USDT,0.002040502USDT,0.0103USDT,0USDT,0USDT,-0.008259498USDT,2026-03-25 10:51:45
XAGUSDT Long·Cross,2026-03-25 00:16:47,69.99,69.34,0.29XAG,20.1086USDT,-0.195773026USDT,-0.1885USDT,0USDT,-0.003653478USDT,-0.003619548USDT,2026-03-25 01:05:10
XAGUSDT Long·Cross,2026-03-24 16:41:41,69.55,69.52,0.42XAG,29.1984USDT,-0.023113692USDT,-0.0126USDT,0USDT,-0.00525798USDT,-0.005255712USDT,2026-03-24 17:06:29
BTCUSDT Short·Isolated,2026-03-24 16:16:13,71040.9,70995.1,0.0004BTC,28.39804USDT,-0.004402096USDT,0.01832USDT,0USDT,-0.005683272USDT,-0.017038824USDT,2026-03-24 16:36:33
XAGUSDT Long·Cross,2026-03-24 15:50:56,69.96,69.61,0.21XAG,14.6181USDT,-0.0797920746USDT,-0.0735USDT,-0.0010163286USDT,-0.002644488USDT,-0.002631258USDT,2026-03-24 16:05:15
XAGUSDT Long·Cross,2026-03-24 14:55:51,69.1,69.5,0.42XAG,29.19USDT,0.15752184USDT,0.168USDT,0USDT,-0.00522396USDT,-0.0052542USDT,2026-03-24 15:23:36
XAGUSDT Long·Cross,2026-03-23 18:10:53,64.14,63.65,0.46XAG,29.279USDT,-0.235981012USDT,-0.2254USDT,0USDT,-0.005310792USDT,-0.00527022USDT,2026-03-23 18:37:32
XAGUSDT Short·Cross,2026-03-23 13:50:54,64.25,64.16,0.46XAG,29.5136USDT,0.036087552USDT,0.0414USDT,0USDT,0USDT,-0.005312448USDT,2026-03-23 14:15:05
XAGUSDT Long·Cross,2026-03-23 13:06:43,66.67,65.34,0.44XAG,28.7496USDT,-0.590374928USDT,-0.5852USDT,0USDT,0USDT,-0.005174928USDT,2026-03-23 13:30:16
BTCUSDT Short·Isolated,2026-03-22 13:15:39,69170.3,68793.1,0.0008BTC,55.03448USDT,0.25442074864USDT,0.30176USDT,-0.00325131536USDT,-0.011067248USDT,-0.033020688USDT,2026-03-22 17:41:37
XAUUSDT Long·Cross,2026-03-20 20:10:24,4692.79,4692.79,0.01XAU,46.9279USDT,0USDT,0USDT,0USDT,0USDT,0USDT,2026-03-20 20:19:24
XAGUSDT Short·Cross,2026-03-20 18:01:00,71.71,71.63,0.41XAG,29.3683USDT,0.027513706USDT,0.0328USDT,0USDT,0USDT,-0.005286294USDT,2026-03-20 18:05:08
XAGUSDT Short·Cross,2026-03-20 14:10:06,72.8,72.48,0.4XAG,28.992USDT,0.128USDT,0.128USDT,0USDT,0USDT,0USDT,2026-03-20 14:20:29
XAGUSDT Short·Cross,2026-03-20 13:55:09,72.46,72.54,0.4XAG,29.016USDT,-0.04244USDT,-0.032USDT,0USDT,-0.00521712USDT,-0.00522288USDT,2026-03-20 14:00:02
ETHUSDT Short·Cross,2026-03-20 10:33:32,2144.656666666666,2139.44,0.03ETH,64.1832USDT,0.130795419999USDT,0.156499999999USDT,0USDT,-0.01286794USDT,-0.01283664USDT,2026-03-20 12:40:07
XAGUSDT Long·Cross,2026-03-20 10:11:05,74.08,74.03,0.4XAG,29.612USDT,-0.02533376USDT,-0.02USDT,0USDT,-0.00533376USDT,0USDT,2026-03-20 10:17:48
XAGUSDT Long·Cross,2026-03-20 09:38:03,74.22,74.26,0.39XAG,28.9614USDT,0.010386948USDT,0.0156USDT,0USDT,0USDT,-0.005213052USDT,2026-03-20 09:47:10
XAGUSDT Short·Cross,2026-03-19 21:25:15,67.85,67.79,0.43XAG,29.1497USDT,0.02054841USDT,0.0258USDT,0USDT,-0.00525159USDT,0USDT,2026-03-19 21:42:04
XAGUSDT Short·Cross,2026-03-19 16:45:09,71.089354838709,71.09,1.24XAG,88.1516USDT,-0.006106364001USDT,-0.000800000001USDT,0USDT,-0.005306364USDT,0USDT,2026-03-19 18:53:32
XAGUSDT Short·Cross,2026-03-19 15:25:09,72.55,72.5,0.4XAG,29USDT,0.0095564USDT,0.02USDT,0USDT,-0.0052236USDT,-0.00522USDT,2026-03-19 15:39:24
XAGUSDT Short·Cross,2026-03-19 14:30:06,73.52,72.47,0.4XAG,28.988USDT,0.41739072USDT,0.42USDT,0USDT,0USDT,-0.00260928USDT,2026-03-19 14:55:12
ETHUSDT Short·Cross,2026-03-18 23:00:14,2185.5,2183.05,0.01ETH,21.8305USDT,-0.0017113USDT,0.0245USDT,0USDT,-0.013113USDT,-0.0130983USDT,2026-03-18 23:03:02
ETHUSDT Short·Cross,2026-03-18 19:39:53,2263.11,2236.43,0.01ETH,22.3643USDT,0.25780092USDT,0.2668USDT,0USDT,-0.00452622USDT,-0.00447286USDT,2026-03-18 20:46:06
ETHUSDT Long·Cross,2026-03-18 15:44:08,2314.22,2325.73,0.01ETH,23.2573USDT,0.09725846USDT,0.1151USDT,0.00074128USDT,-0.00462844USDT,-0.01395438USDT,2026-03-18 18:35:37
ETHUSDT Short·Cross,2026-03-17 17:18:29,2307.38,2336.45,0.01ETH,23.3645USDT,-0.30933346USDT,-0.2907USDT,0USDT,-0.00461476USDT,-0.0140187USDT,2026-03-17 21:32:40
ETHUSDT Long·Cross,2026-03-17 14:16:13,2316.94,2329.67,0.01ETH,23.2967USDT,0.1086881USDT,0.1273USDT,0USDT,-0.00463388USDT,-0.01397802USDT,2026-03-17 15:35:41
ETHUSDT Short·Cross,2026-03-17 13:47:33,2300.35,2304.81,0.01ETH,23.0481USDT,-0.06302956USDT,-0.0446USDT,0USDT,-0.0046007USDT,-0.01382886USDT,2026-03-17 14:10:12
ETHUSDT Short·Cross,2026-03-14 08:45:29,2082.22,2093.68,0.01ETH,20.9368USDT,-0.1396554USDT,-0.1146USDT,0USDT,-0.01249332USDT,-0.01256208USDT,2026-03-14 09:54:58
ETHUSDT Short·Cross,2026-03-14 00:03:25,2123.78,2138.34,0.01ETH,21.3834USDT,-0.1626776USDT,-0.1456USDT,0USDT,-0.00424756USDT,-0.01283004USDT,2026-03-14 01:16:18
ETHUSDT Short·Cross,2026-03-13 22:50:23,2163.78,2147.12,0.01ETH,21.4712USDT,0.14932308USDT,0.1666USDT,0USDT,-0.01298268USDT,-0.00429424USDT,2026-03-13 22:56:36
ETHUSDT Short·Cross,2026-03-13 21:26:30,2182.28,2190.75,0.01ETH,21.9075USDT,-0.10220906USDT,-0.0847USDT,0USDT,-0.00436456USDT,-0.0131445USDT,2026-03-13 21:50:47
ETHUSDT Long·Cross,2026-03-13 21:17:16,2157.07,2182.48,0.01ETH,21.8248USDT,0.2454209USDT,0.2541USDT,0USDT,-0.00431414USDT,-0.00436496USDT,2026-03-13 21:18:50
XAGUSDT Long·Cross,2026-03-13 14:55:39,82.69,82.59,0.5XAG,41.295USDT,-0.0648752USDT,-0.05USDT,0USDT,-0.0074421USDT,-0.0074331USDT,2026-03-13 15:00:44
XAGUSDT Short·Cross,2026-03-13 13:30:10,84.15,83.8,0.35XAG,29.33USDT,0.11719855USDT,0.1225USDT,0USDT,-0.00530145USDT,0USDT,2026-03-13 13:38:49
XAGUSDT Short·Cross,2026-03-13 10:46:26,84.77,84.36,0.34XAG,28.6824USDT,0.1394USDT,0.1394USDT,0USDT,0USDT,0USDT,2026-03-13 11:28:47
XAGUSDT Short·Cross,2026-03-12 22:23:40,85.75,85.77,0.34XAG,29.1618USDT,-0.017297024USDT,-0.0068USDT,0USDT,-0.0052479USDT,-0.005249124USDT,2026-03-12 22:45:33
XAGUSDT Short·Cross,2026-03-12 21:36:09,86.11,86.05,0.34XAG,29.257USDT,0.009863808USDT,0.0204USDT,0USDT,-0.005269932USDT,-0.00526626USDT,2026-03-12 21:57:51
XAGUSDT Long·Cross,2026-03-12 20:55:32,87.34,87.06,0.16XAG,13.9296USDT,-0.047307328USDT,-0.0448USDT,0USDT,0USDT,-0.002507328USDT,2026-03-12 21:05:16
XAGUSDT Short·Cross,2026-03-12 14:20:37,85.15,85.76,0.34XAG,29.1584USDT,-0.217859692USDT,-0.2074USDT,0USDT,-0.00521118USDT,-0.005248512USDT,2026-03-12 14:39:35
XAGUSDT Long·Cross,2026-03-12 11:05:30,84.8,84.41,0.34XAG,28.6994USDT,-0.137765892USDT,-0.1326USDT,0USDT,0USDT,-0.005165892USDT,2026-03-12 11:39:04
XAGUSDT Short·Cross,2026-03-12 09:56:01,85.37,85.58,0.34XAG,29.0972USDT,-0.08186214USDT,-0.0714USDT,0USDT,-0.005224644USDT,-0.005237496USDT,2026-03-12 10:05:47
XAGUSDT Short·Cross,2026-03-12 09:30:07,84.95,85.29,0.34XAG,28.9986USDT,-0.126018688USDT,-0.1156USDT,0USDT,-0.00519894USDT,-0.005219748USDT,2026-03-12 09:38:39
XAGUSDT Short·Cross,2026-03-11 22:35:03,85.57,85.49,0.34XAG,29.0666USDT,0.016731128USDT,0.0272USDT,0USDT,-0.005236884USDT,-0.005231988USDT,2026-03-11 22:42:18
XAGUSDT Short·Cross,2026-03-11 22:05:46,85.65,85.76,0.34XAG,29.1584USDT,-0.042648512USDT,-0.0374USDT,0USDT,0USDT,-0.005248512USDT,2026-03-11 22:31:30
XAGUSDT Short·Cross,2026-03-11 19:46:25,86.23,86.27,0.34XAG,29.3318USDT,-0.018879724USDT,-0.0136USDT,0USDT,0USDT,-0.005279724USDT,2026-03-11 19:50:06
XAGUSDT Long·Cross,2026-03-11 10:42:38,88.3,88.67,0.33XAG,29.2611USDT,0.111587982USDT,0.1221USDT,0USDT,-0.00524502USDT,-0.005266998USDT,2026-03-11 11:05:30
XAGUSDT Long·Cross,2026-03-10 21:10:57,89.12,89.205624999993,0.16XAG,14.272899999998USDT,0.011130878USDT,0.0137USDT,0USDT,0USDT,-0.002569122USDT,2026-03-10 21:30:13
XAGUSDT Short·Cross,2026-03-10 11:42:19,88.22,88.07,0.33XAG,29.0631USDT,0.039028374USDT,0.0495USDT,0USDT,-0.005240268USDT,-0.005231358USDT,2026-03-10 11:55:05
XAGUSDT Long·Cross,2026-03-10 09:55:57,89.36,88.42,0.33XAG,29.1786USDT,-0.315452148USDT,-0.3102USDT,0USDT,0USDT,-0.005252148USDT,2026-03-10 11:28:04
XAGUSDT Long·Cross,2026-03-09 21:30:45,84.5,83.74,0.14XAG,11.7236USDT,-0.110639648USDT,-0.1064USDT,0USDT,-0.0021294USDT,-0.002110248USDT,2026-03-09 21:43:42
XAGUSDT Short·Cross,2026-03-09 19:49:54,83.1,83.62,0.35XAG,29.267USDT,-0.18581101USDT,-0.182USDT,0.00145705USDT,0USDT,-0.00526806USDT,2026-03-09 20:05:30
XAGUSDT Long·Cross,2026-03-09 17:25:01,84.28,83.8,0.35XAG,29.33USDT,-0.1732794USDT,-0.168USDT,0USDT,0USDT,-0.0052794USDT,2026-03-09 17:45:43
XAGUSDT Short·Cross,2026-03-09 14:25:38,84.46,84.13,0.35XAG,29.4455USDT,0.1155USDT,0.1155USDT,0USDT,0USDT,0USDT,2026-03-09 14:40:39
XAGUSDT Short·Cross,2026-03-09 14:02:16,84.16,84.76,0.35XAG,29.666USDT,-0.22064196USDT,-0.21USDT,0USDT,-0.00530208USDT,-0.00533988USDT,2026-03-09 14:10:47
XAGUSDT Short·Cross,2026-03-09 12:54:43,82.64,83.17,0.35XAG,29.1095USDT,-0.19073971USDT,-0.1855USDT,0USDT,0USDT,-0.00523971USDT,2026-03-09 13:05:30
XAGUSDT Long·Cross,2026-03-06 16:00:11,84.77,84.62,0.69XAG,58.3878USDT,-0.114009804USDT,-0.1035USDT,0USDT,0USDT,-0.010509804USDT,2026-03-06 16:06:03
XAGUSDT Short·Cross,2026-03-06 15:47:00,84.25,84.56,0.35XAG,29.596USDT,-0.11382728USDT,-0.1085USDT,0USDT,0USDT,-0.00532728USDT,2026-03-06 15:57:04
BTCUSDT Short·Isolated,2026-03-06 15:37:45,70966.9,70550.0,0.0004BTC,28.22USDT,0.14625317744USDT,0.16676USDT,0.00210252944USDT,-0.005677352USDT,-0.016932USDT,2026-03-06 17:53:37
BTCUSDT Long·Isolated,2026-03-06 10:03:27,70938.9,70334.9,0.0006BTC,42.20094USDT,-0.396233232USDT,-0.3624USDT,0USDT,-0.008512668USDT,-0.025320564USDT,2026-03-06 13:24:23
BTCUSDT Short·Isolated,2026-03-05 23:11:24,71771.6,71444.4,0.0004BTC,28.57776USDT,0.11942272USDT,0.13088USDT,0USDT,-0.005741728USDT,-0.005715552USDT,2026-03-05 23:43:15
XAGUSDT Short·Cross,2026-03-05 21:21:15,82.46,82.33,0.14XAG,11.5262USDT,0.016122008USDT,0.0182USDT,0USDT,-0.002077992USDT,0USDT,2026-03-05 21:25:18
BTCUSDT Long·Isolated,2026-03-05 16:55:06,72262.2,73392.7,0.0004BTC,29.35708USDT,0.440547608USDT,0.4522USDT,0USDT,-0.005780976USDT,-0.005871416USDT,2026-03-05 18:48:06
XAGUSDT Short·Cross,2026-03-05 16:12:31,83.2,83.17,0.71XAG,59.0507USDT,0.000037914USDT,0.0213USDT,0USDT,-0.01063296USDT,-0.010629126USDT,2026-03-05 16:24:59
XAGUSDT Short·Cross,2026-03-05 14:00:12,82.6,81.68,0.17XAG,13.8856USDT,0.151373032USDT,0.1564USDT,0USDT,-0.00252756USDT,-0.002499408USDT,2026-03-05 14:14:11
XAGUSDT Short·Cross,2026-03-03 22:45:17,79.74,82.41,0.33XAG,27.1953USDT,-0.885995154USDT,-0.8811USDT,0USDT,0USDT,-0.004895154USDT,2026-03-03 23:52:06
XAGUSDT Short·Cross,2026-03-03 21:45:21,82.23,82.19,0.54XAG,44.3826USDT,0.005618376USDT,0.0216USDT,0USDT,-0.007992756USDT,-0.007988868USDT,2026-03-03 21:50:21
XAGUSDT Short·Cross,2026-03-03 21:07:36,82.05,82.69,0.54XAG,44.6526USDT,-0.353637468USDT,-0.3456USDT,0USDT,0USDT,-0.008037468USDT,2026-03-03 21:21:05
XAGUSDT Short·Cross,2026-03-03 16:31:03,86.13,85.84,0.34XAG,29.1856USDT,0.093346592USDT,0.0986USDT,0USDT,0USDT,-0.005253408USDT,2026-03-03 16:45:51
XAGUSDT Long·Cross,2026-03-03 15:56:03,87.34,86.23,0.2XAG,17.246USDT,-0.22597598USDT,-0.222USDT,-0.0008717USDT,0USDT,-0.00310428USDT,2026-03-03 16:30:27
XAGUSDT Short·Cross,2026-03-03 14:35:13,85.72,83.95,0.34XAG,28.543USDT,0.6018USDT,0.6018USDT,0USDT,0USDT,0USDT,2026-03-03 14:37:13
XAGUSDT Short·Cross,2026-03-03 14:25:38,85.9,86.45,0.2XAG,17.29USDT,-0.1131122USDT,-0.11USDT,0USDT,0USDT,-0.0031122USDT,2026-03-03 14:27:12
BTCUSDT Short·Isolated,2026-02-28 14:50:05,63686.4,63581.3,0.001BTC,63.5813USDT,0.05421394USDT,0.1051USDT,0USDT,-0.01273728USDT,-0.03814878USDT,2026-02-28 15:05:19
PIPPINUSDT Short·Isolated,2026-02-27 20:23:51,0.62962,0.63841,23PIPPIN,14.68343USDT,-0.21387631USDT,-0.20217USDT,0USDT,-0.002896252USDT,-0.008810058USDT,2026-02-27 20:30:15
BTCUSDT Short·Isolated,2026-02-27 20:17:13,65866.5,65854.7,0.0013BTC,85.61111USDT,-0.018907512USDT,0.01534USDT,0USDT,-0.01712529USDT,-0.017122222USDT,2026-02-27 21:31:30
XAGUSDT Long·Cross,2026-02-26 17:02:36,87.38,86.3,0.36XAG,31.068USDT,-0.3959613USDT,-0.3888USDT,-0.00156906USDT,0USDT,-0.00559224USDT,2026-02-26 20:02:07
BTCUSDT Short·Isolated,2026-02-25 15:03:09,64825.7,65076.3,0.0016BTC,104.12208USDT,-0.484177472USDT,-0.40096USDT,0USDT,-0.020744224USDT,-0.062473248USDT,2026-02-25 15:15:51
BTCUSDT Long·Isolated,2026-02-25 12:40:08,65592.6,65061.2,0.0008BTC,52.04896USDT,-0.466844192USDT,-0.42512USDT,0USDT,-0.010494816USDT,-0.031229376USDT,2026-02-25 13:32:38
XAGUSDT Long·Cross,2026-02-24 14:00:05,88.13,88.2,0.91XAG,80.262USDT,0.04925284USDT,0.0637USDT,0USDT,0USDT,-0.01444716USDT,2026-02-24 14:25:45
XAGUSDT Long·Cross,2026-02-24 13:18:47,87.44,87.12,0.97XAG,84.5064USDT,-0.325611152USDT,-0.3104USDT,0USDT,0USDT,-0.015211152USDT,2026-02-24 13:25:20
BTCUSDT Long·Isolated,2026-02-20 22:31:49,67060.6,67101.2,0.0006BTC,40.26072USDT,-0.007843704USDT,0.02436USDT,0USDT,-0.008047272USDT,-0.024156432USDT,2026-02-20 23:06:59
XAGUSDT Short·Cross,2026-02-12 12:19:47,83.04,84.15,0.55XAG,46.2825USDT,-0.61883085USDT,-0.6105USDT,0USDT,0USDT,-0.00833085USDT,2026-02-12 13:16:10
XAGUSDT Long·Cross,2026-02-12 11:36:05,84.11,83.7,1.07XAG,89.559USDT,-0.45929001USDT,-0.4387USDT,-0.00446939USDT,0USDT,-0.01612062USDT,2026-02-12 12:07:32
HYPEUSDT Long·Cross,2026-02-12 10:44:49,30.833,30.672,0.73HYPE,22.39056USDT,-0.14446919USDT,-0.11753USDT,0USDT,-0.013504854USDT,-0.013434336USDT,2026-02-12 11:07:18
ETHUSDT Short·Cross,2026-02-12 00:00:39,1927.23,1933.61,0.03ETH,58.0083USDT,-0.23776836USDT,-0.1914USDT,0USDT,-0.01156338USDT,-0.03480498USDT,2026-02-12 00:06:00
ETHUSDT Short·Cross,2026-02-11 23:00:44,1933.83,1923.12,0.04ETH,76.9248USDT,0.36660312USDT,0.4284USDT,0USDT,-0.04641192USDT,-0.01538496USDT,2026-02-11 23:32:16
BTCUSDT Short·Isolated,2026-02-10 22:45:56,68008.5,69189.5,0.0004BTC,27.6758USDT,-0.49444616USDT,-0.4724USDT,0USDT,-0.00544068USDT,-0.01660548USDT,2026-02-10 23:27:16
HYPEUSDT Short·Cross,2026-02-10 20:07:12,29.426,29.706,1.08HYPE,32.08248USDT,-0.340717536USDT,-0.3024USDT,0USDT,-0.019068048USDT,-0.019249488USDT,2026-02-10 21:22:56
ETHUSDT Short·Cross,2026-02-09 18:26:17,2026.4,2034.98,0.02ETH,40.6996USDT,-0.20405672USDT,-0.1716USDT,0USDT,-0.0243168USDT,-0.00813992USDT,2026-02-09 20:12:00
ETHUSDT Long·Cross,2026-02-09 18:10:46,2044.61,2038.55,0.03ETH,61.1565USDT,-0.23076156USDT,-0.1818USDT,0USDT,-0.01226766USDT,-0.0366939USDT,2026-02-09 18:15:06
XAUUSDT Short·Cross,2026-02-09 15:18:32,5009.09,5008.76,0.01XAU,50.0876USDT,-0.0568071USDT,0.0033USDT,0USDT,-0.03005454USDT,-0.03005256USDT,2026-02-09 15:30:29
ETHUSDT Short·Cross,2026-02-08 23:25:14,2116.02,2108.456666666666,0.03ETH,63.253699999999USDT,0.15926882USDT,0.2269USDT,0USDT,-0.03808836USDT,-0.02954282USDT,2026-02-08 23:40:07
ETHUSDT Short·Cross,2026-02-08 19:05:52,2106.76,2103.67,0.06ETH,126.2202USDT,0.08438676USDT,0.1854USDT,0USDT,-0.02528112USDT,-0.07573212USDT,2026-02-08 19:11:28
ASTERUSDT Long·Cross,2026-02-08 18:35:47,0.6155,0.614,96ASTER,58.944USDT,-0.2148192USDT,-0.144USDT,0USDT,-0.0354528USDT,-0.0353664USDT,2026-02-08 18:45:12
ASTERUSDT Long·Cross,2026-02-08 18:05:55,0.6202,0.6068,95ASTER,57.646USDT,-1.342939USDT,-1.273USDT,0USDT,-0.0353514USDT,-0.0345876USDT,2026-02-08 18:30:27
ZILUSDT Long·Cross,2026-02-08 17:05:31,0.005194,0.004872,5752ZIL,28.023744USDT,-1.795190249888USDT,-1.852144USDT,0.091693529312USDT,-0.0179255328USDT,-0.0168142464USDT,2026-02-08 18:05:11
ETHUSDT Long·Cross,2026-02-08 12:20:52,2074.61,2075.84,0.04ETH,83.0336USDT,-0.01721704USDT,0.0492USDT,0USDT,-0.01659688USDT,-0.04982016USDT,2026-02-08 12:36:16
API3USDT Short·Cross,2026-02-08 12:13:23,0.318477915099,0.3179,186.1API3,59.16119USDT,0.036492041923USDT,0.107549999923USDT,0USDT,-0.035561244USDT,-0.035496714USDT,2026-02-08 12:19:39
MUSDT Short·Cross,2026-02-08 12:04:59,1.632521999999,1.775736857142,35M,62.15078999997USDT,-5.084093436035USDT,-5.012520000035USDT,0USDT,-0.034282962USDT,-0.037290474USDT,2026-02-08 12:12:57
API3USDT Short·Cross,2026-02-08 10:41:53,0.3212,0.3212,156.9API3,50.39628USDT,-0.040317024USDT,0USDT,0USDT,-0.010079256USDT,-0.030237768USDT,2026-02-08 11:59:57
TRIAUSDT Short·Cross,2026-02-08 00:57:16,0.019499,0.017624,1520TRIA,26.78848USDT,2.83144737248USDT,2.85USDT,-0.00726723552USDT,-0.005927696USDT,-0.005357696USDT,2026-02-08 08:23:34
SKRUSDT Short·Cross,2026-02-07 21:28:13,0.021959,0.021854,1348SKRNEW,29.459192USDT,0.1061040456USDT,0.14154USDT,0USDT,-0.0177604392USDT,-0.0176755152USDT,2026-02-07 23:19:33
TRIAUSDT Short·Cross,2026-02-07 21:27:51,0.018131,0.020156687116,1630TRIA,32.85539999908USDT,-3.33038556136USDT,-3.30187USDT,-0.00421236336USDT,-0.017732118USDT,-0.00657108USDT,2026-02-08 00:46:50
ACUUSDT Short·Cross,2026-02-07 21:22:43,0.10222,0.10247,290ACU,29.7163USDT,-0.10811606USDT,-0.0725USDT,0USDT,-0.01778628USDT,-0.01782978USDT,2026-02-07 21:25:01
ACUUSDT Long·Cross,2026-02-07 21:20:02,0.10433,0.10186,284ACU,28.92824USDT,-0.736614776USDT,-0.70148USDT,0USDT,-0.017777832USDT,-0.017356944USDT,2026-02-07 21:22:35
ACUUSDT Short·Cross,2026-02-07 21:15:23,0.10292,0.10448,288ACU,30.09024USDT,-0.473262336USDT,-0.44928USDT,0USDT,-0.005928192USDT,-0.018054144USDT,2026-02-07 21:16:37
ACUUSDT Short·Cross,2026-02-07 20:50:55,0.09777,0.10012,170ACU,17.0204USDT,-0.41968478USDT,-0.3995USDT,0USDT,-0.00997254USDT,-0.01021224USDT,2026-02-07 21:08:56
STABLEUSDT Short·Cross,2026-02-07 18:23:10,0.01575,0.01572,920STABLE,14.4624USDT,0.01022856USDT,0.0276USDT,0USDT,-0.008694USDT,-0.00867744USDT,2026-02-07 19:00:10
VELVETUSDT Long·Cross,2026-02-07 17:15:22,0.11567,0.1154,179VELVET,20.6566USDT,-0.073146918USDT,-0.04833USDT,0USDT,-0.012422958USDT,-0.01239396USDT,2026-02-07 17:45:07
HUSDT Short·Cross,2026-02-07 14:55:19,0.14117,0.136059665071,209H,28.436469999839USDT,1.039694836USDT,1.06806USDT,0.000687856USDT,-0.017702718USDT,-0.011350302USDT,2026-02-07 17:09:23
HUSDT Short·Cross,2026-02-07 12:21:20,0.14238,0.1409,208H,29.3072USDT,0.278322304USDT,0.30784USDT,0USDT,-0.017769024USDT,-0.011748672USDT,2026-02-07 12:31:03
ETHUSDT Long·Cross,2026-02-06 22:47:21,1999.0,2025.44,0.01ETH,20.2544USDT,0.2413815952USDT,0.2644USDT,0.0011282352USDT,-0.011994USDT,-0.01215264USDT,2026-02-07 00:57:14
ETHUSDT Short·Cross,2026-02-06 15:02:16,1899.97,1896.54,0.01ETH,18.9654USDT,0.01152094USDT,0.0343USDT,0USDT,-0.01139982USDT,-0.01137924USDT,2026-02-06 15:18:34
ETHUSDT Short·Cross,2026-02-06 13:55:04,1969.73,1962.04,0.04ETH,78.4816USDT,0.21323752USDT,0.3076USDT,0USDT,-0.04727352USDT,-0.04708896USDT,2026-02-06 13:56:11
ETHUSDT Short·Cross,2026-02-06 13:11:08,1911.58,1933.79,0.04ETH,77.3516USDT,-0.98068888USDT,-0.8884USDT,0USDT,-0.04587792USDT,-0.04641096USDT,2026-02-06 13:39:34
ETHUSDT Short·Cross,2026-02-06 12:56:12,1905.61,1917.69,0.04ETH,76.7076USDT,-0.5749592USDT,-0.4832USDT,0USDT,-0.04573464USDT,-0.04602456USDT,2026-02-06 13:03:21
ETHUSDT Long·Cross,2026-02-06 12:23:03,1910.12,1906.92,0.03ETH,57.2076USDT,-0.16470672USDT,-0.096USDT,0USDT,-0.03438216USDT,-0.03432456USDT,2026-02-06 12:56:04
ETHUSDT Short·Cross,2026-02-06 11:26:20,1887.98,1908.94,0.02ETH,38.1788USDT,-0.46476304USDT,-0.4192USDT,0USDT,-0.02265576USDT,-0.02290728USDT,2026-02-06 12:22:17
ETHUSDT Short·Cross,2026-02-05 23:05:16,2018.37,1930.89,0.01ETH,19.3089USDT,0.858828USDT,0.8748USDT,0USDT,-0.01211022USDT,-0.00386178USDT,2026-02-05 23:29:43
ETHUSDT Short·Cross,2026-02-05 20:19:46,2051.24,2092.68,0.02ETH,41.8536USDT,-0.87852704USDT,-0.8288USDT,0USDT,-0.02461488USDT,-0.02511216USDT,2026-02-05 22:35:12
XAGUSDT Long·Cross,2026-02-05 14:33:33,79.19,79.44,0.37XAG,29.3928USDT,0.05728414USDT,0.0925USDT,0USDT,-0.01758018USDT,-0.01763568USDT,2026-02-05 15:50:25
XAGUSDT Short·Cross,2026-02-05 13:21:48,75.47,77.25,0.27XAG,20.8575USDT,-0.50534064USDT,-0.4806USDT,0USDT,-0.01222614USDT,-0.0125145USDT,2026-02-05 13:46:34
ETHUSDT Long·Cross,2026-02-05 12:20:05,2099.08,2107.54,0.02ETH,42.1508USDT,0.11872056USDT,0.1692USDT,0USDT,-0.02518896USDT,-0.02529048USDT,2026-02-05 12:53:45
XAGUSDT Short·Cross,2026-02-05 11:30:41,75.96,77.35,0.53XAG,40.9955USDT,-0.78545258USDT,-0.7367USDT,0USDT,-0.02415528USDT,-0.0245973USDT,2026-02-05 11:46:30
XAGUSDT Short·Cross,2026-02-05 10:51:11,76.27,77.59,0.12XAG,9.3108USDT,-0.16947792USDT,-0.1584USDT,0USDT,-0.00549144USDT,-0.00558648USDT,2026-02-05 11:20:34
XAGUSDT Long·Cross,2026-02-05 10:30:24,84.0,81.98,0.46XAG,37.7108USDT,-0.97501048USDT,-0.9292USDT,0USDT,-0.023184USDT,-0.02262648USDT,2026-02-05 10:38:11
XAGUSDT Short·Cross,2026-02-05 10:15:24,82.5,82.51,0.35XAG,28.8785USDT,-0.0381521USDT,-0.0035USDT,0USDT,-0.017325USDT,-0.0173271USDT,2026-02-05 10:20:06
HUSDT Long·Cross,2026-02-05 00:22:33,0.12893,0.12878,114H,14.68092USDT,-0.028848156USDT,-0.0171USDT,0USDT,-0.002939604USDT,-0.008808552USDT,2026-02-05 01:21:23
ETHUSDT Long·Cross,2026-02-04 19:15:06,2234.1,2242.73,0.01ETH,22.4273USDT,0.06840994USDT,0.0863USDT,0USDT,-0.0134046USDT,-0.00448546USDT,2026-02-04 19:25:19
ETHUSDT Short·Cross,2026-02-04 18:01:09,2261.3,2259.77,0.01ETH,22.5977USDT,0.00625786USDT,0.0153USDT,0USDT,-0.0045226USDT,-0.00451954USDT,2026-02-04 18:36:48
ETHUSDT Long·Cross,2026-02-04 14:15:58,2271.58,2274.08,0.01ETH,22.7408USDT,0.00681236USDT,0.025USDT,0USDT,-0.00454316USDT,-0.01364448USDT,2026-02-04 14:49:45
XAGUSDT Long·Cross,2026-02-02 19:30:53,83.9,82.43,0.07XAG,5.7701USDT,-0.1134540596USDT,-0.1029USDT,-0.0035681996USDT,-0.0035238USDT,-0.00346206USDT,2026-02-02 20:05:39
XAGUSDT Short·Cross,2026-02-02 18:25:32,80.6,81.38,0.11XAG,8.9518USDT,-0.09649068USDT,-0.0858USDT,0USDT,-0.0053196USDT,-0.00537108USDT,2026-02-02 18:30:44
XRPUSDT Short·Cross,2026-02-02 12:56:00,1.5777,1.5337,5XRP,7.6685USDT,0.2137332USDT,0.22USDT,0USDT,-0.0047331USDT,-0.0015337USDT,2026-02-02 13:36:42
ETHUSDT Short·Cross,2026-02-02 11:31:32,2189.2,2239.81,0.02ETH,44.7962USDT,-1.05649164USDT,-1.0122USDT,0USDT,-0.01741392USDT,-0.02687772USDT,2026-02-02 12:22:20
BTCUSDT Short·Isolated,2026-02-01 23:35:27,76915.3,76396.6,0.0011BTC,84.03626USDT,0.5385478208USDT,0.57057USDT,0.0017064388USDT,-0.016921366USDT,-0.016807252USDT,2026-02-02 05:56:27
BTCUSDT Short·Isolated,2026-02-01 22:30:51,77899.9,77833.8,0.001BTC,77.8338USDT,0.03495326USDT,0.0661USDT,0USDT,-0.01557998USDT,-0.01556676USDT,2026-02-01 22:48:09
BTCUSDT Short·Isolated,2026-02-01 15:08:00,77988.0,78483.7,0.0025BTC,196.20925USDT,-1.4005641755USDT,-1.23925USDT,-0.0050903255USDT,-0.116982USDT,-0.03924185USDT,2026-02-01 16:14:40
BTCUSDT Short·Isolated,2026-02-01 13:50:15,78496.5,78606.4,0.0022BTC,172.93408USDT,-0.449155828USDT,-0.24178USDT,0USDT,-0.10361538USDT,-0.103760448USDT,2026-02-01 14:00:12
SYNUSDT Short·Cross,2026-02-01 11:26:52,0.091319168646,0.09329584323,421SYN,39.27754999983USDT,-0.878813752034USDT,-0.832180000034USDT,0USDT,-0.023067222USDT,-0.02356653USDT,2026-02-01 11:28:36
BTCUSDT Long·Isolated,2026-02-01 10:15:44,78823.3,78635.0,0.002BTC,157.27USDT,-0.56554996USDT,-0.3766USDT,0USDT,-0.09458796USDT,-0.094362USDT,2026-02-01 11:23:23
CLANKERUSDT Short·Cross,2026-02-01 10:01:43,35.92,40.05,0.32CLANKER,12.816USDT,-1.33618624USDT,-1.3216USDT,0USDT,-0.00689664USDT,-0.0076896USDT,2026-02-01 10:10:56
ENSOUSDT Short·Isolated,2026-02-01 09:18:43,1.2302,1.2213,12ENSO,14.6556USDT,0.09505416USDT,0.1068USDT,0USDT,-0.00295248USDT,-0.00879336USDT,2026-02-01 10:00:05
SOLUSDT Short·Cross,2026-01-31 22:10:51,113.36,111.773,2SOL,223.546USDT,2.9932588USDT,3.174USDT,0USDT,-0.136032USDT,-0.0447092USDT,2026-01-31 22:23:25
SOLUSDT Long·Cross,2026-01-31 22:05:49,114.298,113.514,1.6SOL,181.6224USDT,-1.3999488USDT,-1.2544USDT,0USDT,-0.03657536USDT,-0.10897344USDT,2026-01-31 22:09:12
SOLUSDT Short·Cross,2026-01-31 21:25:15,114.779,114.1285,1SOL,114.1285USDT,0.5819085USDT,0.6505USDT,0USDT,-0.0229558USDT,-0.0456357USDT,2026-01-31 21:47:29
SOLUSDT Short·Cross,2026-01-31 19:59:08,115.902,115.586,2SOL,231.172USDT,0.4004044USDT,0.632USDT,0USDT,-0.1390824USDT,-0.0925132USDT,2026-01-31 20:17:00
SOLUSDT Short·Cross,2026-01-31 19:17:58,116.239,116.125,2SOL,232.25USDT,-0.0508368USDT,0.228USDT,0USDT,-0.1394868USDT,-0.13935USDT,2026-01-31 19:56:46
SOLUSDT Short·Cross,2026-01-31 16:29:16,115.660666666666,116.77,0.6SOL,70.062USDT,-0.721516480001USDT,-0.665600000001USDT,0USDT,-0.01387928USDT,-0.0420372USDT,2026-01-31 18:43:24
ENSOUSDT Long·Isolated,2026-01-31 15:59:58,1.6,1.5911,37ENSO,58.8707USDT,0.14130078USDT,-0.3293USDT,0.5414432USDT,-0.03552USDT,-0.03532242USDT,2026-01-31 16:00:13
ENSOUSDT Short·Isolated,2026-01-31 14:06:30,1.5642,1.6,11ENSO,17.6USDT,-0.40780124USDT,-0.3938USDT,0USDT,-0.00344124USDT,-0.01056USDT,2026-01-31 15:59:28
SENTUSDT Long·Cross,2026-01-31 12:13:45,0.0403,0.04039,589SENT,23.78971USDT,0.27505367024USDT,0.05301USDT,0.25055951624USDT,-0.01424202USDT,-0.014273826USDT,2026-01-31 14:02:17
SENTUSDT Short·Cross,2026-01-31 11:09:52,0.03916,0.04011,604SENT,24.22644USDT,-0.72980230384USDT,-0.5738USDT,-0.12727485584USDT,-0.014191584USDT,-0.014535864USDT,2026-01-31 12:13:22
SENTUSDT Short·Cross,2026-01-31 10:50:44,0.04007,0.0399,592SENT,23.6208USDT,-0.08177016576USDT,0.10064USDT,-0.16345314176USDT,-0.014232864USDT,-0.00472416USDT,2026-01-31 11:01:08
SENTUSDT Short·Cross,2026-01-31 10:10:40,0.04109,0.04058,577SENT,23.41466USDT,0.275479418USDT,0.29427USDT,0USDT,-0.004741786USDT,-0.014048796USDT,2026-01-31 10:42:41
SENTUSDT Long·Cross,2026-01-31 09:10:08,0.042685590361,0.04072,415SENT,16.8988USDT,-0.74271011023USDT,-0.81572000023USDT,0.093777882USDT,-0.010628712USDT,-0.01013928USDT,2026-01-31 10:08:49
PIPPINUSDT Short·Isolated,2026-01-30 23:22:57,0.2293,0.21091,103PIPPIN,21.72373USDT,1.8829866308USDT,1.89417USDT,-0.0021150432USDT,-0.00472358USDT,-0.004344746USDT,2026-01-31 00:49:11
RIVERUSDT Short·Cross,2026-01-30 21:16:08,35.663,35.163,1RIVER,35.163USDT,0.466225336USDT,0.5USDT,0.008720936USDT,-0.0213978USDT,-0.0210978USDT,2026-01-30 23:05:53
PIPPINUSDT Short·Isolated,2026-01-30 20:40:40,0.24244,0.23733,28PIPPIN,6.64524USDT,0.13510531664USDT,0.14308USDT,0.00008545264USDT,-0.004072992USDT,-0.003987144USDT,2026-01-30 21:07:43
ENSOUSDT Long·Cross,2026-01-30 20:31:56,1.5914,1.5661,4ENSO,6.2644USDT,-0.10627224USDT,-0.1012USDT,0USDT,-0.00381936USDT,-0.00125288USDT,2026-01-30 20:46:25
0GUSDT Long·Cross,2026-01-30 20:24:14,0.8713,0.8475,130G,11.0175USDT,-0.32280664USDT,-0.3094USDT,0USDT,-0.00679614USDT,-0.0066105USDT,2026-01-30 20:35:02
NOMUSDT Long·Cross,2026-01-30 19:47:24,0.010128,0.010167,2050NOMERC20,20.84235USDT,0.1109858889USDT,0.07995USDT,0.0559987389USDT,-0.01245744USDT,-0.01250541USDT,2026-01-30 20:19:03
ARCUSDT Short·Cross,2026-01-30 19:44:31,0.04217,0.04180003565,561ARC,23.44981999965USDT,0.1958835885USDT,0.20755USDT,0.0118474785USDT,-0.014194422USDT,-0.009319468USDT,2026-01-30 20:18:02
XAGUSDT Long·Cross,2026-01-30 19:31:35,102.81,103.3,0.2XAG,20.66USDT,0.0815308USDT,0.098USDT,0USDT,-0.0123372USDT,-0.004132USDT,2026-01-30 19:37:51
HYPEUSDT Long·Cross,2026-01-30 19:15:48,30.334,30.425,0.97HYPE,29.51225USDT,0.052908262USDT,0.08827USDT,0USDT,-0.017654388USDT,-0.01770735USDT,2026-01-30 19:26:10
HYPEUSDT Long·Cross,2026-01-30 19:05:05,30.025,30.106,1.97HYPE,59.30882USDT,0.088495158USDT,0.15957USDT,0USDT,-0.03548955USDT,-0.035585292USDT,2026-01-30 19:11:09
HYPEUSDT Long·Cross,2026-01-30 18:30:36,29.933,29.832,1.98HYPE,59.06736USDT,-0.27098082USDT,-0.19998USDT,0USDT,-0.035560404USDT,-0.035440416USDT,2026-01-30 18:50:53
XAGUSDT Short·Cross,2026-01-30 17:27:57,100.75,98.42,0.14XAG,13.7788USDT,0.3122238USDT,0.3262USDT,0USDT,-0.008463USDT,-0.0055132USDT,2026-01-30 17:58:22
PIPPINUSDT Short·Isolated,2026-01-30 16:27:45,0.25526,0.25287,81PIPPIN,20.48247USDT,0.16995135123USDT,0.19359USDT,0.00105646923USDT,-0.012405636USDT,-0.012289482USDT,2026-01-30 18:17:34
HYPEUSDT Long·Cross,2026-01-30 16:25:17,29.444,29.103,0.7HYPE,20.3721USDT,-0.26328974USDT,-0.2387USDT,0USDT,-0.01236648USDT,-0.01222326USDT,2026-01-30 16:41:51
RIVERUSDT Short·Cross,2026-01-30 14:01:35,45.345,43.054,1RIVER,43.054USDT,2.2551822USDT,2.291USDT,0USDT,-0.027207USDT,-0.0086108USDT,2026-01-30 14:22:32
XAGUSDT Long·Cross,2026-01-30 13:18:26,112.37,111.95,0.39XAG,43.6605USDT,-0.21629088USDT,-0.1638USDT,0USDT,-0.02629458USDT,-0.0261963USDT,2026-01-30 13:31:28
BTCUSDT Long·Isolated,2026-01-30 12:52:17,82948.1,82834.8,0.0007BTC,57.98436USDT,-0.148938818USDT,-0.07931USDT,0USDT,-0.034838202USDT,-0.034790616USDT,2026-01-30 14:00:33
BTCUSDT Long·Isolated,2026-01-30 12:07:51,82817.4,82881.0,0.0007BTC,58.0167USDT,-0.025073328USDT,0.04452USDT,0USDT,-0.034783308USDT,-0.03481002USDT,2026-01-30 12:40:23
XAUUSDT Short·Cross,2026-01-30 11:43:57,5168.71,5224.17,0.01XAU,52.2417USDT,-0.6027452549USDT,-0.5546USDT,0.0142120251USDT,-0.03101226USDT,-0.03134502USDT,2026-01-30 12:07:29
TSLAUSDT Short·Cross,2026-01-20 17:50:53,424.917251908396,427.697709923661,1.31TSLA,560.283999999995USDT,-3.687000879007USDT,-3.642400000007USDT,0.027999285USDT,-0.036181704USDT,-0.03641846USDT,2026-01-20 20:00:11
ZECUSDT Short·Cross,2026-01-14 00:46:11,389.8,412.783137254901,0.306ZEC,126.311639999999USDT,-7.120197915USDT,-7.03284USDT,0.012284829USDT,-0.02385576USDT,-0.075786984USDT,2026-01-14 08:46:51
BTCUSDT Long·Isolated,2026-01-13 22:31:17,92434.5,93362.6,0.0012BTC,112.03512USDT,1.069128696USDT,1.11372USDT,0USDT,-0.02218428USDT,-0.022407024USDT,2026-01-13 23:58:05
BTCUSDT Short·Isolated,2026-01-13 22:02:48,91825.14615384616,92417.0,0.0013BTC,120.1421USDT,-0.865369798001USDT,-0.769410000001USDT,0USDT,-0.023874538USDT,-0.07208526USDT,2026-01-13 22:31:08
DOGEUSDT Short·Isolated,2026-01-07 21:15:04,0.14741,0.14342,265DOGE,38.0063USDT,1.03131080055USDT,1.05735USDT,0.00500025055USDT,-0.02343819USDT,-0.00760126USDT,2026-01-08 14:17:20
BGBUSDT Short·Isolated,2025-12-15 21:34:01,3.556,3.54,30BGB,106.2USDT,0.34937088USDT,0.48USDT,-0.00290112USDT,-0.064008USDT,-0.06372USDT,2025-12-16 21:34:03
DOGEUSDT Short·Isolated,2025-12-14 19:38:28,0.13665,0.13294,286DOGE,38.02084USDT,1.041609712USDT,1.06106USDT,0.01160302USDT,-0.02344914USDT,-0.007604168USDT,2025-12-15 22:57:21
BTCUSDT Short·Isolated,2025-12-14 19:25:44,89576.2,89397.7,0.0024BTC,214.55448USDT,0.256499376USDT,0.4284USDT,0USDT,-0.128989728USDT,-0.042910896USDT,2025-12-14 19:30:24
ORDIUSDT Long·Isolated,2025-10-07 20:00:28,8.744774907749,8.365,5.42ORDI,45.3383USDT,-2.095062316005USDT,-2.058380000005USDT,0USDT,-0.009479336USDT,-0.02720298USDT,2025-10-07 22:41:29
ORDIUSDT Long·Isolated,2025-10-07 13:00:48,8.745,8.716,2.7ORDI,23.5332USDT,-0.08772894USDT,-0.0783USDT,0USDT,-0.0047223USDT,-0.00470664USDT,2025-10-07 13:03:22
ORDIUSDT Long·Isolated,2025-10-06 23:00:48,8.652615384615,8.691,5.2ORDI,45.1932USDT,0.174695259996USDT,0.199599999996USDT,-0.00686738USDT,-0.00899872USDT,-0.00903864USDT,2025-10-07 10:46:43
SUIUSDT Long·Cross,2025-08-13 16:33:32,3.9692,3.9724,169.9SUI,674.91076USDT,0.273824432USDT,0.54368USDT,0USDT,-0.134873416USDT,-0.134982152USDT,2025-08-13 17:41:05
ETHUSDT Long·Cross,2025-08-12 21:22:20,4420.11,4409.0,0.04ETH,176.36USDT,-0.51503288USDT,-0.4444USDT,0USDT,-0.03536088USDT,-0.035272USDT,2025-08-12 21:37:53
ETHUSDT Long·Cross,2025-08-11 21:57:31,4275.77,4286.81,0.32ETH,1371.7792USDT,2.98479488USDT,3.5328USDT,0USDT,-0.27364928USDT,-0.27435584USDT,2025-08-11 22:03:44
ETHUSDT Long·Cross,2025-08-11 21:46:28,4274.09,4284.226774193548,0.31ETH,1328.110299999999USDT,2.08054024USDT,3.1424USDT,0USDT,-0.26499358USDT,-0.79686618USDT,2025-08-11 21:51:01
ETHUSDT Long·Cross,2025-07-30 15:57:29,3805.19,3807.0,0.15ETH,571.05USDT,0.05227662USDT,0.2715USDT,0.00914232USDT,-0.1141557USDT,-0.11421USDT,2025-07-30 16:01:27
PENGUUSDT Short·Cross,2025-07-30 00:22:54,0.037889,0.037784,62984PENGU,2379.787456USDT,5.6600823536USDT,6.61332USDT,0USDT,-0.4772801552USDT,-0.4759574912USDT,2025-07-30 00:26:18
PENGUUSDT Short·Cross,2025-07-29 20:46:26,0.039505,0.038514,49533PENGU,1907.713962USDT,48.40804860705USDT,49.087203USDT,0.09374863245USDT,-0.391360233USDT,-0.3815427924USDT,2025-07-30 00:10:52
PENGUUSDT Short·Cross,2025-07-29 20:30:26,0.039703,0.039612,22610PENGU,895.62732USDT,1.69884757USDT,2.05751USDT,0USDT,-0.179536966USDT,-0.179125464USDT,2025-07-29 20:44:13
PENGUUSDT Short·Cross,2025-07-29 19:24:32,0.039949,0.039919662847,22607PENGU,902.463817982129USDT,-0.01425135105USDT,0.663225USDT,0.04462734835USDT,-0.1806254086USDT,-0.5414782908USDT,2025-07-29 20:27:16
TRXUSDT Long·Cross,2025-07-29 19:12:51,0.35042,0.344820218722,6858TRX,2364.777059995476USDT,-40.302802308USDT,-38.4033USDT,0USDT,-0.480636072USDT,-1.418866236USDT,2025-07-29 19:20:42
VINEUSDT Short·Cross,2025-07-28 21:57:12,0.135101263736,0.13499,728VINE,98.27272USDT,0.041674711808USDT,0.080999999808USDT,0USDT,-0.019670744USDT,-0.019654544USDT,2025-07-28 22:03:48
VINEUSDT Short·Cross,2025-07-28 21:53:35,0.13331,0.1332,738VINE,98.3016USDT,0.041843124USDT,0.08118USDT,0USDT,-0.019676556USDT,-0.01966032USDT,2025-07-28 21:55:40
ETHUSDT Short·Cross,2025-07-28 21:47:40,3844.39,3841.31,0.25ETH,960.3275USDT,0.385715USDT,0.77USDT,0USDT,-0.1922195USDT,-0.1920655USDT,2025-07-28 21:54:10
ETHUSDT Short·Cross,2025-07-28 21:34:12,3850.659999999999,3857.34,0.15ETH,578.601USDT,-1.464680400001USDT,-1.002000000001USDT,0USDT,-0.1155198USDT,-0.3471606USDT,2025-07-28 21:45:26
VINEUSDT Long·Isolated,2025-07-28 08:41:36,0.152223229974,0.15368,387VINE,59.47416USDT,0.540093089675USDT,0.563769999675USDT,0USDT,-0.011782078USDT,-0.011894832USDT,2025-07-28 08:48:20
ETHUSDT Short·Cross,2025-07-25 22:59:24,3630.04,3627.13,0.02ETH,72.5426USDT,0.02917132USDT,0.0582USDT,0USDT,-0.01452016USDT,-0.01450852USDT,2025-07-25 23:05:56
HYPERUSDT Short·Cross,2025-07-11 23:56:45,0.517895514511,0.5171,379HYPER,195.9809USDT,0.110204331669USDT,0.301499999669USDT,-0.112843008USDT,-0.03925648USDT,-0.03919618USDT,2025-07-12 00:07:05
BTCUSDT Short·Cross,2025-07-11 14:08:46,118257.0,117879.9,0.0008BTC,94.30392USDT,0.263898096USDT,0.30168USDT,0USDT,-0.01892112USDT,-0.018860784USDT,2025-07-11 15:36:36
BTCUSDT Short·Cross,2025-07-08 22:45:42,108610.1,109249.6,0.0004BTC,43.69984USDT,-0.28771191952USDT,-0.2558USDT,0.00299679248USDT,-0.008688808USDT,-0.026219904USDT,2025-07-09 20:09:55
ETHUSDT Long·Cross,2025-07-04 16:25:14,2541.0,2546.96,0.04ETH,101.8784USDT,0.19769632USDT,0.2384USDT,0USDT,-0.020328USDT,-0.02037568USDT,2025-07-04 18:21:14
ETHUSDT Long·Cross,2025-07-04 14:29:03,2555.2,2557.48,0.01ETH,25.5748USDT,0.01257464USDT,0.0228USDT,0USDT,-0.0051104USDT,-0.00511496USDT,2025-07-04 14:53:58
BCHUSDT Short·Cross,2025-07-04 13:13:57,490.42,484.21,0.04BCH,19.3684USDT,0.24060296USDT,0.2484USDT,0USDT,-0.00392336USDT,-0.00387368USDT,2025-07-04 14:20:03
PENGUUSDT Short·Cross,2025-07-04 12:34:11,0.016553,0.016355,1189PENGU,19.446095USDT,0.2275964776USDT,0.235422USDT,0USDT,-0.0039363034USDT,-0.003889219USDT,2025-07-04 12:57:00
ETHUSDT Long·Cross,2025-07-04 12:17:22,2583.2825,2577.75,0.04ETH,103.11USDT,-0.26258826USDT,-0.2213USDT,0USDT,-0.02066626USDT,-0.020622USDT,2025-07-04 12:26:30
PENGUUSDT Long·Cross,2025-07-04 12:01:50,0.016765,0.016785665076,2935PENGU,49.26592699806USDT,0.0212513888USDT,0.060652USDT,0USDT,-0.009841055USDT,-0.0295595562USDT,2025-07-04 12:11:27
BCHUSDT Short·Cross,2025-07-04 06:21:01,497.24,495.17,0.19BCH,94.0823USDT,0.364070533USDT,0.3933USDT,0.008482113USDT,-0.01889512USDT,-0.01881646USDT,2025-07-04 08:37:14
BCHUSDT Short·Cross,2025-07-03 22:31:02,499.12,498.26,0.19BCH,94.6694USDT,0.0873510522USDT,0.1634USDT,-0.0002807478USDT,-0.01896656USDT,-0.05680164USDT,2025-07-04 02:57:15
BCHUSDT Short·Cross,2025-07-03 09:47:02,508.67,508.01,0.19BCH,96.5219USDT,0.0481574USDT,0.1254USDT,0USDT,-0.01932946USDT,-0.05791314USDT,2025-07-03 14:21:44
BTCUSDT Short·Cross,2025-07-02 23:46:57,108439.6,109605.0,0.0018BTC,197.289USDT,-2.15813461176USDT,-2.09772USDT,0.01808144424USDT,-0.039038256USDT,-0.0394578USDT,2025-07-03 21:32:08
HUSDT Long·Cross,2025-07-02 16:33:44,0.08138,0.08185,604H,49.4374USDT,0.264161816USDT,0.28388USDT,0USDT,-0.009830704USDT,-0.00988748USDT,2025-07-02 16:48:35
ETHUSDT Short·Cross,2025-06-24 00:35:25,2208.761666666666,2268.43,0.24ETH,544.4232USDT,-14.535305200001USDT,-14.320400000001USDT,0USDT,-0.10602056USDT,-0.10888464USDT,2025-06-24 01:27:29
ETHUSDT Short·Cross,2025-06-23 20:42:34,2262.61,2245.76,0.04ETH,89.8304USDT,0.63793304USDT,0.674USDT,0USDT,-0.01810088USDT,-0.01796608USDT,2025-06-23 21:25:09
BTCUSDT Short·Cross,2025-06-23 14:05:47,101910.4,101796.3,0.0008BTC,81.43704USDT,0.026112112USDT,0.09128USDT,0USDT,-0.016305664USDT,-0.048862224USDT,2025-06-23 14:53:34
ETHUSDT Short·Cross,2025-06-22 22:48:22,2203.92,2201.07,0.02ETH,44.0214USDT,0.03938004USDT,0.057USDT,0USDT,-0.00881568USDT,-0.00880428USDT,2025-06-22 22:50:55
ETHUSDT Short·Cross,2025-06-22 22:31:58,2182.493333333333,2177.18,0.03ETH,65.3154USDT,0.133241959999USDT,0.159399999999USDT,0USDT,-0.01309496USDT,-0.01306308USDT,2025-06-22 22:42:43
ETHUSDT Short·Cross,2025-06-22 21:42:50,2188.526666666665,2180.7,0.18ETH,392.526USDT,1.094497439999USDT,1.408799999999USDT,0USDT,-0.07878696USDT,-0.2355156USDT,2025-06-22 22:30:49
ETHUSDT Short·Cross,2025-06-22 10:36:02,2257.51,2256.4325,0.08ETH,180.5146USDT,-0.05822892USDT,0.0862USDT,0USDT,-0.03612016USDT,-0.10830876USDT,2025-06-22 10:42:00
ETHUSDT Short·Cross,2025-06-22 10:07:31,2268.64,2265.94,0.08ETH,181.2752USDT,0.14344672USDT,0.216USDT,0USDT,-0.03629824USDT,-0.03625504USDT,2025-06-22 10:11:57
ETHUSDT Short·Cross,2025-06-21 09:46:02,2426.78,2427.18,0.07ETH,169.9026USDT,-0.09595544USDT,-0.028USDT,0USDT,-0.03397492USDT,-0.03398052USDT,2025-06-21 09:57:22
ETHUSDT Long·Cross,2025-06-20 16:55:25,2553.13,2546.76,0.07ETH,178.2732USDT,-0.58860774USDT,-0.4459USDT,0USDT,-0.03574382USDT,-0.10696392USDT,2025-06-20 17:07:40
ETHUSDT Long·Cross,2025-06-20 16:07:29,2564.39,2556.0,0.36ETH,920.16USDT,-3.75713208USDT,-3.0204USDT,0USDT,-0.18463608USDT,-0.552096USDT,2025-06-20 16:30:31
ETHUSDT Short·Cross,2025-06-20 15:40:05,2539.821666666666,2548.82,0.24ETH,611.7168USDT,-2.372056508801USDT,-2.159600000001USDT,0.0317982912USDT,-0.12191144USDT,-0.12234336USDT,2025-06-20 16:01:07
ETHUSDT Short·Cross,2025-06-19 20:47:30,2521.043749999999,2522.99,0.16ETH,403.6784USDT,-0.472809080001USDT,-0.311400000001USDT,0USDT,-0.0806734USDT,-0.08073568USDT,2025-06-19 21:26:33
ETHUSDT Short·Cross,2025-06-19 09:05:23,2513.7,2508.99,0.11ETH,275.9889USDT,0.40760082USDT,0.5181USDT,0USDT,-0.0553014USDT,-0.05519778USDT,2025-06-19 09:08:38
ETHUSDT Short·Cross,2025-06-19 08:51:23,2533.9,2522.4,0.07ETH,176.568USDT,0.7342118USDT,0.805USDT,0USDT,-0.0354746USDT,-0.0353136USDT,2025-06-19 09:04:45
ETHUSDT Short·Cross,2025-06-18 21:07:49,2483.11,2468.69,0.07ETH,172.8083USDT,0.9400748USDT,1.0094USDT,0USDT,-0.03476354USDT,-0.03456166USDT,2025-06-18 21:26:12
ETHUSDT Short·Cross,2025-06-18 14:46:40,2522.86,2523.83,0.07ETH,176.6681USDT,-0.13855366USDT,-0.0679USDT,0USDT,-0.03532004USDT,-0.03533362USDT,2025-06-18 14:58:46
ETHUSDT Short·Cross,2025-06-17 23:49:03,2492.272142857142,2487.53,0.14ETH,348.2542USDT,0.559435299999USDT,0.663899999999USDT,0.03496976USDT,-0.06978362USDT,-0.06965084USDT,2025-06-18 00:16:43
BTCUSDT Short·Isolated,2025-06-17 23:10:10,104597.7,99025.8,0.0002BTC,19.80516USDT,1.11219844826USDT,1.11438USDT,0.01433120426USDT,-0.012551724USDT,-0.003961032USDT,2025-06-22 23:58:57
ETHUSDT Short·Cross,2025-06-17 18:10:53,2558.965,2554.5,0.14ETH,357.63USDT,0.48192298USDT,0.6251USDT,0USDT,-0.07165102USDT,-0.071526USDT,2025-06-17 18:36:34
ETHUSDT Short·Cross,2025-06-17 17:12:57,2565.91,2563.95,0.07ETH,179.4765USDT,0.06538196USDT,0.1372USDT,0USDT,-0.03592274USDT,-0.0358953USDT,2025-06-17 17:41:56
ETHUSDT Long·Cross,2025-06-17 11:08:31,2609.11,2594.123333333333,0.18ETH,466.942199999999USDT,-3.07169328USDT,-2.6976USDT,0USDT,-0.09392796USDT,-0.28016532USDT,2025-06-17 12:20:27
ETHUSDT Long·Cross,2025-06-17 08:31:01,2569.2,2570.0,0.03ETH,77.1USDT,-0.0068352USDT,0.024USDT,0USDT,-0.0154152USDT,-0.01542USDT,2025-06-17 08:36:17
ETHUSDT Short·Cross,2025-06-17 08:00:52,2531.192307692307,2529.7,0.39ETH,986.583USDT,0.187250399999USDT,0.581999999999USDT,0USDT,-0.197433USDT,-0.1973166USDT,2025-06-17 08:15:22
ETHUSDT Long·Cross,2025-06-16 19:56:11,2618.89,2608.86,0.1ETH,260.886USDT,-1.107555USDT,-1.003USDT,0USDT,-0.0523778USDT,-0.0521772USDT,2025-06-16 20:03:14
ETHUSDT Short·Cross,2025-06-16 19:25:42,2601.036,2618.62,0.05ETH,130.931USDT,-0.93139656USDT,-0.8792USDT,0USDT,-0.02601036USDT,-0.0261862USDT,2025-06-16 19:47:24
ETHUSDT Short·Cross,2025-06-16 09:14:03,2523.98,2519.42,0.11ETH,277.1362USDT,0.3906452USDT,0.5016USDT,0USDT,-0.05552756USDT,-0.05542724USDT,2025-06-16 09:30:42
ETHUSDT Short·Cross,2025-06-15 22:18:00,2538.63,2538.18,0.07ETH,177.6726USDT,-0.03957534USDT,0.0315USDT,0USDT,-0.03554082USDT,-0.03553452USDT,2025-06-15 22:21:55
ETHUSDT Short·Cross,2025-06-15 17:16:13,2511.563333333333,2510.46,0.21ETH,527.1966USDT,0.020775019999USDT,0.231699999999USDT,0USDT,-0.10548566USDT,-0.10543932USDT,2025-06-15 17:35:02
ETHUSDT Short·Cross,2025-06-13 22:22:44,2513.594249999999,2537.1,0.4ETH,1014.84USDT,-9.806355540001USDT,-9.402300000001USDT,0USDT,-0.20108754USDT,-0.202968USDT,2025-06-13 22:55:54
ETHUSDT Short·Cross,2025-06-13 22:20:50,2520.07,2517.88,0.07ETH,176.2516USDT,0.0827687USDT,0.1533USDT,0USDT,-0.03528098USDT,-0.03525032USDT,2025-06-13 22:21:46
ETHUSDT Short·Isolated,2025-06-13 22:11:01,2526.619166666666,2524.59,0.12ETH,302.9508USDT,0.122270979999USDT,0.243499999999USDT,0USDT,-0.06063886USDT,-0.06059016USDT,2025-06-13 22:20:07
ETHUSDT Short·Cross,2025-06-13 22:09:18,2527.02,2528.43,0.02ETH,50.5686USDT,-0.0484218USDT,-0.0282USDT,0USDT,-0.01010808USDT,-0.01011372USDT,2025-06-13 22:10:24
ETHUSDT Short·Cross,2025-06-13 17:26:17,2509.262399999999,2521.8,0.25ETH,630.45USDT,-3.385953120001USDT,-3.134400000001USDT,0USDT,-0.12546312USDT,-0.12609USDT,2025-06-13 17:56:25
ETHUSDT Short·Cross,2025-06-13 17:01:02,2516.53,2520.17,0.07ETH,176.4119USDT,-0.3253138USDT,-0.2548USDT,0USDT,-0.03523142USDT,-0.03528238USDT,2025-06-13 17:09:57
ETHUSDT Short·Cross,2025-06-13 12:08:26,2499.46,2495.81,0.18ETH,449.2458USDT,0.47717028USDT,0.657USDT,0USDT,-0.08998056USDT,-0.08984916USDT,2025-06-13 12:17:03
ETHUSDT Short·Cross,2025-06-13 10:48:16,2469.03,2462.8,0.11ETH,270.908USDT,0.57679974USDT,0.6853USDT,0USDT,-0.05431866USDT,-0.0541816USDT,2025-06-13 10:56:24
ETHUSDT Short·Cross,2025-06-13 09:51:55,2494.89,2463.7,0.36ETH,886.932USDT,10.87138152USDT,11.2284USDT,0USDT,-0.17963208USDT,-0.1773864USDT,2025-06-13 10:42:20
ETHUSDT Short·Cross,2025-06-13 09:47:16,2501.78,2496.61,0.03ETH,74.8983USDT,0.12510966USDT,0.1551USDT,0USDT,-0.01501068USDT,-0.01497966USDT,2025-06-13 09:49:05
ETHUSDT Short·Cross,2025-06-13 09:31:55,2480.91,2479.0,0.11ETH,272.69USDT,0.10098198USDT,0.2101USDT,0USDT,-0.05458002USDT,-0.054538USDT,2025-06-13 09:35:17
ETHUSDT Short·Cross,2025-06-13 09:23:39,2493.54,2488.66,0.09ETH,223.9794USDT,0.3495204USDT,0.4392USDT,0USDT,-0.04488372USDT,-0.04479588USDT,2025-06-13 09:30:34
ETHUSDT Short·Cross,2025-06-13 08:51:52,2517.803333333333,2495.56,0.27ETH,673.8012USDT,5.734978379999USDT,6.005699999999USDT,0USDT,-0.13596138USDT,-0.13476024USDT,2025-06-13 09:20:06
ETHUSDT Long·Isolated,2025-06-12 22:37:41,2767.5348,2734.64,0.25ETH,683.66USDT,-8.49880874USDT,-8.2237USDT,0USDT,-0.13837674USDT,-0.136732USDT,2025-06-12 23:50:23
ETHUSDT Long·Isolated,2025-06-12 16:17:59,2748.51,2754.76,0.07ETH,192.8332USDT,0.36045422USDT,0.4375USDT,0USDT,-0.03847914USDT,-0.03856664USDT,2025-06-12 17:07:05
ETHUSDT Short·Isolated,2025-06-12 16:09:54,2735.82,2748.3,0.17ETH,467.211USDT,-2.30806008USDT,-2.1216USDT,0USDT,-0.09301788USDT,-0.0934422USDT,2025-06-12 16:14:48
ETHUSDT Short·Isolated,2025-06-10 10:07:35,2690.16,2688.61,0.17ETH,457.0637USDT,0.08062182USDT,0.2635USDT,0USDT,-0.09146544USDT,-0.09141274USDT,2025-06-10 10:15:00
MOODENGUSDT Long·Isolated,2025-06-07 12:57:23,0.21054,0.21184,233MOODENG,49.35872USDT,0.283217092USDT,0.3029USDT,0USDT,-0.009811164USDT,-0.009871744USDT,2025-06-07 14:22:58
BTCUSDT Short·Cross,2025-06-03 23:19:06,106500.0,104904.0,0.0007BTC,73.4328USDT,1.09846803631USDT,1.1172USDT,0.01086459631USDT,-0.01491USDT,-0.01468656USDT,2025-06-04 21:19:23
ETHUSDT Short·Cross,2025-06-03 11:12:39,2594.58,2592.2,0.18ETH,466.596USDT,0.05503752USDT,0.4284USDT,0USDT,-0.09340488USDT,-0.2799576USDT,2025-06-03 12:33:22
MOODENGUSDT Short·Isolated,2025-06-02 18:17:31,0.187983422561,0.19107,1569MOODENG,299.78883USDT,-5.081702497791USDT,-4.842840001791USDT,0USDT,-0.058989198USDT,-0.179873298USDT,2025-06-02 19:12:36
MOODENGUSDT Short·Isolated,2025-06-02 17:47:22,0.187399447619,0.1878,1050MOODENG,197.19USDT,-0.57824788405USDT,-0.42058000005USDT,0USDT,-0.039353884USDT,-0.118314USDT,2025-06-02 18:10:06
ETHUSDT Short·Cross,2025-06-02 13:42:23,2487.38,2496.350263157894,0.38ETH,948.613099999999USDT,-4.11705034USDT,-3.4087USDT,0USDT,-0.18904088USDT,-0.51930946USDT,2025-06-02 14:04:14
ETHUSDT Long·Cross,2025-06-02 13:21:14,2490.1,2486.11,0.09ETH,223.7499USDT,-0.53817174USDT,-0.3591USDT,0USDT,-0.0448218USDT,-0.13424994USDT,2025-06-02 13:37:51
ETHUSDT Short·Cross,2025-06-02 12:37:41,2497.1,2493.72,0.38ETH,947.6136USDT,0.90509768USDT,1.2844USDT,0USDT,-0.1897796USDT,-0.18952272USDT,2025-06-02 13:06:34
WCTUSDT Short·Isolated,2025-06-02 12:30:21,0.5443,0.5456,90WCT,49.104USDT,-0.1562598USDT,-0.117USDT,0USDT,-0.0097974USDT,-0.0294624USDT,2025-06-02 12:35:07
WCTUSDT Short·Isolated,2025-06-02 12:26:45,0.5477,0.5471,3WCT,1.6413USDT,0.0004866USDT,0.0018USDT,0USDT,-0.00032862USDT,-0.00098478USDT,2025-06-02 12:27:27
WCTUSDT Short·Isolated,2025-06-02 11:04:11,0.535918276761,0.5467,383WCT,209.3861USDT,-4.563557791337USDT,-4.129400000537USDT,-0.2674747908USDT,-0.04105134USDT,-0.12563166USDT,2025-06-02 12:25:12
WCTUSDT Short·Isolated,2025-06-01 16:56:14,0.5686,0.5535,173WCT,95.7555USDT,2.4752723225USDT,2.6123USDT,-0.0982030175USDT,-0.01967356USDT,-0.0191511USDT,2025-06-01 17:19:40
WCTUSDT Short·Isolated,2025-06-01 16:35:54,0.5752,0.5758,85WCT,48.943USDT,-0.070567USDT,-0.051USDT,0USDT,-0.0097784USDT,-0.0097886USDT,2025-06-01 16:50:02
ZENUSDT Short·Isolated,2025-06-01 14:10:19,10.773,10.777,4.5ZEN,48.4965USDT,-0.0567936USDT,-0.018USDT,0USDT,-0.0096957USDT,-0.0290979USDT,2025-06-01 14:18:54
ZENUSDT Long·Cross,2025-06-01 14:01:18,10.914,10.715777777777,4.5ZEN,48.220999999996USDT,-0.9307552USDT,-0.892USDT,0USDT,-0.0098226USDT,-0.0289326USDT,2025-06-01 14:05:27
ZENUSDT Long·Cross,2025-06-01 13:41:41,11.017,10.719272727272,4.4ZEN,47.164799999996USDT,-1.34799384USDT,-1.31USDT,0USDT,-0.00969496USDT,-0.02829888USDT,2025-06-01 13:51:29
UNIUSDT Long·Isolated,2025-06-01 13:04:39,6.278,6.212,7UNI,43.484USDT,-0.4968796USDT,-0.462USDT,0USDT,-0.0087892USDT,-0.0260904USDT,2025-06-01 13:21:42
ETHUSDT Short·Cross,2025-05-31 18:46:24,2511.31,2507.43,0.15ETH,376.1145USDT,0.3238556475USDT,0.582USDT,0.0428636475USDT,-0.0753393USDT,-0.2256687USDT,2025-06-01 10:26:30
LPTUSDT Long·Isolated,2025-05-31 16:11:57,11.81,12.053,8.3LPT,100.0399USDT,1.97728742USDT,2.0169USDT,0USDT,-0.0196046USDT,-0.02000798USDT,2025-05-31 16:14:10
WCTUSDT Long·Isolated,2025-05-31 15:21:42,1.3276,1.3333,147WCT,195.9951USDT,0.9192657642USDT,0.8379USDT,0.2379942642USDT,-0.03903144USDT,-0.11759706USDT,2025-05-31 16:04:06
WCTUSDT Long·Isolated,2025-05-31 15:11:02,1.2867,1.32,37WCT,48.84USDT,1.21281042USDT,1.2321USDT,0USDT,-0.00952158USDT,-0.009768USDT,2025-05-31 15:18:48
HUMAUSDT Short·Cross,2025-05-31 09:42:31,0.03701,0.0366,5318HUMA,194.6388USDT,2.102088404USDT,2.18038USDT,0USDT,-0.039363836USDT,-0.03892776USDT,2025-05-31 10:52:03
SNTUSDT Short·Cross,2025-05-31 00:32:10,0.03902,0.03872,5044SNT,195.30368USDT,1.434775888USDT,1.5132USDT,0USDT,-0.039363376USDT,-0.039060736USDT,2025-05-31 00:49:54
PRAIUSDT Short·Isolated,2025-05-30 15:33:24,0.03474,0.03421,2833PRAI,96.91693USDT,1.46242293USDT,1.50149USDT,0USDT,-0.019683684USDT,-0.019383386USDT,2025-05-30 15:39:59
WCTUSDT Long·Cross,2025-05-30 12:43:07,1.315,1.3395,149WCT,199.5855USDT,3.5713959USDT,3.6505USDT,0USDT,-0.039187USDT,-0.0399171USDT,2025-05-30 13:07:58
UNIUSDT Short·Isolated,2025-05-29 20:47:18,7.049,6.929,13UNI,90.077USDT,1.5236572USDT,1.56USDT,0USDT,-0.0183274USDT,-0.0180154USDT,2025-05-29 21:39:52
GRAMUSDT Long·Isolated,2025-05-29 18:10:19,3.3303,3.31,59.1TONCOIN,195.621USDT,-1.356466746USDT,-1.19973USDT,0USDT,-0.039364146USDT,-0.1173726USDT,2025-05-29 18:25:44
UNIUSDT Long·Isolated,2025-05-29 17:46:44,7.162,7.1,27UNI,191.7USDT,-1.8276948USDT,-1.674USDT,0USDT,-0.0386748USDT,-0.11502USDT,2025-05-29 18:08:34
WCTUSDT Long·Cross,2025-05-29 17:25:27,1.070371978021,1.0534,182WCT,191.7188USDT,-3.242892820186USDT,-3.088900000186USDT,0USDT,-0.03896154USDT,-0.11503128USDT,2025-05-29 17:45:23
WCTUSDT Long·Cross,2025-05-29 16:16:01,1.061523783783,1.0668,185WCT,197.358USDT,0.81840881996USDT,0.97609999996USDT,0USDT,-0.03927638USDT,-0.1184148USDT,2025-05-29 17:00:14
WCTUSDT Long·Cross,2025-05-29 14:40:00,1.053,1.04647204301,93WCT,97.32189999993USDT,-0.68507894USDT,-0.6071USDT,0USDT,-0.0195858USDT,-0.05839314USDT,2025-05-29 14:57:43
WCTUSDT Long·Cross,2025-05-29 13:01:50,1.0532,1.061004301075,93WCT,98.673399999975USDT,0.64700644USDT,0.7258USDT,0USDT,-0.01958952USDT,-0.05920404USDT,2025-05-29 14:35:14
UNIUSDT Long·Isolated,2025-05-29 12:41:48,7.341,7.246,13UNI,94.198USDT,-1.3106054USDT,-1.235USDT,0USDT,-0.0190866USDT,-0.0565188USDT,2025-05-29 13:01:12
UNIUSDT Long·Isolated,2025-05-29 11:54:44,7.508,7.387692307692,13UNI,96.039999999996USDT,-1.6411448USDT,-1.564USDT,0USDT,-0.0195208USDT,-0.057624USDT,2025-05-29 12:41:10
WCTUSDT Long·Cross,2025-05-29 10:11:24,0.9428,0.974,104WCT,101.296USDT,3.20493056USDT,3.2448USDT,0USDT,-0.01961024USDT,-0.0202592USDT,2025-05-29 10:41:46
WCTUSDT Long·Cross,2025-05-29 10:04:46,0.9375,0.947,104WCT,98.488USDT,0.9488024USDT,0.988USDT,0USDT,-0.0195USDT,-0.0196976USDT,2025-05-29 10:07:16
TRBUSDT Short·Cross,2025-05-28 22:48:21,48.936,48.48,1.6TRB,77.568USDT,0.69842688USDT,0.7296USDT,0USDT,-0.01565952USDT,-0.0155136USDT,2025-05-28 22:54:51
UNIUSDT Long·Isolated,2025-05-28 12:43:42,6.552,6.659,15UNI,99.885USDT,1.525413USDT,1.605USDT,0USDT,-0.019656USDT,-0.059931USDT,2025-05-28 12:55:33
WCTUSDT Long·Cross,2025-05-28 09:32:17,0.9257,0.958,106WCT,101.548USDT,3.38386556USDT,3.4238USDT,0USDT,-0.01962484USDT,-0.0203096USDT,2025-05-28 10:43:08
TRBUSDT Long·Cross,2025-05-28 08:48:22,51.6895,51.813666666666,1.8TRB,93.264599999998USDT,0.14893302USDT,0.2235USDT,0USDT,-0.01860822USDT,-0.05595876USDT,2025-05-28 09:25:17
ETHUSDT Long·Isolated,2025-05-27 22:04:09,2663.54,2668.0,0.07ETH,186.76USDT,0.23755844USDT,0.3122USDT,0USDT,-0.03728956USDT,-0.037352USDT,2025-05-27 23:19:39
BUSDT Short·Cross,2025-05-27 20:41:04,0.372,0.3672,132B,48.4704USDT,0.61408512USDT,0.6336USDT,0USDT,-0.0098208USDT,-0.00969408USDT,2025-05-27 21:01:24
BUSDT Short·Cross,2025-05-27 20:05:16,0.3802,0.3746,258B,96.6468USDT,1.32795696USDT,1.4448USDT,0USDT,-0.05885496USDT,-0.05798808USDT,2025-05-27 20:35:20
BUSDT Short·Cross,2025-05-27 18:54:02,0.3786,0.384,259B,99.456USDT,-1.47299516USDT,-1.3986USDT,0.00488992USDT,-0.01961148USDT,-0.0596736USDT,2025-05-27 20:02:36
ETHUSDT Short·Isolated,2025-05-27 09:00:53,2548.54,2538.0,0.07ETH,177.66USDT,0.59522932USDT,0.7378USDT,0USDT,-0.10703868USDT,-0.035532USDT,2025-05-27 09:10:54
ETHUSDT Long·Isolated,2025-05-26 20:55:30,2562.360909090908,2545.02,0.22ETH,559.9044USDT,-4.386902280001USDT,-3.815000000001USDT,0USDT,-0.23595964USDT,-0.33594264USDT,2025-05-26 22:21:59
ETHUSDT Short·Isolated,2025-05-26 17:02:14,2565.343333333333,2562.22,0.18ETH,461.1996USDT,0.039290279999USDT,0.562199999999USDT,0USDT,-0.24618996USDT,-0.27671976USDT,2025-05-26 19:10:40
ETHUSDT Long·Isolated,2025-05-26 16:31:43,2570.0,2572.79,0.01ETH,25.7279USDT,0.00732326USDT,0.0279USDT,0USDT,-0.00514USDT,-0.01543674USDT,2025-05-26 16:35:48
ETHUSDT Long·Isolated,2025-05-26 16:25:45,2573.89,2573.43,0.03ETH,77.2029USDT,-0.07556508USDT,-0.0138USDT,0USDT,-0.01544334USDT,-0.04632174USDT,2025-05-26 16:25:50
ETHUSDT Long·Isolated,2025-05-26 15:12:22,2590.663,2575.0,0.1ETH,257.5USDT,-1.90126384USDT,-1.5663USDT,-0.02502406USDT,-0.15543978USDT,-0.1545USDT,2025-05-26 16:24:27
DOGEUSDT Long·Cross,2025-05-22 08:44:35,0.23599,0.23816,125DOGE,29.77USDT,0.23568875USDT,0.27125USDT,0USDT,-0.01769925USDT,-0.017862USDT,2025-05-22 08:55:03
DOGEUSDT Short·Cross,2025-05-15 11:52:27,0.23271,0.22901,762DOGE,174.50562USDT,2.679231624USDT,2.8194USDT,0USDT,-0.035465004USDT,-0.104703372USDT,2025-05-15 13:47:09
DOGEUSDT Long·Cross,2025-05-15 09:19:36,0.23452,0.23238,837DOGE,194.50206USDT,-1.947856356USDT,-1.79118USDT,0USDT,-0.117775944USDT,-0.038900412USDT,2025-05-15 09:31:22
DOGEUSDT Short·Cross,2025-05-15 09:12:45,0.23424,0.23448,683DOGE,160.14984USDT,-0.356001456USDT,-0.16392USDT,0USDT,-0.095991552USDT,-0.096089904USDT,2025-05-15 09:19:12
PEPEUSDT Short·Cross,2025-05-14 15:17:24,1.41766e-05,1.413632512e-05,13885000PEPE,196.2828742912USDT,0.3233415207USDT,0.5592165USDT,0USDT,-0.1181052546USDT,-0.1177697247USDT,2025-05-14 15:35:06
DOGEUSDT Long·Cross,2025-05-13 12:32:36,0.22226,0.222502951612,620DOGE,137.95182999944USDT,-0.014821818USDT,0.15063USDT,0USDT,-0.08268072USDT,-0.082771098USDT,2025-05-13 13:21:16
DOGEUSDT Long·Cross,2025-05-13 10:57:48,0.22159,0.21932,684DOGE,150.01488USDT,-1.733629464USDT,-1.55268USDT,0USDT,-0.090940536USDT,-0.090008928USDT,2025-05-13 11:27:57
DOGEUSDT Short·Cross,2025-05-13 10:22:14,0.220484477825,0.22131,699DOGE,154.69569USDT,-0.762328604325USDT,-0.577040000325USDT,0USDT,-0.09247119USDT,-0.092817414USDT,2025-05-13 10:55:21
ETHUSDT Long·Isolated,2025-05-11 20:40:02,2521.7,2505.08,0.08ETH,200.4064USDT,-1.49019104USDT,-1.3296USDT,0USDT,-0.0403472USDT,-0.12024384USDT,2025-05-11 21:27:30
DOGEUSDT Short·Cross,2025-05-11 08:15:15,0.25745,0.25591,504DOGE,128.97864USDT,0.672821856USDT,0.77616USDT,0USDT,-0.02595096USDT,-0.077387184USDT,2025-05-11 08:16:37
DOGEUSDT Short·Cross,2025-05-10 19:41:57,0.22319,0.2239,553DOGE,123.8167USDT,-0.491604834USDT,-0.39263USDT,0USDT,-0.024684814USDT,-0.07429002USDT,2025-05-10 20:03:38
ETHUSDT Short·Isolated,2025-05-10 16:58:12,2377.16,2373.0,0.12ETH,284.76USDT,0.27109248USDT,0.4992USDT,0USDT,-0.17115552USDT,-0.056952USDT,2025-05-10 17:10:08
ETHUSDT Long·Isolated,2025-05-10 16:21:24,2417.32,2406.0,0.3ETH,721.8USDT,-4.2641976USDT,-3.396USDT,0USDT,-0.4351176USDT,-0.43308USDT,2025-05-10 16:50:24
ADAUSDT Long·Cross,2025-05-09 16:58:38,0.7911,0.7927,371ADA,294.0917USDT,0.35433164USDT,0.5936USDT,0USDT,-0.06281334USDT,-0.17645502USDT,2025-05-09 17:07:55
ADAUSDT Long·Cross,2025-05-09 16:46:12,0.7925,0.787089189189,370ADA,291.22299999993USDT,-2.1220364USDT,-2.002USDT,0USDT,-0.058645USDT,-0.0613914USDT,2025-05-09 16:57:14
ADAUSDT Long·Cross,2025-05-09 16:00:42,0.7964,0.8057,491ADA,395.5987USDT,4.1344599USDT,4.5663USDT,0USDT,-0.19448088USDT,-0.23735922USDT,2025-05-09 16:40:13
ADAUSDT Long·Cross,2025-05-09 15:18:04,0.780941776937,0.7908,529ADA,418.3332USDT,4.883462439798USDT,5.214999999798USDT,0USDT,-0.24787092USDT,-0.08366664USDT,2025-05-09 15:56:53
ADAUSDT Long·Cross,2025-05-09 13:14:45,0.7604,0.7782,239ADA,185.9898USDT,4.13351012USDT,4.2542USDT,0USDT,-0.08349192USDT,-0.03719796USDT,2025-05-09 15:15:53
ADAUSDT Long·Cross,2025-05-09 12:31:46,0.7579,0.7582,43ADA,32.6026USDT,-0.02621538USDT,0.0129USDT,0USDT,-0.01955382USDT,-0.01956156USDT,2025-05-09 12:32:02
ADAUSDT Long·Cross,2025-05-09 12:31:05,0.758,0.7577,86ADA,65.1622USDT,-0.10401012USDT,-0.0258USDT,0USDT,-0.0391128USDT,-0.03909732USDT,2025-05-09 12:31:09
ADAUSDT Long·Cross,2025-05-09 12:30:17,0.759023127753,0.7581,454ADA,344.1774USDT,-0.832364340316USDT,-0.419100000316USDT,0USDT,-0.2067579USDT,-0.20650644USDT,2025-05-09 12:30:36
XRPUSDT Long·Isolated,2025-03-31 11:16:51,2.092,2.1307,9XRP,19.1763USDT,0.3250143504USDT,0.3483USDT,-0.0004830696USDT,-0.0112968USDT,-0.01150578USDT,2025-03-31 23:26:00
ETHUSDT Short·Isolated,2025-03-06 14:26:36,2298.49,2293.4,0.18ETH,412.812USDT,0.42027588USDT,0.9162USDT,0USDT,-0.24823692USDT,-0.2476872USDT,2025-03-06 15:38:57
BTCUSDT Short·Cross,2025-03-04 11:40:54,84053.4,84077.0,0.0007BTC,58.8539USDT,-0.063599816USDT,-0.01652USDT,0USDT,-0.011767476USDT,-0.03531234USDT,2025-03-04 11:41:47
BGBUSDT Short·Isolated,2025-03-04 10:21:00,4.14,4.167,4BGB,16.668USDT,-0.1279368USDT,-0.108USDT,0USDT,-0.009936USDT,-0.0100008USDT,2025-03-04 11:39:19
BTCUSDT Short·Cross,2025-03-04 10:06:32,82668.0,82506.2,0.0075BTC,618.7965USDT,0.4702161USDT,1.2135USDT,0USDT,-0.372006USDT,-0.3712779USDT,2025-03-04 10:07:10
BTCUSDT Short·Cross,2025-03-04 09:56:24,83553.8,83356.9,0.0345BTC,2875.81305USDT,3.33799851USDT,6.79305USDT,0USDT,-1.72956366USDT,-1.72548783USDT,2025-03-04 10:01:51
BTCUSDT Short·Cross,2025-03-03 08:26:41,93629.4,92817.4,0.0073BTC,677.56702USDT,5.381989824USDT,5.9276USDT,0USDT,-0.410096772USDT,-0.135513404USDT,2025-03-03 09:16:35
BTCUSDT Long·Cross,2025-03-02 23:51:49,87232.0,87385.8,0.0012BTC,104.86296USDT,0.058835184USDT,0.18456USDT,0USDT,-0.06280704USDT,-0.062917776USDT,2025-03-02 23:52:19
BTCUSDT Short·Cross,2025-03-01 15:15:06,84936.1,85215.7,0.0001BTC,8.52157USDT,-0.03888097104USDT,-0.02796USDT,-0.00071186304USDT,-0.005096166USDT,-0.005112942USDT,2025-03-01 16:26:15
BTCUSDT Short·Cross,2025-02-28 22:32:02,81329.2,81094.7,0.0001BTC,8.10947USDT,0.013704566USDT,0.02345USDT,0USDT,-0.004879752USDT,-0.004865682USDT,2025-02-28 22:34:44
XRPUSDT Short·Isolated,2025-02-28 15:40:33,2.0055,2.102,9XRP,18.918USDT,-0.889942930623USDT,-0.8685USDT,0.000737569377USDT,-0.0108297USDT,-0.0113508USDT,2025-02-28 22:06:22
BTCUSDT Short·Cross,2025-02-25 22:45:51,87855.2,87700.4,0.0192BTC,1683.84768USDT,2.298026496USDT,2.97216USDT,0USDT,-0.337363968USDT,-0.336769536USDT,2025-02-25 22:47:43
BTCUSDT Short·Cross,2025-02-25 22:41:27,88138.2,87987.8,0.0038BTC,334.35364USDT,0.16995272USDT,0.57152USDT,0USDT,-0.200955096USDT,-0.200612184USDT,2025-02-25 22:44:58
BTCUSDT Short·Cross,2025-02-25 21:34:52,88853.35702479338,88400.3,0.0121BTC,1069.64363USDT,4.227144113999USDT,5.481989999999USDT,0USDT,-0.613059708USDT,-0.641786178USDT,2025-02-25 22:39:05
TRUMPUSDT Long·Isolated,2025-02-25 21:13:50,13.215,13.206,1.3TRUMP,17.1678USDT,-0.03230838USDT,-0.0117USDT,0USDT,-0.0103077USDT,-0.01030068USDT,2025-02-25 21:14:19
BTCUSDT Short·Cross,2025-02-25 19:09:09,88080.56277372262,87750.2,0.0137BTC,1202.17774USDT,3.221639517999USDT,4.525969999999USDT,0USDT,-0.583023838USDT,-0.721306644USDT,2025-02-25 19:25:22
BTCUSDT Short·Cross,2025-02-25 15:42:04,88663.1,89823.5,0.0326BTC,2928.2461USDT,-41.121257014856USDT,-37.82904USDT,0.198980881144USDT,-1.734250236USDT,-1.75694766USDT,2025-02-25 16:15:33
BTCUSDT Short·Cross,2025-02-25 15:25:33,89015.25564853555,88220.1,0.0239BTC,2108.46039USDT,18.157034999999USDT,19.004219999999USDT,0USDT,-0.425492922USDT,-0.421692078USDT,2025-02-25 15:35:49
BERAUSDT Short·Isolated,2025-02-11 23:13:21,5.525,5.587,9.8BERA,54.7526USDT,-0.67293856USDT,-0.6076USDT,0USDT,-0.032487USDT,-0.03285156USDT,2025-02-11 23:22:26
BERAUSDT Short·Isolated,2025-02-11 23:06:38,5.507,5.47,9.6BERA,52.512USDT,0.29197248USDT,0.3552USDT,0USDT,-0.03172032USDT,-0.0315072USDT,2025-02-11 23:09:25
BERAUSDT Long·Isolated,2025-02-11 20:49:36,5.606,5.622,137.9BERA,775.2738USDT,1.89673176USDT,2.2064USDT,0USDT,-0.15461348USDT,-0.15505476USDT,2025-02-11 20:58:18
BERAUSDT Long·Isolated,2025-02-11 20:46:41,5.599,5.602,208.5BERA,1168.017USDT,-0.3085383USDT,0.6255USDT,0USDT,-0.7004349USDT,-0.2336034USDT,2025-02-11 20:47:03
BERAUSDT Short·Isolated,2025-02-11 20:31:41,5.563,5.598064748201,208.5BERA,1167.196499999908USDT,-8.7072492USDT,-7.311USDT,0USDT,-0.6959313USDT,-0.7003179USDT,2025-02-11 20:46:41
BERAUSDT Short·Isolated,2025-02-11 20:16:11,5.594,5.592,69.1BERA,386.4072USDT,-0.1709534USDT,0.1382USDT,0USDT,-0.07730908USDT,-0.23184432USDT,2025-02-11 20:26:59
BERAUSDT Short·Isolated,2025-02-11 17:37:59,5.798,5.786,33.7BERA,194.9882USDT,0.17017152USDT,0.4044USDT,0USDT,-0.11723556USDT,-0.11699292USDT,2025-02-11 17:38:09
BERAUSDT Long·Isolated,2025-02-11 17:04:30,5.826892325314,5.597,87.3BERA,488.6181USDT,-20.178179103397USDT,-20.069600000087USDT,0.41161821669USDT,-0.22702646USDT,-0.29317086USDT,2025-02-11 20:15:43
TSTBSCUSDT Short·Cross,2025-02-11 17:03:08,0.2166,0.21548,500TSTBSC,107.74USDT,0.430376USDT,0.56USDT,0USDT,-0.06498USDT,-0.064644USDT,2025-02-11 17:03:32
BTCUSDT Short·Cross,2025-02-11 16:11:19,98116.0,98271.8,0.004BTC,393.0872USDT,-1.09453072USDT,-0.6232USDT,0USDT,-0.2354784USDT,-0.23585232USDT,2025-02-11 16:42:41
BERAUSDT Short·Isolated,2025-02-11 12:07:40,5.621,5.566235602094,38.2BERA,212.63019999999USDT,1.83558856USDT,2.092USDT,0USDT,-0.12883332USDT,-0.12757812USDT,2025-02-11 12:18:07
ETHUSDT Short·Cross,2025-02-10 23:04:27,2647.844571428571,2644.25,0.35ETH,925.4875USDT,0.146760139999USDT,1.258099999999USDT,0USDT,-0.55604736USDT,-0.5552925USDT,2025-02-10 23:27:03
BERAUSDT Short·Isolated,2025-02-10 16:01:48,5.167298263533,5.152675178753,97.9BERA,504.446899999918USDT,0.903518719879USDT,1.431599999879USDT,0USDT,-0.22541314USDT,-0.30266814USDT,2025-02-10 16:32:03
BERAUSDT Short·Isolated,2025-02-10 14:03:11,5.068124999999,5.039,41.6BERA,209.6224USDT,0.967029519958USDT,1.211599999958USDT,0USDT,-0.11879704USDT,-0.12577344USDT,2025-02-10 14:10:59
BERAUSDT Short·Isolated,2025-02-10 12:36:14,5.0,4.969,74.5BERA,370.1905USDT,2.0119619USDT,2.3095USDT,0USDT,-0.2235USDT,-0.0740381USDT,2025-02-10 12:41:20
BERAUSDT Short·Isolated,2025-02-10 11:49:34,4.996,4.985,81.7BERA,407.2745USDT,0.57234118USDT,0.8987USDT,0USDT,-0.24490392USDT,-0.0814549USDT,2025-02-10 11:57:48
BERAUSDT Short·Isolated,2025-02-10 01:23:39,5.334,5.275,17.2BERA,90.73USDT,0.90531512USDT,1.0148USDT,0USDT,-0.05504688USDT,-0.054438USDT,2025-02-10 01:41:00
BTCUSDT Long·Cross,2025-02-08 19:37:22,95884.7,96120.0,0.005BTC,480.6USDT,0.6004859USDT,1.1765USDT,0USDT,-0.2876541USDT,-0.28836USDT,2025-02-08 22:15:20
BTCUSDT Long·Cross,2025-02-08 16:31:14,96159.4,95838.8,0.006BTC,575.0328USDT,-2.61479352USDT,-1.9236USDT,0USDT,-0.34617384USDT,-0.34501968USDT,2025-02-08 19:29:16
UXLINKUSDT Long·Cross,2025-02-08 16:11:53,0.7908,0.7926,128.8UXLINK,102.08688USDT,0.109474848USDT,0.23184USDT,0USDT,-0.061113024USDT,-0.061252128USDT,2025-02-08 16:23:04
SUIUSDT Short·Cross,2025-02-08 16:02:29,2.9712,2.9653,101.5SUI,300.97795USDT,0.23731715USDT,0.59885USDT,0USDT,-0.18094608USDT,-0.18058677USDT,2025-02-08 16:04:14
SUIUSDT Short·Cross,2025-02-08 15:52:22,2.9737,2.9906,98.3SUI,293.97598USDT,-1.994361820239USDT,-1.66127USDT,0.018682593761USDT,-0.175388826USDT,-0.176385588USDT,2025-02-08 16:01:32
UXLINKUSDT Long·Cross,2025-02-08 15:51:01,0.8095,0.7828,6.5UXLINK,5.0882USDT,-0.112887672118USDT,-0.17355USDT,0.064767597882USDT,-0.00105235USDT,-0.00305292USDT,2025-02-08 16:00:07
ETHUSDT Short·Cross,2025-02-07 23:32:40,2739.86,2734.17,0.19ETH,519.4923USDT,0.45706058USDT,1.0811USDT,0USDT,-0.31234404USDT,-0.31169538USDT,2025-02-07 23:34:01
ETHUSDT Short·Cross,2025-02-07 22:34:06,2779.23,2759.46,0.35ETH,965.811USDT,5.7563751USDT,6.9195USDT,0USDT,-0.5836383USDT,-0.5794866USDT,2025-02-07 23:01:40
ETHUSDT Long·Cross,2025-02-07 18:41:07,2745.45,2754.58,0.31ETH,853.9198USDT,1.80729442USDT,2.8303USDT,0USDT,-0.5106537USDT,-0.51235188USDT,2025-02-07 19:29:29
ETHUSDT Long·Cross,2025-02-07 14:34:49,2679.18,2675.38,0.28ETH,749.1064USDT,-1.96356608USDT,-1.064USDT,0USDT,-0.45010224USDT,-0.44946384USDT,2025-02-07 14:45:51
ETHUSDT Long·Cross,2025-02-07 12:19:35,2724.58,2702.0,0.19ETH,513.38USDT,-4.90883012USDT,-4.2902USDT,0USDT,-0.31060212USDT,-0.308028USDT,2025-02-07 14:07:37
BERAUSDT Short·Isolated,2025-02-07 01:33:14,8.786,8.757,5.8BERA,50.7906USDT,0.12753388USDT,0.1682USDT,0USDT,-0.01019176USDT,-0.03047436USDT,2025-02-07 01:33:31
BTCUSDT Long·Isolated,2025-02-06 16:39:30,98043.0,97978.0,0.009BTC,881.802USDT,-1.2905586USDT,-0.585USDT,0USDT,-0.1764774USDT,-0.5290812USDT,2025-02-06 16:45:27
VINEUSDT Long·Isolated,2025-02-06 16:04:10,0.14792,0.149754804469,716VINE,107.224439999804USDT,1.185838904USDT,1.31372USDT,0USDT,-0.063546432USDT,-0.064334664USDT,2025-02-06 16:10:27
BANUSDT Short·Cross,2025-02-06 15:36:51,0.057,0.0571,1859BAN,106.1489USDT,-0.27070758USDT,-0.1859USDT,0USDT,-0.0635778USDT,-0.02122978USDT,2025-02-06 15:44:52
BANUSDT Long·Cross,2025-02-06 15:27:24,0.0584,0.0571,1861BAN,106.2631USDT,-2.5482673USDT,-2.4193USDT,0USDT,-0.06520944USDT,-0.06375786USDT,2025-02-06 15:35:29
BANUSDT Long·Cross,2025-02-06 15:19:11,0.0584,0.0581,1873BAN,108.8213USDT,-0.6928227USDT,-0.5619USDT,0USDT,-0.06562992USDT,-0.06529278USDT,2025-02-06 15:22:34
BANUSDT Short·Cross,2025-02-06 11:33:54,0.0621,0.0616,1746BAN,107.5536USDT,0.74341188USDT,0.873USDT,0USDT,-0.06505596USDT,-0.06453216USDT,2025-02-06 11:35:26
BTCUSDT Long·Cross,2025-02-05 12:55:16,98083.3,97832.0,0.006BTC,586.992USDT,-2.21309508USDT,-1.5078USDT,0USDT,-0.35309988USDT,-0.3521952USDT,2025-02-05 13:31:27
BTCUSDT Short·Isolated,2025-02-04 11:16:45,100806.2,100212.0,0.001BTC,100.212USDT,0.47358908USDT,0.5942USDT,0USDT,-0.06048372USDT,-0.0601272USDT,2025-02-04 12:43:28
BTCUSDT Long·Isolated,2025-02-03 22:59:11,96584.5,96275.4,0.002BTC,192.5508USDT,-0.77236428USDT,-0.6182USDT,0USDT,-0.0386338USDT,-0.11553048USDT,2025-02-03 23:00:19
BTCUSDT Long·Isolated,2025-02-03 22:47:45,95986.9,95801.7,0.002BTC,191.6034USDT,-0.5237568USDT,-0.3704USDT,0USDT,-0.03839476USDT,-0.11496204USDT,2025-02-03 22:48:31
BTCUSDT Short·Isolated,2025-02-03 22:39:22,96136.7,96350.0,0.002BTC,192.7USDT,-0.58067468USDT,-0.4266USDT,0USDT,-0.03845468USDT,-0.11562USDT,2025-02-03 22:39:51
BTCUSDT Short·Isolated,2025-02-03 22:35:47,95765.6,95567.7,0.002BTC,191.1354USDT,0.24281252USDT,0.3958USDT,0USDT,-0.03830624USDT,-0.11468124USDT,2025-02-03 22:36:09
BTCUSDT Short·Isolated,2025-02-03 22:21:25,94272.5,94589.0,0.002BTC,189.178USDT,-0.7842158USDT,-0.633USDT,0USDT,-0.037709USDT,-0.1135068USDT,2025-02-03 22:27:07
BTCUSDT Short·Isolated,2025-02-03 20:57:58,94800.4,94769.1,0.002BTC,189.5382USDT,-0.08904308USDT,0.0626USDT,0USDT,-0.03792016USDT,-0.11372292USDT,2025-02-03 20:58:13
ETHUSDT Long·Isolated,2025-02-03 20:26:19,2620.22,2611.15,0.02ETH,52.223USDT,-0.24417644USDT,-0.1814USDT,0USDT,-0.03144264USDT,-0.0313338USDT,2025-02-03 20:39:11
DFUSDT Long·Cross,2025-02-03 20:16:42,0.09631,0.09627,663DF,63.82701USDT,-0.07759752USDT,-0.02652USDT,0USDT,-0.038312118USDT,-0.012765402USDT,2025-02-03 20:23:30
XTERUSDT Long·Cross,2025-02-03 20:12:09,0.4173,0.4195,128XTER,53.696USDT,0.21733376USDT,0.2816USDT,0USDT,-0.03204864USDT,-0.0322176USDT,2025-02-03 20:14:20
FARTCOINUSDT Long·Isolated,2025-02-03 20:06:46,0.6682,0.6738,79.2FARTCOIN,53.36496USDT,0.37974816USDT,0.44352USDT,0USDT,-0.031752864USDT,-0.032018976USDT,2025-02-03 20:08:31
VINEUSDT Short·Isolated,2025-02-03 17:26:54,0.13074,0.13125,406VINE,53.2875USDT,-0.249648588USDT,-0.20706USDT,0USDT,-0.010616088USDT,-0.0319725USDT,2025-02-03 17:27:24
VINEUSDT Short·Isolated,2025-02-03 17:22:32,0.13138,0.13096,403VINE,52.77688USDT,0.127004644USDT,0.16926USDT,0USDT,-0.010589228USDT,-0.031666128USDT,2025-02-03 17:25:35
ETHUSDT Long·Isolated,2025-02-03 16:21:53,2577.52,2537.27,0.03ETH,76.1181USDT,-1.29956622USDT,-1.2075USDT,0USDT,-0.04639536USDT,-0.04567086USDT,2025-02-03 16:36:12
BTCUSDT Long·Isolated,2025-02-02 21:27:46,98736.8,99106.1,0.002BTC,198.2122USDT,0.50118852USDT,0.7386USDT,0USDT,-0.11848416USDT,-0.11892732USDT,2025-02-02 22:16:00
BTCUSDT Long·Isolated,2025-02-02 20:16:29,99000.0,98751.3,0.002BTC,197.5026USDT,-0.65550156USDT,-0.4974USDT,0USDT,-0.0396USDT,-0.11850156USDT,2025-02-02 20:20:53
BTCUSDT Long·Isolated,2025-02-02 19:39:33,98985.7,98774.3,0.002BTC,197.5486USDT,-0.660112USDT,-0.4228USDT,0USDT,-0.11878284USDT,-0.11852916USDT,2025-02-02 19:45:25
VINEUSDT Long·Isolated,2025-02-02 18:08:20,0.16596,0.161261208458,331VINE,53.377459999598USDT,-1.620286132USDT,-1.5553USDT,0USDT,-0.032959656USDT,-0.032026476USDT,2025-02-02 18:18:42
BTCUSDT Long·Isolated,2025-02-02 17:30:50,99488.5,99688.8,0.002BTC,199.3776USDT,0.24117804USDT,0.4006USDT,0USDT,-0.0397954USDT,-0.11962656USDT,2025-02-02 17:38:30
VINEUSDT Short·Isolated,2025-02-02 17:07:05,0.16028,0.16164,343VINE,55.44252USDT,-0.532731136USDT,-0.46648USDT,0USDT,-0.032985624USDT,-0.033265512USDT,2025-02-02 17:11:25
VINEUSDT Long·Isolated,2025-02-02 17:02:43,0.16331,0.161874437869,338VINE,54.713559999722USDT,-0.551167404USDT,-0.48522USDT,0USDT,-0.033119268USDT,-0.032828136USDT,2025-02-02 17:04:51
BTCUSDT Short·Isolated,2025-02-02 16:55:16,99666.3,99659.0,0.002BTC,199.318USDT,-0.22459036USDT,0.0146USDT,0USDT,-0.11959956USDT,-0.1195908USDT,2025-02-02 16:55:43
BTCUSDT Long·Isolated,2025-02-02 16:43:23,99976.9,99666.3,0.002BTC,199.3326USDT,-0.86077184USDT,-0.6212USDT,0USDT,-0.11997228USDT,-0.11959956USDT,2025-02-02 16:55:16
BTCUSDT Long·Isolated,2025-02-02 16:30:50,99800.3,99944.1,0.127BTC,12692.9007USDT,3.04207672USDT,18.2626USDT,0USDT,-7.60478286USDT,-7.61574042USDT,2025-02-02 16:32:16
VINEUSDT Long·Isolated,2025-02-02 16:22:40,0.15853,0.16305,338VINE,55.1109USDT,1.462543576USDT,1.52776USDT,0USDT,-0.032149884USDT,-0.03306654USDT,2025-02-02 16:25:31
VINEUSDT Long·Isolated,2025-02-02 15:26:27,0.16926,0.16465,293VINE,48.24245USDT,-1.389594106USDT,-1.35073USDT,0USDT,-0.009918636USDT,-0.02894547USDT,2025-02-02 15:48:57
VINEUSDT Long·Isolated,2025-02-02 14:58:33,0.17599,0.1708,286VINE,48.8488USDT,-1.523715908USDT,-1.48434USDT,0USDT,-0.010066628USDT,-0.02930928USDT,2025-02-02 15:25:22
ETHUSDT Long·Isolated,2025-02-02 12:47:41,3102.65,3114.84,0.05ETH,155.742USDT,0.4229753USDT,0.6095USDT,0USDT,-0.0930795USDT,-0.0934452USDT,2025-02-02 13:45:08
BTCUSDT Long·Isolated,2025-02-02 12:46:35,99703.0,100064.2,0.005BTC,500.321USDT,1.2066984USDT,1.806USDT,0USDT,-0.299109USDT,-0.3001926USDT,2025-02-02 13:36:38
ETHUSDT Short·Isolated,2025-02-02 02:34:41,3254.85,3252.45,0.02ETH,65.049USDT,-0.0040488USDT,0.048USDT,0USDT,-0.0130194USDT,-0.0390294USDT,2025-02-02 02:35:49
ETHUSDT Long·Cross,2025-02-01 23:32:37,3247.72,3254.4,0.17ETH,553.248USDT,0.69322872USDT,1.1356USDT,0USDT,-0.11042248USDT,-0.3319488USDT,2025-02-01 23:46:35
VTHOUSDT Short·Isolated,2025-01-31 23:38:47,0.005592,0.005646,10000VTHO,56.46USDT,-0.58506USDT,-0.54USDT,0USDT,-0.011184USDT,-0.033876USDT,2025-01-31 23:40:17
BTCUSDT Long·Isolated,2025-01-31 23:18:49,104735.9,104701.0,0.003BTC,314.103USDT,-0.48168642USDT,-0.1047USDT,0USDT,-0.18852462USDT,-0.1884618USDT,2025-01-31 23:19:15
VTHOUSDT Short·Isolated,2025-01-31 23:16:40,0.005503,0.005592,10300VTHO,57.5976USDT,-0.9852671USDT,-0.9167USDT,0USDT,-0.03400854USDT,-0.03455856USDT,2025-01-31 23:37:30
ARCUSDT Long·Isolated,2025-01-31 23:02:06,0.28787,0.28621,354ARC,101.31834USDT,-0.709574592USDT,-0.58764USDT,0USDT,-0.061143588USDT,-0.060791004USDT,2025-01-31 23:14:21
ETHUSDT Short·Cross,2025-01-31 22:50:42,3337.3,3351.64,0.19ETH,636.8116USDT,-3.23350436USDT,-2.7246USDT,0USDT,-0.1268174USDT,-0.38208696USDT,2025-01-31 23:00:12
LDOUSDT Long·Cross,2025-01-31 22:47:03,2.3487,2.3525,54.8LDO,128.917USDT,0.105148048USDT,0.20824USDT,0USDT,-0.025741752USDT,-0.0773502USDT,2025-01-31 23:10:41
ANIMEUSDT Long·Isolated,2025-01-31 22:40:53,0.04694,0.04668274541,2506ANIME,116.98695999746USDT,-0.78545116USDT,-0.64468USDT,0USDT,-0.070578984USDT,-0.070192176USDT,2025-01-31 22:46:42
ANIMEUSDT Long·Isolated,2025-01-31 22:30:20,0.04753,0.047023752751,2726ANIME,128.186749999226USDT,-1.534682118USDT,-1.38003USDT,0USDT,-0.077740068USDT,-0.07691205USDT,2025-01-31 22:35:29
JASMYUSDT Long·Isolated,2025-01-31 22:17:27,0.032151,0.031976,3729JASMY,119.238504USDT,-0.7480963182USDT,-0.652575USDT,0USDT,-0.0239782158USDT,-0.0715431024USDT,2025-01-31 22:31:12
VINEUSDT Short·Isolated,2025-01-31 22:10:17,0.19412,0.19474,620VINE,120.7388USDT,-0.48091416USDT,-0.3844USDT,0USDT,-0.02407088USDT,-0.07244328USDT,2025-01-31 22:13:49
VTHOUSDT Short·Isolated,2025-01-31 22:02:23,0.005675,0.005643,10600VTHO,59.8158USDT,0.26721752USDT,0.3392USDT,0USDT,-0.036093USDT,-0.03588948USDT,2025-01-31 22:07:15
ANIMEUSDT Short·Isolated,2025-01-31 21:40:54,0.04766,0.04757,2517ANIME,119.73369USDT,0.130697742USDT,0.22653USDT,0USDT,-0.023992044USDT,-0.071840214USDT,2025-01-31 21:50:30
VTHOUSDT Long·Isolated,2025-01-31 20:27:33,0.005989,0.005949,20200VTHO,120.1698USDT,-0.90429744USDT,-0.808USDT,0USDT,-0.02419556USDT,-0.07210188USDT,2025-01-31 20:43:43
VINEUSDT Long·Isolated,2025-01-31 17:09:42,0.19091,0.187735914396,771VINE,144.744389999316USDT,-2.6223816USDT,-2.44722USDT,0USDT,-0.088314966USDT,-0.086846634USDT,2025-01-31 17:47:00
AIXBTUSDT Long·Isolated,2025-01-31 16:34:01,0.46631,0.45766,270AIXBT,123.5682USDT,-2.43482166USDT,-2.3355USDT,0USDT,-0.02518074USDT,-0.07414092USDT,2025-01-31 17:47:03
JASMYUSDT Long·Isolated,2025-01-31 15:45:36,0.031939,0.031869,7924JASMY,252.529956USDT,-0.732071719512USDT,-0.55468USDT,0.024743181288USDT,-0.0506169272USDT,-0.1515179736USDT,2025-01-31 16:00:25
MOCAUSDT Long·Isolated,2025-01-31 14:32:00,0.21639,0.21668,1273MOCA,275.83364USDT,0.148576922USDT,0.36917USDT,0USDT,-0.055092894USDT,-0.165500184USDT,2025-01-31 14:37:39
MOCAUSDT Long·Isolated,2025-01-31 14:17:22,0.21906,0.21506,1174MOCA,252.48044USDT,-4.898923552USDT,-4.696USDT,0USDT,-0.051435288USDT,-0.151488264USDT,2025-01-31 14:29:56
JASMYUSDT Long·Cross,2025-01-31 14:14:34,0.031632,0.031868,5889JASMY,187.670652USDT,1.2399454392USDT,1.389804USDT,0USDT,-0.0372561696USDT,-0.1126023912USDT,2025-01-31 15:20:39
VINEUSDT Long·Cross,2025-01-30 21:18:30,0.24795,0.251177305447,1028VINE,258.210269999516USDT,3.009808278USDT,3.31767USDT,0USDT,-0.15293556USDT,-0.154926162USDT,2025-01-30 22:07:36
BTCUSDT Short·Isolated,2025-01-30 12:31:59,104967.9,104829.6,0.013BTC,1362.7848USDT,0.1614795USDT,1.7979USDT,0USDT,-0.81874962USDT,-0.81767088USDT,2025-01-30 12:36:15
BTCUSDT Long·Isolated,2025-01-30 12:24:33,105047.6,104967.9,0.013BTC,1364.5827USDT,-2.6742209USDT,-1.0361USDT,0USDT,-0.81937128USDT,-0.81874962USDT,2025-01-30 12:31:59
SPELLUSDT Short·Cross,2025-01-29 18:40:15,0.0018326,0.0018267,21830SPELL,39.876861USDT,0.0968697518USDT,0.128797USDT,0USDT,-0.0080011316USDT,-0.0239261166USDT,2025-01-29 18:40:34
SPELLUSDT Long·Cross,2025-01-29 18:28:51,0.0018461,0.001840577327,371165SPELL,683.157883575955USDT,-2.59675847188USDT,-2.0498222USDT,0USDT,-0.1370415413USDT,-0.40989473058USDT,2025-01-29 18:29:40
SPELLUSDT Long·Cross,2025-01-29 18:17:29,0.0018914,0.0018434,269067SPELL,495.9981078USDT,-13.31459752944USDT,-12.915216USDT,0USDT,-0.10178266476USDT,-0.29759886468USDT,2025-01-29 18:28:20
BTCUSDT Short·Isolated,2025-01-29 17:23:37,102468.1,102381.0,0.005BTC,511.905USDT,0.0258889USDT,0.4355USDT,0USDT,-0.1024681USDT,-0.307143USDT,2025-01-29 17:28:00
BTCUSDT Short·Isolated,2025-01-29 16:50:45,102738.7,102484.5,0.035BTC,3586.9575USDT,4.5873128USDT,8.897USDT,0USDT,-2.1575127USDT,-2.1521745USDT,2025-01-29 17:18:28
BTCUSDT Short·Isolated,2025-01-29 16:34:10,102843.7,102791.4,0.015BTC,1541.871USDT,-0.4491537USDT,0.7845USDT,0USDT,-0.3085311USDT,-0.9251226USDT,2025-01-29 16:42:22
SPELLUSDT Short·Cross,2025-01-29 15:55:46,0.001875514146,0.001884612869,664894SPELL,1253.067788920886USDT,-7.549738444916USDT,-6.049686909476USDT,0USDT,-0.74821086174USDT,-0.7518406737USDT,2025-01-29 15:56:03
SPELLUSDT Long·Cross,2025-01-29 15:55:28,0.00188,0.00187574679,664894SPELL,1247.17278619026USDT,-3.82623591674USDT,-2.8279321USDT,0USDT,-0.250000144USDT,-0.74830367274USDT,2025-01-29 15:55:46
SPELLUSDT Long·Cross,2025-01-29 15:53:44,0.0018742,0.001877360599,960410SPELL,1803.03589288559USDT,1.59365007938USDT,3.0354717USDT,0USDT,-0.3600000844USDT,-1.08182153622USDT,2025-01-29 15:54:08
SPELLUSDT Short·Cross,2025-01-29 15:52:53,0.00186,0.0018616936,665142SPELL,1238.2906044912USDT,-2.61175923584USDT,-1.1264864USDT,0USDT,-0.742298472USDT,-0.74297436384USDT,2025-01-29 15:52:58
SPELLUSDT Long·Cross,2025-01-29 15:52:28,0.001878666798,0.001860184586,665142SPELL,1237.286895901212USDT,-13.785417603782USDT,-12.293297350742USDT,0USDT,-0.74974811544USDT,-0.7423721376USDT,2025-01-29 15:52:53
SPELLUSDT Long·Cross,2025-01-29 15:47:40,0.0019036,0.0019102,191608SPELL,366.0096016USDT,0.82616004576USDT,1.2646128USDT,0USDT,-0.21884699328USDT,-0.21960576096USDT,2025-01-29 15:48:16
SPELLUSDT Long·Cross,2025-01-29 15:41:33,0.001853795115,0.001858516245,908994SPELL,1689.38011560753USDT,2.266798973636USDT,4.291480226696USDT,0USDT,-1.01105318232USDT,-1.01362807074USDT,2025-01-29 15:41:43
SPELLUSDT Long·Cross,2025-01-29 15:39:49,0.0018566,0.001862660754,574966SPELL,1070.966603084364USDT,2.6286518626USDT,3.4847282USDT,0USDT,-0.21349637512USDT,-0.64257996228USDT,2025-01-29 15:40:26
BTCUSDT Long·Isolated,2025-01-29 15:19:04,102473.3,102544.1,0.022BTC,2255.9702USDT,-0.24686464USDT,1.5576USDT,0USDT,-0.45088252USDT,-1.35358212USDT,2025-01-29 15:37:09
SPELLUSDT Short·Cross,2025-01-29 15:14:45,0.0017721,0.001758420591,724113SPELL,1273.295209410783USDT,8.37153888508USDT,9.9054364USDT,0USDT,-0.76992038838USDT,-0.76397712654USDT,2025-01-29 15:15:37
SPELLUSDT Long·Cross,2025-01-29 15:11:07,0.001795045941,0.001771364487,724113SPELL,1282.668052775031USDT,-18.697540017159USDT,-17.148049523559USDT,0USDT,-0.77988966156USDT,-0.76960083204USDT,2025-01-29 15:14:45
BTCUSDT Short·Isolated,2025-01-29 15:00:35,102759.9,102560.5,0.03BTC,3076.815USDT,2.2862328USDT,5.982USDT,0USDT,-1.8496782USDT,-1.846089USDT,2025-01-29 15:06:51
SPELLUSDT Short·Cross,2025-01-29 00:01:34,0.001727723074,0.0017258,1069612SPELL,1845.9363896USDT,-0.159414806992USDT,2.056943027288USDT,0USDT,-1.10879600052USDT,-1.10756183376USDT,2025-01-29 00:03:37
SPELLUSDT Short·Cross,2025-01-29 00:00:39,0.0017423,0.001735825154,1175931SPELL,2041.210609168374USDT,5.15994808396USDT,7.6139692USDT,0USDT,-1.22929474878USDT,-1.22472636726USDT,2025-01-29 00:00:54
SPELLUSDT Long·Cross,2025-01-28 23:54:05,0.0017638,0.001769524406,1020524SPELL,1805.842124908744USDT,4.3983910772USDT,5.8418964USDT,0USDT,-0.36000004624USDT,-1.08350527656USDT,2025-01-28 23:57:13
BTCUSDT Long·Isolated,2025-01-28 23:42:44,103155.6,102797.7,0.028BTC,2878.3356USDT,-12.32587272USDT,-10.0212USDT,0USDT,-0.57767136USDT,-1.72700136USDT,2025-01-28 23:45:52
SPELLUSDT Long·Cross,2025-01-28 23:18:12,0.001809885628,0.001739037904,688895SPELL,1198.01451687608USDT,-50.27354508523USDT,-48.80664367885USDT,0USDT,-0.74809269594USDT,-0.71880871044USDT,2025-01-28 23:48:53
BTCUSDT Short·Isolated,2025-01-28 22:46:21,102407.4,102188.8,0.012BTC,1226.2656USDT,1.64166288USDT,2.6232USDT,0USDT,-0.24577776USDT,-0.73575936USDT,2025-01-28 22:46:44
BTCUSDT Short·Isolated,2025-01-28 22:45:01,102199.9,102310.5,0.011BTC,1125.4155USDT,-2.56636864USDT,-1.2166USDT,0USDT,-0.67451934USDT,-0.6752493USDT,2025-01-28 22:45:22
SPELLUSDT Long·Cross,2025-01-28 21:46:24,0.0016785,0.001689337626,517216SPELL,873.752449569216USDT,4.90751351856USDT,5.6053944USDT,0USDT,-0.1736294112USDT,-0.52425147024USDT,2025-01-28 21:48:13
SPELLUSDT Long·Cross,2025-01-28 21:44:58,0.0016605,0.001677154809,480008SPELL,805.047725558472USDT,7.35200310736USDT,7.9944424USDT,0USDT,-0.1594106568USDT,-0.48302863584USDT,2025-01-28 21:45:53
BTCUSDT Short·Isolated,2025-01-28 13:57:34,102888.0,102941.6,0.016BTC,1647.0656USDT,-2.83356416USDT,-0.8576USDT,0USDT,-0.9877248USDT,-0.98823936USDT,2025-01-28 13:58:35
BTCUSDT Long·Isolated,2025-01-28 13:37:56,103190.1,102888.0,0.016BTC,1646.208USDT,-6.15153312USDT,-4.8336USDT,0USDT,-0.33020832USDT,-0.9877248USDT,2025-01-28 13:57:34
BTCUSDT Long·Isolated,2025-01-28 13:10:36,103074.9,102903.4,0.018BTC,1852.2612USDT,-4.56942636USDT,-3.087USDT,0USDT,-0.37106964USDT,-1.11135672USDT,2025-01-28 13:15:23
BTCUSDT Short·Isolated,2025-01-28 12:53:56,102888.3,103030.2,0.012BTC,1236.3624USDT,-2.69154936USDT,-1.7028USDT,0USDT,-0.24693192USDT,-0.74181744USDT,2025-01-28 13:05:17
BTCUSDT Short·Isolated,2025-01-28 00:09:42,100849.1,101060.1,0.03BTC,3031.803USDT,-8.7541764USDT,-6.33USDT,0USDT,-0.6050946USDT,-1.8190818USDT,2025-01-28 00:10:32
BTCUSDT Long·Isolated,2025-01-27 23:38:34,101500.1,101283.4,0.043BTC,4355.1862USDT,-12.80411258USDT,-9.3181USDT,0USDT,-0.87290086USDT,-2.61311172USDT,2025-01-27 23:48:19
BTCUSDT Short·Isolated,2025-01-27 23:37:26,101613.1,101505.9,0.03BTC,3045.177USDT,-0.440142USDT,3.216USDT,0USDT,-1.8290358USDT,-1.8271062USDT,2025-01-27 23:37:52
BTCUSDT Long·Cross,2025-01-27 22:54:35,101947.0,102176.0,0.03BTC,3065.28USDT,3.195786USDT,6.87USDT,0USDT,-1.835046USDT,-1.839168USDT,2025-01-27 22:58:35
BTCUSDT Long·Cross,2025-01-27 22:48:48,101670.1,101903.2,0.025BTC,2547.58USDT,2.7739005USDT,5.8275USDT,0USDT,-1.5250515USDT,-1.528548USDT,2025-01-27 22:50:34
BTCUSDT Long·Cross,2025-01-27 22:38:56,101025.2,101286.8,0.025BTC,2532.17USDT,3.50532USDT,6.54USDT,0USDT,-1.515378USDT,-1.519302USDT,2025-01-27 22:46:53
BTCUSDT Short·Cross,2025-01-27 22:30:11,100542.4,101025.2,0.025BTC,2525.63USDT,-14.08809USDT,-12.07USDT,0USDT,-0.502712USDT,-1.515378USDT,2025-01-27 22:38:56
VINEUSDT Short·Cross,2025-01-27 16:36:55,0.28551,0.284714907356,3670VINE,1044.90370999652USDT,2.081483434USDT,2.91799USDT,0USDT,-0.20956434USDT,-0.626942226USDT,2025-01-27 16:51:15
VINEUSDT Short·Cross,2025-01-27 16:13:42,0.283313802355,0.292329921465,1528VINE,446.68011999852USDT,-14.30438016756USDT,-13.77663000156USDT,0USDT,-0.259742094USDT,-0.268008072USDT,2025-01-27 16:29:38
BTCUSDT Short·Cross,2025-01-27 14:28:17,99927.2,99668.0,0.022BTC,2192.696USDT,3.94710272USDT,5.7024USDT,0USDT,-0.43967968USDT,-1.3156176USDT,2025-01-27 14:31:12
BTCUSDT Short·Cross,2025-01-27 14:20:56,99867.8,99722.1,0.022BTC,2193.8862USDT,0.57081332USDT,3.2054USDT,0USDT,-1.31825496USDT,-1.31633172USDT,2025-01-27 14:23:13
BTCUSDT Long·Cross,2025-01-27 14:08:10,100408.4,100135.9,0.023BTC,2303.1257USDT,-8.11125406USDT,-6.2675USDT,0USDT,-0.46187864USDT,-1.38187542USDT,2025-01-27 14:15:09
VINEUSDT Long·Cross,2025-01-27 13:59:59,0.297851635814,0.29871,2323VINE,693.90333USDT,1.162492389109USDT,1.993979997109USDT,0USDT,-0.41514561USDT,-0.416341998USDT,2025-01-27 14:05:45
VINEUSDT Short·Cross,2025-01-27 13:51:12,0.290121117926,0.289443254941,2934VINE,849.226509996894USDT,0.968584872884USDT,1.988849994884USDT,0USDT,-0.510729216USDT,-0.509535906USDT,2025-01-27 13:52:58
VINEUSDT Long·Cross,2025-01-27 13:45:36,0.296051864349,0.2901,2934VINE,851.1534USDT,-18.4946317449USDT,-17.4627700029USDT,0USDT,-0.521169702USDT,-0.51069204USDT,2025-01-27 13:51:12
SPELLUSDT Long·Cross,2025-01-27 13:31:46,0.0015036,0.001488391515,1309697SPELL,1949.341902020955USDT,-21.48196402328USDT,-19.9185068USDT,0USDT,-0.39385208184USDT,-1.16960514144USDT,2025-01-27 13:36:50
TRUMPUSDT Short·Isolated,2025-01-26 19:58:20,29.626,29.923,3.3TRUMP,98.7459USDT,-1.09311067179USDT,-0.9801USDT,0.00489634821USDT,-0.05865948USDT,-0.05924754USDT,2025-01-26 20:01:08
VINEUSDT Short·Cross,2025-01-26 18:55:11,0.406076566593,0.403307418122,1832VINE,738.859189999504USDT,4.183405122376USDT,5.073079998376USDT,0USDT,-0.446359362USDT,-0.443315514USDT,2025-01-26 19:03:05
VINEUSDT Short·Cross,2025-01-26 18:25:10,0.416605394456,0.42021,938VINE,394.15698USDT,-3.852079704272USDT,-3.381120000272USDT,0USDT,-0.234465516USDT,-0.236494188USDT,2025-01-26 18:30:13
JUPUSDT Long·Cross,2025-01-26 09:27:48,0.944365013773,0.93674919323,5082JUP,4760.55939999486USDT,-44.43949344455USDT,-38.70360000455USDT,0USDT,-2.8795578USDT,-2.85633564USDT,2025-01-26 09:37:47
JUPUSDT Long·Isolated,2025-01-26 09:08:56,0.9442,0.937786699077,5759JUP,5400.713599984443USDT,-41.26215772USDT,-36.9342USDT,0USDT,-1.08752956USDT,-3.24042816USDT,2025-01-26 09:17:57
BTCUSDT Long·Cross,2025-01-23 12:36:27,101972.3,102056.1,0.004BTC,408.2244USDT,0.00868752USDT,0.3352USDT,0USDT,-0.08157784USDT,-0.24493464USDT,2025-01-23 12:56:51
BTCUSDT Long·Cross,2025-01-23 12:06:39,102273.7,101855.1,0.004BTC,407.4204USDT,-2.16430912USDT,-1.6744USDT,0USDT,-0.24545688USDT,-0.24445224USDT,2025-01-23 12:21:15
SOLUSDT Long·Isolated,2025-01-23 10:26:16,248.764,249.497,0.8SOL,199.5976USDT,0.34723472USDT,0.5864USDT,0USDT,-0.11940672USDT,-0.11975856USDT,2025-01-23 11:07:21
BTCUSDT Long·Cross,2025-01-21 22:45:24,103760.2,104133.0,0.004BTC,416.532USDT,0.99225632USDT,1.4912USDT,0USDT,-0.24902448USDT,-0.2499192USDT,2025-01-21 22:48:40
BTCUSDT Long·Cross,2025-01-21 22:39:05,103607.3,103280.8,0.006BTC,619.6848USDT,-2.70379716USDT,-1.959USDT,0USDT,-0.37298628USDT,-0.37181088USDT,2025-01-21 22:40:48
MELANIAUSDT Long·Cross,2025-01-21 22:22:26,4.184,4.204,11.8MELANIA,49.6072USDT,0.19636144USDT,0.236USDT,0USDT,-0.00987424USDT,-0.02976432USDT,2025-01-21 22:26:47
DOGEUSDT Long·Cross,2025-01-21 21:46:57,0.36858,0.36882203842,937DOGE,345.58624999954USDT,-0.049633642USDT,0.22679USDT,0USDT,-0.069071892USDT,-0.20735175USDT,2025-01-21 21:57:19
BTCUSDT Short·Cross,2025-01-21 20:43:03,104425.3,104900.0,0.003BTC,314.7USDT,-1.80088554USDT,-1.4241USDT,0USDT,-0.18796554USDT,-0.18882USDT,2025-01-21 21:18:14
MELANIAUSDT Long·Cross,2025-01-21 00:50:46,7.937509433961,7.992,5.3MELANIA,42.3576USDT,0.238144159996USDT,0.288799999996USDT,0USDT,-0.02524128USDT,-0.02541456USDT,2025-01-21 00:59:29
MELANIAUSDT Long·Cross,2025-01-21 00:38:00,7.949038461538,8.043,5.2MELANIA,41.8236USDT,0.438704839997USDT,0.488599999997USDT,0USDT,-0.024801USDT,-0.02509416USDT,2025-01-21 00:41:47
BTCUSDT Long·Cross,2025-01-20 23:21:09,106609.1,106759.2,0.005BTC,533.796USDT,0.3236133USDT,0.7505USDT,0USDT,-0.1066091USDT,-0.3202776USDT,2025-01-20 23:25:55
ETHUSDT Long·Cross,2025-01-20 19:22:49,3370.88,3374.01,0.06ETH,202.4406USDT,-0.05501604USDT,0.1878USDT,0USDT,-0.12135168USDT,-0.12146436USDT,2025-01-20 19:55:23
BTCUSDT Long·Cross,2025-01-20 18:59:14,107920.8,108094.8,0.004BTC,432.3792USDT,0.17756256USDT,0.696USDT,0USDT,-0.25900992USDT,-0.25942752USDT,2025-01-20 19:02:28
BTCUSDT Long·Cross,2025-01-20 17:47:47,108076.6,108024.8,0.004BTC,432.0992USDT,-0.5529208USDT,-0.2072USDT,0USDT,-0.08646128USDT,-0.25925952USDT,2025-01-20 17:48:31
MELANIAUSDT Long·Cross,2025-01-20 16:59:46,11.048,11.225,4MELANIA,44.9USDT,0.6722216USDT,0.708USDT,0USDT,-0.0088384USDT,-0.02694USDT,2025-01-20 17:03:21
MELANIAUSDT Short·Cross,2025-01-20 16:49:13,11.524785714285,11.586,2.8MELANIA,32.4408USDT,-0.210226120002USDT,-0.171400000002USDT,0USDT,-0.01936164USDT,-0.01946448USDT,2025-01-20 16:51:00
MELANIAUSDT Long·Cross,2025-01-20 16:25:02,11.871,11.537,2.8MELANIA,32.3036USDT,-0.97452544USDT,-0.9352USDT,0USDT,-0.01994328USDT,-0.01938216USDT,2025-01-20 16:49:13
MELANIAUSDT Long·Cross,2025-01-20 16:00:26,12.547,12.084,3.3MELANIA,39.8772USDT,-1.56010734USDT,-1.5279USDT,0USDT,-0.00828102USDT,-0.02392632USDT,2025-01-20 16:18:07
MELANIAUSDT Long·Cross,2025-01-20 15:12:49,12.080439999999,12.225,2.5MELANIA,30.5625USDT,0.324941839997USDT,0.361399999997USDT,0USDT,-0.01812066USDT,-0.0183375USDT,2025-01-20 15:54:28
MELANIAUSDT Long·Cross,2025-01-20 15:10:18,11.713,11.232,3.7MELANIA,41.5584USDT,-1.81330266USDT,-1.7797USDT,0USDT,-0.00866762USDT,-0.02493504USDT,2025-01-20 15:11:04
MELANIAUSDT Long·Cross,2025-01-20 13:21:49,10.556,11.28,3.6MELANIA,40.608USDT,2.55923424USDT,2.6064USDT,0USDT,-0.02280096USDT,-0.0243648USDT,2025-01-20 15:06:32
SOLUSDT Long·Isolated,2025-01-20 11:05:24,233.413857142857,235.412,0.7SOL,164.7884USDT,1.201793139999USDT,1.398699999999USDT,0USDT,-0.09803382USDT,-0.09887304USDT,2025-01-20 11:10:00
SOLUSDT Long·Isolated,2025-01-19 23:06:26,267.109,267.693,0.4SOL,107.0772USDT,0.10524752USDT,0.2336USDT,0USDT,-0.06410616USDT,-0.06424632USDT,2025-01-19 23:12:29
SOLUSDT Short·Isolated,2025-01-19 18:52:07,286.953,291.478,1.1SOL,320.6258USDT,-6.50235498USDT,-6.12059052USDT,0USDT,-0.18938898USDT,-0.19237548USDT,2025-01-19 19:07:10
TRUMPUSDT Long·Isolated,2025-01-19 17:24:20,77.173,76.86,0.9TRUMP,69.174USDT,-0.36487782USDT,-0.2817USDT,0USDT,-0.04167342USDT,-0.0415044USDT,2025-01-19 17:24:55
TRUMPUSDT Long·Isolated,2025-01-19 17:16:15,83.41,72.504,2.3TRUMP,166.7592USDT,-25.2994058USDT,-25.08424448USDT,0USDT,-0.1151058USDT,-0.10005552USDT,2025-01-19 17:24:03
TRUMPUSDT Long·Isolated,2025-01-19 17:09:07,68.201799999993,70.0712,2.5TRUMP,175.178USDT,4.466090499979USDT,4.673499999979USDT,0USDT,-0.1023027USDT,-0.1051068USDT,2025-01-19 17:12:14
TRUMPUSDT Long·Isolated,2025-01-19 16:58:38,59.895,60.611,4.4TRUMP,266.6884USDT,2.83226416USDT,3.1504USDT,0USDT,-0.1581228USDT,-0.16001304USDT,2025-01-19 16:59:18
TRUMPUSDT Long·Isolated,2025-01-19 16:56:08,63.05,57.688,4.4TRUMP,253.8272USDT,-23.91154832USDT,-23.5928USDT,0USDT,-0.166452USDT,-0.15229632USDT,2025-01-19 16:58:06
TRUMPUSDT Long·Isolated,2025-01-19 16:48:56,64.608,68.587,2.1TRUMP,144.0327USDT,8.1880743USDT,8.3559USDT,0USDT,-0.08140608USDT,-0.08641962USDT,2025-01-19 16:50:21
BTCUSDT Short·Isolated,2025-01-19 14:50:16,105379.3,105215.4,0.009BTC,946.9386USDT,0.33788862USDT,1.4751USDT,0USDT,-0.56904822USDT,-0.56816316USDT,2025-01-19 15:31:07
SOLUSDT Short·Isolated,2025-01-19 13:16:00,268.22354117647,268.544999999998,8.5SOL,2282.632499999983USDT,-5.469919560005USDT,-2.732400000005USDT,0USDT,-1.36794006USDT,-1.3695795USDT,2025-01-19 13:16:12
SOLUSDT Long·Isolated,2025-01-19 11:15:01,253.269094339621,254.220056603773,5.3SOL,1347.366299999996USDT,3.426284499987USDT,5.040099999987USDT,0USDT,-0.80539572USDT,-0.80841978USDT,2025-01-19 11:21:01
SOLUSDT Long·Isolated,2025-01-19 10:44:07,257.806957894736,257.602,9.5SOL,2447.219USDT,-4.884931060011USDT,-1.947100000011USDT,0USDT,-1.46949966USDT,-1.4683314USDT,2025-01-19 10:44:25
SOLUSDT Long·Isolated,2025-01-19 10:14:11,257.804881355932,256.791,5.9SOL,1515.0669USDT,-7.803569420006USDT,-5.981900000006USDT,0USDT,-0.91262928USDT,-0.90904014USDT,2025-01-19 10:36:30
TRUMPUSDT Long·Isolated,2025-01-19 01:27:08,27.833,27.203,5.5TRUMP,149.6165USDT,-3.6466188USDT,-3.465USDT,0USDT,-0.0918489USDT,-0.0897699USDT,2025-01-19 01:31:23
TRUMPUSDT Short·Isolated,2025-01-19 01:20:17,28.225,28.523,5.8TRUMP,165.4334USDT,-1.92588304USDT,-1.7284USDT,0USDT,-0.098223USDT,-0.09926004USDT,2025-01-19 01:23:30
TRUMPUSDT Short·Isolated,2025-01-19 01:07:13,27.618471698113,26.531,5.3TRUMP,140.6143USDT,5.591404679998USDT,5.763599999998USDT,0USDT,-0.08782674USDT,-0.08436858USDT,2025-01-19 01:08:35
TRUMPUSDT Short·Isolated,2025-01-19 01:01:17,26.796,27.098266666665,4.5TRUMP,121.942199999992USDT,-1.50571452USDT,-1.3602USDT,0USDT,-0.0723492USDT,-0.07316532USDT,2025-01-19 01:02:58
XRPUSDT Long·Isolated,2025-01-18 21:36:14,3.2195,3.2338,274XRP,886.0612USDT,2.85727748USDT,3.9182USDT,0USDT,-0.5292858USDT,-0.53163672USDT,2025-01-18 21:56:48
SOLUSDT Short·Isolated,2025-01-18 18:45:54,241.695,239.693,4.2SOL,1006.7106USDT,7.19530224USDT,8.4084USDT,0USDT,-0.6090714USDT,-0.60402636USDT,2025-01-18 18:48:43
