时间,方向,币种,合约,成交数量,成交均价,成交额,已实现盈亏,净盈亏,手续费
2026-08-07 20:11:03,Open short,USDT,BTCUSDT,0.0045,65187.9,293.34555,0.0,0.0,-0.05866911
2026-08-05 12:28:08,Open short,USDT,BTCUSDT,0.0046,64104.5,294.8807,0.0,0.0,-0.05897614
2026-08-05 10:40:48,Close short,USDT,SOXLUSDT,0.24,137.59,33.0216,0.3528,0.34619568,-0.00660432
2026-08-05 10:10:38,Open short,USDT,SOXLUSDT,0.24,139.06,33.3744,0.0,0.0,-0.00667488
2026-08-04 21:30:04,Close long,USDT,SOXLUSDT,0.14,130.31,18.2434,-0.2058,-0.21674604,-0.01094604
2026-08-04 21:02:16,Open long,USDT,SOXLUSDT,0.14,131.78,18.4492,0.0,0.0,-0.01106952
2026-08-04 11:11:37,Close short,USDT,SOXLUSDT,0.96,115.88,111.2448,0.105599999999,0.083351039999,-0.02224896
2026-08-04 10:33:35,Open short,USDT,SOXLUSDT,0.24,116.99,28.0776,0.0,0.0,-0.00561552
2026-08-04 10:31:35,Open short,USDT,SOXLUSDT,0.48,116.71,56.0208,0.0,0.0,-0.01120416
2026-08-04 09:02:08,Open short,USDT,SOXLUSDT,0.24,113.55,27.252,0.0,0.0,-0.0054504
2026-08-03 16:17:58,Close short,USDT,SOXLUSDT,0.14,115.79,16.2106,0.0238,0.02055788,-0.00324212
2026-08-03 16:07:43,Open short,USDT,SOXLUSDT,0.14,115.96,16.2344,0.0,0.0,-0.00974064
2026-08-03 15:40:56,Close long,USDT,SOXLUSDT,0.24,117.34,28.1616,-0.3768,-0.39369696,-0.01689696
2026-08-03 15:11:28,Open long,USDT,SOXLUSDT,0.24,118.91,28.5384,0.0,0.0,-0.01712304
2026-08-02 10:06:46,Close short,USDT,BTCUSDT,0.0093,63135.4,587.15922,1.06857,0.716274468,-0.352295532
2026-07-31 19:28:09,Close short,USDT,SOXLUSDT,0.19,129.08,24.5252,0.0855,0.07078488,-0.01471512
2026-07-31 19:05:46,Open short,USDT,SOXLUSDT,0.19,129.53,24.6107,0.0,0.0,-0.00492214
2026-07-31 17:34:50,Close long,USDT,SOXLUSDT,0.05,127.12,6.356,-0.069,-0.0728136,-0.0038136
2026-07-31 17:34:50,Close long,USDT,SOXLUSDT,0.05,127.12,6.356,-0.069,-0.0728136,-0.0038136
2026-07-31 16:50:26,Open long,USDT,SOXLUSDT,0.1,128.5,12.85,0.0,0.0,-0.00257
2026-07-31 11:21:44,Close short,USDT,SOXLUSDT,0.12,122.48,14.6976,-0.234,-0.24281856,-0.00881856
2026-07-31 11:12:30,Open short,USDT,SOXLUSDT,0.12,120.53,14.4636,0.0,0.0,-0.00289272
2026-07-30 18:40:34,Close long,USDT,SOXLUSDT,0.15,97.28,14.592,0.3405,0.3375816,-0.0029184
2026-07-30 17:49:59,Open long,USDT,SOXLUSDT,0.15,95.01,14.2515,0.0,0.0,-0.0028503
2026-07-30 15:55:22,Close long,USDT,SOXLUSDT,0.24,91.6,21.984,-0.0504,-0.0635904,-0.0131904
2026-07-30 15:55:22,Close long,USDT,SOXLUSDT,0.02,91.6,1.832,-0.0042,-0.0052992,-0.0010992
2026-07-30 15:40:41,Open long,USDT,SOXLUSDT,0.26,91.81,23.8706,0.0,0.0,-0.00477412
2026-07-30 11:25:32,Close short,USDT,SOXLUSDT,0.19,93.4,17.746,0.2907,0.2800524,-0.0106476
2026-07-30 10:57:34,Open short,USDT,SOXLUSDT,0.19,94.93,18.0367,0.0,0.0,-0.00360734
2026-07-30 10:30:05,Close long,USDT,SOXLUSDT,0.09,96.31,8.6679,-0.2574,-0.26260074,-0.00520074
2026-07-30 09:35:56,Open long,USDT,SOXLUSDT,0.09,99.17,8.9253,0.0,0.0,-0.00535518
2026-07-29 18:49:09,Close long,USDT,SOXLUSDT,0.1,107.5,10.75,-0.368,-0.37445,-0.00645
2026-07-29 17:50:33,Open long,USDT,SOXLUSDT,0.1,111.18,11.118,0.0,0.0,-0.0022236
2026-07-29 13:03:25,Close short,USDT,SOXLUSDT,0.08,102.27,8.1816,-0.1976,-0.20250896,-0.00490896
2026-07-29 11:59:19,Open short,USDT,SOXLUSDT,0.08,99.8,7.984,0.0,0.0,-0.0015968
2026-07-28 10:38:42,Close short,USDT,SOXLUSDT,0.1,118.96,11.896,0.022,0.0148624,-0.0071376
2026-07-28 10:05:35,Open short,USDT,SOXLUSDT,0.1,119.18,11.918,0.0,0.0,-0.0023836
2026-07-28 09:50:36,Open short,USDT,BTCUSDT,0.0093,63250.3,588.22779,0.0,0.0,-0.117645558
2026-07-28 09:34:22,Close short,USDT,SOXLUSDT,0.08,121.78,9.7424,0.0384,0.03255456,-0.00584544
2026-07-28 08:56:47,Open short,USDT,SOXLUSDT,0.08,122.26,9.7808,0.0,0.0,-0.00195616
2026-07-27 12:28:14,Close short,USDT,SKHYNIXUSDT,0.03,1202.69,36.0807,0.0021,-0.00511614,-0.00721614
2026-07-27 11:45:50,Open short,USDT,SKHYNIXUSDT,0.03,1202.76,36.0828,0.0,0.0,-0.02164968
2026-07-27 11:23:45,Close long,USDT,HYPEUSDT,0.83,59.609,49.47547,0.08217,0.072274906,-0.009895094
2026-07-27 09:59:59,Open long,USDT,HYPEUSDT,0.83,59.51,49.3933,0.0,0.0,-0.00987866
2026-07-24 19:17:28,Close long,USDT,SOXLUSDT,0.23,156.34,35.9582,0.0023,-0.00489164,-0.00719164
2026-07-24 19:05:14,Open long,USDT,SOXLUSDT,0.07,156.33,10.9431,0.0,0.0,-0.00218862
2026-07-24 19:05:14,Open long,USDT,SOXLUSDT,0.16,156.33,25.0128,0.0,0.0,-0.00500256
2026-07-24 12:11:58,Close short,USDT,SOXLUSDT,0.22,151.27,33.2794,0.154,0.13403236,-0.01996764
2026-07-24 11:36:19,Open short,USDT,SOXLUSDT,0.22,151.97,33.4334,0.0,0.0,-0.00668668
2026-07-24 11:15:45,Close short,USDT,SOXLUSDT,0.15,152.75,22.9125,0.2835,0.2789175,-0.0045825
2026-07-24 10:06:15,Open short,USDT,SOXLUSDT,0.15,154.64,23.196,0.0,0.0,-0.0139176
2026-07-23 11:36:59,Close short,USDT,SOXLUSDT,2.28,160.54,366.0312,-6.612,-6.83161872,-0.21961872
2026-07-23 11:36:59,Close short,USDT,SOXLUSDT,0.78,160.54,125.2212,-2.262,-2.33713272,-0.07513272
2026-07-23 11:36:59,Close short,USDT,SOXLUSDT,0.7,160.54,112.378,-2.03,-2.0974268,-0.0674268
2026-07-23 11:36:59,Close short,USDT,SOXLUSDT,0.6,160.54,96.324,-1.74,-1.7977944,-0.0577944
2026-07-23 11:36:59,Close short,USDT,SOXLUSDT,0.5,160.54,80.27,-1.45,-1.498162,-0.048162
2026-07-23 11:36:59,Close short,USDT,SOXLUSDT,0.04,160.54,6.4216,-0.116,-0.11985296,-0.00385296
2026-07-23 11:36:59,Close short,USDT,SOXLUSDT,0.04,160.54,6.4216,-0.116,-0.11985296,-0.00385296
2026-07-23 11:14:05,Open short,USDT,SOXLUSDT,0.94,157.64,148.1816,0.0,0.0,-0.02963632
2026-07-23 11:14:05,Open short,USDT,SOXLUSDT,2.0,157.64,315.28,0.0,0.0,-0.063056
2026-07-23 11:14:05,Open short,USDT,SOXLUSDT,2.0,157.64,315.28,0.0,0.0,-0.063056
2026-07-22 21:24:23,Close short,USDT,SOXLUSDT,0.1,147.11,14.711,-0.107,-0.1158266,-0.0088266
2026-07-22 20:02:30,Open short,USDT,SOXLUSDT,0.1,146.04,14.604,0.0,0.0,-0.0029208
2026-07-22 18:21:18,Close short,USDT,SOXLUSDT,0.15,150.07,22.5105,-0.312,-0.3255063,-0.0135063
2026-07-22 17:41:37,Open short,USDT,SOXLUSDT,0.15,147.99,22.1985,0.0,0.0,-0.0044397
2026-07-22 17:21:14,Close short,USDT,SOXLUSDT,0.15,149.49,22.4235,-0.339,-0.3524541,-0.0134541
2026-07-22 15:37:13,Open short,USDT,SOXLUSDT,0.15,147.23,22.0845,0.0,0.0,-0.0132507
2026-07-21 15:23:00,Close long,USDT,SOXLUSDT,0.13,149.64,19.4532,0.195,0.19110936,-0.00389064
2026-07-21 13:48:35,Open long,USDT,SOXLUSDT,0.13,148.14,19.2582,0.0,0.0,-0.00385164
2026-07-21 11:41:28,Close long,USDT,SOXLUSDT,0.12,147.19,17.6628,0.6744,0.67086744,-0.00353256
2026-07-21 10:05:10,Open long,USDT,SOXLUSDT,0.12,141.57,16.9884,0.0,0.0,-0.01019304
2026-07-20 15:31:24,Close long,USDT,CLUSDT,0.72,83.0,59.76,2.83536,2.799504,-0.035856
2026-07-17 15:35:28,Close short,USDT,HYPEUSDT,0.47,58.484,27.48748,0.36566,0.360162504,-0.005497496
2026-07-17 14:10:58,Open short,USDT,HYPEUSDT,0.47,59.262,27.85314,0.0,0.0,-0.016711884
2026-07-17 12:48:13,Close short,USDT,HYPEUSDT,0.32,60.134,19.24288,0.05184,0.040294272,-0.011545728
2026-07-17 11:40:35,Open short,USDT,HYPEUSDT,0.32,60.296,19.29472,0.0,0.0,-0.011576832
2026-07-16 16:17:02,Close short,USDT,HYPEUSDT,0.79,65.608,51.83032,0.71732,0.706953936,-0.010366064
2026-07-16 15:31:03,Open short,USDT,HYPEUSDT,0.79,66.516,52.54764,0.0,0.0,-0.031528584
2026-07-16 15:28:47,Close long,USDT,HYPEUSDT,0.73,66.574,48.59902,-0.2482,-0.277359412,-0.029159412
2026-07-16 14:53:36,Open long,USDT,HYPEUSDT,0.73,66.914,48.84722,0.0,0.0,-0.009769444
2026-07-16 14:36:09,Open long,USDT,CLUSDT,0.72,79.062,56.92464,0.0,0.0,-0.034154784
2026-07-15 13:23:08,Close long,USDT,SOLUSDT,0.7,77.743,54.4201,-0.1267,-0.15935206,-0.03265206
2026-07-15 12:57:39,Open long,USDT,SOLUSDT,0.7,77.924,54.5468,0.0,0.0,-0.01090936
2026-07-13 21:41:24,Close short,USDT,HYPEUSDT,0.71,63.593,45.15103,0.44446,0.435429794,-0.009030206
2026-07-13 21:02:02,Open short,USDT,HYPEUSDT,0.71,64.219,45.59549,0.0,0.0,-0.009119098
2026-07-13 15:22:59,Close short,USDT,HYPEUSDT,0.76,65.375,49.685,-0.15732,-0.187131,-0.029811
2026-07-13 14:31:56,Open short,USDT,HYPEUSDT,0.76,65.168,49.52768,0.0,0.0,-0.029716608
2026-07-13 13:40:25,Close short,USDT,SOXLUSDT,0.12,175.05,21.006,-0.4056,-0.4182036,-0.0126036
2026-07-13 13:30:09,Open short,USDT,SOXLUSDT,0.12,171.67,20.6004,0.0,0.0,-0.00412008
2026-07-10 14:55:18,Close long,USDT,SOXLUSDT,0.18,189.0,34.02,0.0486,0.028188,-0.020412
2026-07-10 14:55:18,Close long,USDT,SOXLUSDT,0.02,189.0,3.78,0.0054,0.003132,-0.002268
2026-07-10 14:55:18,Close long,USDT,SOXLUSDT,0.02,189.0,3.78,0.0054,0.003132,-0.002268
2026-07-10 14:45:19,Open long,USDT,SOXLUSDT,0.22,188.73,41.5206,0.0,0.0,-0.00830412
2026-07-10 14:28:43,Close long,USDT,SOLUSDT,0.6,78.861,47.3166,-0.0354,-0.06378996,-0.02838996
2026-07-10 14:28:43,Close long,USDT,SOLUSDT,0.1,78.861,7.8861,-0.0059,-0.01063166,-0.00473166
2026-07-10 14:04:42,Close long,USDT,HYPEUSDT,0.56,67.952,38.05312,-0.16744,-0.190271872,-0.022831872
2026-07-10 11:36:17,Open long,USDT,HYPEUSDT,0.56,68.251,38.22056,0.0,0.0,-0.007644112
2026-07-10 10:36:39,Open long,USDT,SOLUSDT,0.6,78.92,47.352,0.0,0.0,-0.0284112
2026-07-10 10:36:39,Open long,USDT,SOLUSDT,0.1,78.92,7.892,0.0,0.0,-0.0047352
2026-07-10 10:32:55,Close short,USDT,KORUUSDT,0.02,554.16,11.0832,-0.169,-0.17564992,-0.00664992
2026-07-10 10:02:19,Open short,USDT,KORUUSDT,0.02,545.71,10.9142,0.0,0.0,-0.00218284
2026-07-09 22:15:22,Close long,USDT,SOXLUSDT,0.07,198.49,13.8943,-0.3955,-0.40383658,-0.00833658
2026-07-09 21:55:37,Open long,USDT,SOXLUSDT,0.07,204.14,14.2898,0.0,0.0,-0.00285796
2026-07-09 21:48:44,Close long,USDT,SOXLUSDT,0.06,200.88,12.0528,0.0522,0.04496832,-0.00723168
2026-07-09 20:39:11,Open long,USDT,SOXLUSDT,0.05,200.01,10.0005,0.0,0.0,-0.0020001
2026-07-09 20:39:11,Open long,USDT,SOXLUSDT,0.01,200.01,2.0001,0.0,0.0,-0.00040002
2026-07-09 17:53:59,Close short,USDT,SOLUSDT,0.7,78.05,54.635,-0.1582,-0.190981,-0.032781
2026-07-09 17:45:48,Open short,USDT,SOLUSDT,0.7,77.824,54.4768,0.0,0.0,-0.01089536
2026-07-09 16:20:34,Close short,USDT,HYPEUSDT,0.7,68.159,47.7113,-0.1302,-0.15882678,-0.02862678
2026-07-09 16:20:34,Close short,USDT,HYPEUSDT,0.04,68.159,2.72636,-0.00744,-0.009075816,-0.001635816
2026-07-09 16:10:43,Open short,USDT,HYPEUSDT,0.74,67.973,50.30002,0.0,0.0,-0.010060004
2026-07-09 16:01:00,Close long,USDT,SOXLUSDT,0.11,184.36,20.2796,0.0319,0.01973224,-0.01216776
2026-07-09 16:00:06,Close short,USDT,HYPEUSDT,0.58,68.071,39.48118,-0.14674,-0.170428708,-0.023688708
2026-07-09 15:28:35,Open short,USDT,HYPEUSDT,0.58,67.818,39.33444,0.0,0.0,-0.007866888
2026-07-09 15:15:57,Open long,USDT,SOXLUSDT,0.11,184.07,20.2477,0.0,0.0,-0.00404954
2026-07-09 14:53:50,Close long,USDT,SOXLUSDT,0.11,182.07,20.0277,0.0,-0.00400554,-0.00400554
2026-07-09 14:37:57,Close long,USDT,HYPEUSDT,0.43,68.179,29.31697,0.03612,0.030256606,-0.005863394
2026-07-09 14:26:04,Open long,USDT,HYPEUSDT,0.43,68.095,29.28085,0.0,0.0,-0.00585617
2026-07-09 14:22:47,Open long,USDT,SOXLUSDT,0.11,182.07,20.0277,0.0,0.0,-0.01201662
2026-07-09 14:10:34,Close long,USDT,SOLUSDT,0.4,78.125,31.25,0.0556,0.03685,-0.01875
2026-07-09 13:41:57,Open long,USDT,SOLUSDT,0.4,77.986,31.1944,0.0,0.0,-0.00623888
2026-07-09 13:34:46,Close short,USDT,SOXLUSDT,0.12,176.29,21.1548,0.0276,0.01490712,-0.01269288
2026-07-09 13:29:45,Open short,USDT,SOXLUSDT,0.12,176.52,21.1824,0.0,0.0,-0.00423648
2026-07-09 12:36:29,Close short,USDT,HYPEUSDT,0.31,67.591,20.95321,-0.11718,-0.129751926,-0.012571926
2026-07-09 12:30:42,Close short,USDT,SOXLUSDT,0.11,175.1,19.261,0.0363,0.0247434,-0.0115566
2026-07-09 12:03:04,Open short,USDT,SOXLUSDT,0.11,175.43,19.2973,0.0,0.0,-0.00385946
2026-07-09 10:44:33,Close long,USDT,SOXLUSDT,0.02,175.15,3.503,-0.067,-0.0691018,-0.0021018
2026-07-09 10:44:33,Close long,USDT,SOXLUSDT,0.04,175.16,7.0064,-0.1336,-0.13780384,-0.00420384
2026-07-09 10:35:01,Open short,USDT,HYPEUSDT,0.31,67.213,20.83603,0.0,0.0,-0.012501618
2026-07-09 10:24:03,Open long,USDT,SOXLUSDT,0.06,178.5,10.71,0.0,0.0,-0.002142
2026-07-08 17:15:17,Close short,USDT,SOXLUSDT,0.06,148.27,8.8962,0.7374,0.73562076,-0.00177924
2026-07-08 16:20:44,Open short,USDT,SOXLUSDT,0.06,160.56,9.6336,0.0,0.0,-0.00578016
2026-07-08 16:14:25,Close short,USDT,SOXLUSDT,0.07,166.64,11.6648,-0.3304,-0.33739888,-0.00699888
2026-07-08 14:11:44,Open short,USDT,SOXLUSDT,0.07,161.92,11.3344,0.0,0.0,-0.00680064
2026-07-08 11:10:39,Close short,USDT,SOXLUSDT,0.05,170.29,8.5145,-0.138,-0.1431087,-0.0051087
2026-07-08 09:55:29,Open short,USDT,SOXLUSDT,0.05,167.53,8.3765,0.0,0.0,-0.0050259
2026-07-07 22:58:11,Close short,USDT,HYPEUSDT,0.33,72.249,23.84217,-0.31977,-0.334075302,-0.014305302
2026-07-07 21:55:53,Open short,USDT,HYPEUSDT,0.33,71.28,23.5224,0.0,0.0,-0.00470448
2026-07-07 19:02:39,Close long,USDT,HYPEUSDT,0.06,71.138,4.26828,-0.02286,-0.025420968,-0.002560968
2026-07-07 19:02:39,Close long,USDT,HYPEUSDT,0.38,71.139,27.03282,-0.1444,-0.160619692,-0.016219692
2026-07-07 19:02:39,Close long,USDT,HYPEUSDT,0.01,71.147,0.71147,-0.00372,-0.004146882,-0.000426882
2026-07-07 17:10:07,Open long,USDT,HYPEUSDT,0.45,71.519,32.18355,0.0,0.0,-0.01931013
2026-07-07 17:03:02,Close short,USDT,HYPEUSDT,0.52,71.065,36.9538,-0.23608,-0.25825228,-0.02217228
2026-07-07 16:35:42,Open short,USDT,HYPEUSDT,0.52,70.611,36.71772,0.0,0.0,-0.007343544
2026-07-07 12:02:36,Close short,USDT,SOLUSDT,0.6,80.894,48.5364,0.6216,0.61189272,-0.00970728
2026-07-07 11:05:06,Close short,USDT,SOXLUSDT,0.07,185.0,12.95,0.0175,0.00973,-0.00777
2026-07-07 11:05:06,Close short,USDT,SOXLUSDT,0.04,185.0,7.4,0.01,0.00556,-0.00444
2026-07-07 10:25:51,Open short,USDT,SOXLUSDT,0.11,185.25,20.3775,0.0,0.0,-0.0040755
2026-07-07 09:56:39,Open short,USDT,SOLUSDT,0.6,81.93,49.158,0.0,0.0,-0.0098316
2026-07-06 19:59:01,Close short,USDT,HYPEUSDT,0.82,70.253,57.60746,0.38868,0.377158508,-0.011521492
2026-07-06 19:43:18,Open short,USDT,HYPEUSDT,0.82,70.727,57.99614,0.0,0.0,-0.011599228
2026-07-06 14:11:27,Close long,USDT,SOXLUSDT,0.12,192.49,23.0988,-0.1608,-0.17465928,-0.01385928
2026-07-06 14:00:19,Open long,USDT,SOXLUSDT,0.12,193.83,23.2596,0.0,0.0,-0.00465192
2026-07-06 13:29:34,Close long,USDT,SOXLUSDT,0.06,192.13,11.5278,0.0132,0.00628332,-0.00691668
2026-07-06 12:17:44,Open long,USDT,SOXLUSDT,0.06,191.91,11.5146,0.0,0.0,-0.00230292
2026-07-06 11:55:40,Close short,USDT,HYPEUSDT,0.54,71.331,38.51874,0.34992,0.342216252,-0.007703748
2026-07-06 11:13:58,Open short,USDT,HYPEUSDT,0.54,71.979,38.86866,0.0,0.0,-0.007773732
2026-07-05 23:03:45,Close long,USDT,SOLUSDT,0.6,81.6,48.96,0.4752,0.465408,-0.009792
2026-07-05 21:05:11,Open long,USDT,SOLUSDT,0.6,80.808,48.4848,0.0,0.0,-0.02909088
2026-07-05 19:01:01,Close short,USDT,SOLUSDT,0.4,80.557,32.2228,0.0204,0.00106632,-0.01933368
2026-07-05 10:08:06,Open short,USDT,SOLUSDT,0.4,80.608,32.2432,0.0,0.0,-0.00644864
2026-07-04 15:57:40,Close short,USDT,SOLUSDT,0.6,82.777,49.6662,-0.1668,-0.19659972,-0.02979972
2026-07-04 14:56:16,Open short,USDT,SOLUSDT,0.1,82.499,8.2499,0.0,0.0,-0.00164998
2026-07-04 14:56:14,Open short,USDT,SOLUSDT,0.5,82.499,41.2495,0.0,0.0,-0.0082499
2026-07-03 16:53:13,Close long,USDT,HYPEUSDT,0.61,67.419,41.12559,0.01342,-0.011255354,-0.024675354
2026-07-03 15:43:00,Open long,USDT,HYPEUSDT,0.35,67.397,23.58895,0.0,0.0,-0.00471779
2026-07-03 15:43:00,Open long,USDT,HYPEUSDT,0.08,67.397,5.39176,0.0,0.0,-0.001078352
2026-07-03 15:43:00,Open long,USDT,HYPEUSDT,0.09,67.397,6.06573,0.0,0.0,-0.001213146
2026-07-03 15:43:00,Open long,USDT,HYPEUSDT,0.09,67.397,6.06573,0.0,0.0,-0.001213146
2026-07-03 11:32:34,Close short,USDT,HYPEUSDT,0.62,66.693,41.34966,-0.12338,-0.148189796,-0.024809796
2026-07-03 10:44:29,Open short,USDT,HYPEUSDT,0.01,66.494,0.66494,0.0,0.0,-0.000132988
2026-07-03 10:44:29,Open short,USDT,HYPEUSDT,0.6,66.494,39.8964,0.0,0.0,-0.00797928
2026-07-03 10:44:25,Open short,USDT,HYPEUSDT,0.01,66.494,0.66494,0.0,0.0,-0.000132988
2026-07-03 10:29:57,Close long,USDT,SOLUSDT,0.6,81.103,48.6618,-0.3042,-0.33339708,-0.02919708
2026-07-03 09:53:13,Open long,USDT,SOLUSDT,0.6,81.61,48.966,0.0,0.0,-0.0097932
2026-07-02 20:21:16,Close long,USDT,SOLUSDT,0.1,81.707,8.1707,0.046,0.04109758,-0.00490242
2026-07-02 19:45:04,Close long,USDT,HYPEUSDT,0.56,65.016,36.40896,0.34944,0.342158208,-0.007281792
2026-07-02 18:52:27,Open long,USDT,HYPEUSDT,0.56,64.392,36.05952,0.0,0.0,-0.007211904
2026-07-02 18:43:21,Open long,USDT,SOLUSDT,0.1,81.247,8.1247,0.0,0.0,-0.00162494
2026-07-02 15:45:35,Close short,USDT,SOXLUSDT,0.04,208.13,8.3252,0.008,0.00300488,-0.00499512
2026-07-02 15:45:35,Close short,USDT,SOXLUSDT,0.04,208.13,8.3252,0.008,0.00300488,-0.00499512
2026-07-02 14:50:14,Open short,USDT,SOXLUSDT,0.08,208.33,16.6664,0.0,0.0,-0.00333328
2026-07-02 14:25:36,Close short,USDT,HYPEUSDT,0.57,63.407,36.14199,-0.11571,-0.137395194,-0.021685194
2026-07-02 14:22:50,Close short,USDT,SOLUSDT,0.5,78.307,39.1535,-0.253,-0.2764921,-0.0234921
2026-07-02 14:06:36,Open short,USDT,HYPEUSDT,0.57,63.204,36.02628,0.0,0.0,-0.007205256
2026-07-02 13:40:08,Open short,USDT,SOLUSDT,0.5,77.801,38.9005,0.0,0.0,-0.0077801
2026-07-02 12:20:18,Close long,USDT,HYPEUSDT,0.28,63.38,17.7464,0.11172,0.10107216,-0.01064784
2026-07-02 12:18:33,Close short,USDT,SOXLUSDT,0.07,219.77,15.3839,0.3955,0.39242322,-0.00307678
2026-07-02 10:30:06,Open short,USDT,SOXLUSDT,0.07,225.42,15.7794,0.0,0.0,-0.00315588
2026-07-02 09:51:07,Close long,USDT,SOLUSDT,0.1,78.041,7.8041,0.0422,0.03751754,-0.00468246
2026-07-02 09:51:07,Close long,USDT,SOLUSDT,0.3,78.041,23.4123,0.1266,0.11255262,-0.01404738
2026-07-02 09:37:00,Open long,USDT,HYPEUSDT,0.28,62.981,17.63468,0.0,0.0,-0.003526936
2026-07-02 09:15:58,Open long,USDT,SOLUSDT,0.4,77.619,31.0476,0.0,0.0,-0.01862856
2026-07-01 23:06:44,Close short,USDT,HYPEUSDT,0.25,64.246,16.0615,-0.22275,-0.2323869,-0.0096369
2026-07-01 22:37:53,Open short,USDT,HYPEUSDT,0.25,63.355,15.83875,0.0,0.0,-0.00316775
2026-07-01 22:33:15,Close long,USDT,HYPEUSDT,0.58,63.594,36.88452,-0.39034,-0.412470712,-0.022130712
2026-07-01 22:17:12,Close long,USDT,SOLUSDT,0.5,76.952,38.476,0.336,0.3283048,-0.0076952
2026-07-01 22:15:02,Open long,USDT,SOLUSDT,0.5,76.28,38.14,0.0,0.0,-0.007628
2026-07-01 22:11:06,Open long,USDT,HYPEUSDT,0.58,64.267,37.27486,0.0,0.0,-0.007454972
2026-07-01 21:30:35,Close long,USDT,HYPEUSDT,0.58,62.646,36.33468,-0.17052,-0.192320808,-0.021800808
2026-07-01 21:06:54,Open long,USDT,HYPEUSDT,0.39,62.94,24.5466,0.0,0.0,-0.00490932
2026-07-01 21:06:52,Open long,USDT,HYPEUSDT,0.09,62.94,5.6646,0.0,0.0,-0.00113292
2026-07-01 21:05:59,Open long,USDT,HYPEUSDT,0.1,62.94,6.294,0.0,0.0,-0.0012588
2026-07-01 14:51:46,Close short,USDT,HYPEUSDT,0.86,64.919,55.83034,0.1075,0.074001796,-0.033498204
2026-07-01 14:21:02,Open short,USDT,HYPEUSDT,0.86,65.044,55.93784,0.0,0.0,-0.011187568
2026-07-01 14:06:27,Close long,USDT,SOLUSDT,0.3,75.035,22.5105,0.0291,0.0155937,-0.0135063
2026-07-01 10:45:04,Open long,USDT,SOLUSDT,0.3,74.938,22.4814,0.0,0.0,-0.00449628
2026-06-19 22:28:19,Close short,USDT,HYPEUSDT,0.6,68.333,40.9998,-0.2472,-0.27179988,-0.02459988
2026-06-19 22:17:02,Open short,USDT,HYPEUSDT,0.6,67.921,40.7526,0.0,0.0,-0.00815052
2026-06-19 18:08:41,Close short,USDT,HYPEUSDT,0.41,66.95,27.4495,-0.12587,-0.1423397,-0.0164697
2026-06-19 18:03:16,Open short,USDT,HYPEUSDT,0.41,66.643,27.32363,0.0,0.0,-0.005464726
2026-06-19 16:23:34,Close short,USDT,HYPEUSDT,0.44,67.472,29.68768,-0.31108,-0.328892608,-0.017812608
2026-06-19 15:35:57,Open short,USDT,HYPEUSDT,0.44,66.765,29.3766,0.0,0.0,-0.00587532
2026-06-19 14:13:05,Close short,USDT,HYPEUSDT,0.54,67.067,36.21618,-0.16794,-0.189669708,-0.021729708
2026-06-19 14:11:18,Open short,USDT,HYPEUSDT,0.54,66.756,36.04824,0.0,0.0,-0.021628944
2026-06-19 11:13:49,Close long,USDT,HYPEUSDT,0.58,67.469,39.13202,0.07076,0.047280788,-0.023479212
2026-06-19 10:47:35,Open long,USDT,HYPEUSDT,0.58,67.347,39.06126,0.0,0.0,-0.007812252
2026-06-18 21:34:15,Close short,USDT,HYPEUSDT,0.54,71.04,38.3616,0.33588,0.32820768,-0.00767232
2026-06-18 21:30:20,Open short,USDT,HYPEUSDT,0.54,71.662,38.69748,0.0,0.0,-0.007739496
2026-06-18 19:40:35,Close short,USDT,HYPEUSDT,0.94,70.874,66.62156,0.3384,0.325075688,-0.013324312
2026-06-18 19:37:37,Open short,USDT,HYPEUSDT,0.94,71.234,66.95996,0.0,0.0,-0.013391992
2026-06-18 18:50:51,Close short,USDT,HYPEUSDT,0.57,71.925,40.99725,-0.286940000001,-0.311538350001,-0.02459835
2026-06-18 18:40:30,Open short,USDT,HYPEUSDT,0.4,71.421,28.5684,0.0,0.0,-0.01714104
2026-06-18 18:40:30,Open short,USDT,HYPEUSDT,0.17,71.423,12.14191,0.0,0.0,-0.007285146
2026-06-18 15:10:18,Close long,USDT,HYPEUSDT,0.54,70.82,38.2428,0.22032,0.19737432,-0.02294568
2026-06-18 14:28:03,Open long,USDT,HYPEUSDT,0.54,70.412,38.02248,0.0,0.0,-0.007604496
2026-06-18 14:22:52,Close short,USDT,HYPEUSDT,0.84,70.184,58.95456,-0.29148,-0.326852736,-0.035372736
2026-06-18 14:11:09,Open short,USDT,HYPEUSDT,0.84,69.837,58.66308,0.0,0.0,-0.035197848
2026-06-18 12:46:25,Close short,USDT,HYPEUSDT,0.5,68.789,34.3945,0.3695,0.3626211,-0.0068789
2026-06-18 12:20:26,Open short,USDT,HYPEUSDT,0.5,69.528,34.764,0.0,0.0,-0.0069528
2026-06-17 23:56:48,Close long,USDT,HYPEUSDT,0.4,74.216,29.6864,0.43,0.42406272,-0.00593728
2026-06-17 23:37:00,Open long,USDT,HYPEUSDT,0.4,73.141,29.2564,0.0,0.0,-0.00585128
2026-06-17 22:50:39,Close short,USDT,HYPEUSDT,0.44,72.27,31.7988,-0.26488,-0.28395928,-0.01907928
2026-06-17 22:50:39,Close short,USDT,HYPEUSDT,0.03,72.27,2.1681,-0.01806,-0.01936086,-0.00130086
2026-06-17 22:50:39,Close short,USDT,HYPEUSDT,0.05,72.27,3.6135,-0.0301,-0.0322681,-0.0021681
2026-06-17 22:47:35,Open short,USDT,HYPEUSDT,0.52,71.668,37.26736,0.0,0.0,-0.022360416
2026-06-17 20:49:01,Close short,USDT,HYPEUSDT,0.17,71.33,12.1261,0.13464,0.12736434,-0.00727566
2026-06-17 20:32:51,Close short,USDT,HYPEUSDT,0.16,70.045,11.2072,0.33232,0.33007856,-0.00224144
2026-06-17 20:32:51,Close short,USDT,HYPEUSDT,0.02,70.045,1.4009,0.04154,0.04125982,-0.00028018
2026-06-17 18:49:35,Open short,USDT,HYPEUSDT,0.27,72.122,19.47294,0.0,0.0,-0.003894588
2026-06-17 18:49:35,Open short,USDT,HYPEUSDT,0.08,72.122,5.76976,0.0,0.0,-0.001153952
2026-06-17 18:24:33,Close short,USDT,SOXLUSDT,0.06,242.16,14.5296,-0.2022,-0.21091776,-0.00871776
2026-06-17 18:07:35,Open short,USDT,SOXLUSDT,0.06,238.79,14.3274,0.0,0.0,-0.00859644
2026-06-17 17:50:43,Close long,USDT,SOXLUSDT,0.2,241.61,48.322,-0.32,-0.3489932,-0.0289932
2026-06-17 17:01:37,Open long,USDT,SOXLUSDT,0.2,243.21,48.642,0.0,0.0,-0.0097284
2026-06-17 01:49:41,Close long,USDT,ETHUSDT,0.04,1797.4,71.896,0.818,0.8036208,-0.0143792
2026-06-16 22:37:38,Open long,USDT,ETHUSDT,0.04,1776.95,71.078,0.0,0.0,-0.0426468
2026-06-16 21:10:17,Close long,USDT,SOLUSDT,0.2,74.32,14.864,-0.1386,-0.1475184,-0.0089184
2026-06-16 21:10:17,Close long,USDT,SOLUSDT,0.2,74.32,14.864,-0.1386,-0.1475184,-0.0089184
2026-06-16 20:20:30,Open long,USDT,SOLUSDT,0.4,75.013,30.0052,0.0,0.0,-0.00600104
2026-06-16 16:48:47,Close long,USDT,SOLUSDT,0.4,75.131,30.0524,0.3948,0.38878952,-0.00601048
2026-06-16 15:12:56,Close long,USDT,HYPEUSDT,0.27,71.95,19.4265,-0.21897,-0.2306259,-0.0116559
2026-06-16 15:06:09,Open long,USDT,HYPEUSDT,0.27,72.761,19.64547,0.0,0.0,-0.011787282
2026-06-16 14:47:58,Open long,USDT,SOLUSDT,0.4,74.144,29.6576,0.0,0.0,-0.00593152
2026-06-16 13:03:13,Close short,USDT,SOLUSDT,0.4,73.535,29.414,0.0704,0.0527516,-0.0176484
2026-06-16 12:30:34,Close short,USDT,ETHUSDT,0.05,1764.25,88.2125,0.528,0.5103575,-0.0176425
2026-06-16 12:16:26,Open short,USDT,SOLUSDT,0.4,73.711,29.4844,0.0,0.0,-0.00589688
2026-06-16 12:16:12,Open short,USDT,ETHUSDT,0.05,1774.81,88.7405,0.0,0.0,-0.0177481
2026-06-15 23:45:49,Close long,USDT,BTCUSDT,0.0008,66886.8,53.50944,0.33368,0.322978112,-0.010701888
2026-06-15 22:20:26,Open long,USDT,BTCUSDT,0.0008,66469.7,53.17576,0.0,0.0,-0.010635152
2026-06-15 21:11:14,Close long,USDT,ETHUSDT,0.02,1790.34,35.8068,0.5103,0.50313864,-0.00716136
2026-06-15 19:51:55,Open long,USDT,ETHUSDT,0.01,1764.81,17.6481,0.0,0.0,-0.00352962
2026-06-15 19:50:48,Open long,USDT,ETHUSDT,0.01,1764.84,17.6484,0.0,0.0,-0.00352968
2026-06-15 12:02:18,Close long,USDT,HYPEUSDT,0.76,65.548,49.81648,1.254,1.244036704,-0.009963296
2026-06-15 09:47:09,Open long,USDT,HYPEUSDT,0.76,63.898,48.56248,0.0,0.0,-0.029137488
2026-06-15 05:15:17,Close long,USDT,SOLUSDT,0.5,68.059,34.0295,0.3545,0.3476941,-0.0068059
2026-06-14 23:09:09,Open long,USDT,SOLUSDT,0.5,67.35,33.675,0.0,0.0,-0.006735
2026-06-14 21:05:30,Close short,USDT,BEATUSDT,2.0,5.48281,10.96562,0.01196,0.005380628,-0.006579372
2026-06-14 20:54:21,Open short,USDT,BEATUSDT,2.0,5.48879,10.97758,0.0,0.0,-0.002195516
2026-06-14 19:04:00,Close long,USDT,SOLUSDT,0.4,68.036,27.2144,-0.1592,-0.17552864,-0.01632864
2026-06-14 19:04:00,Close long,USDT,SOLUSDT,0.2,68.036,13.6072,-0.0796,-0.08776432,-0.00816432
2026-06-14 17:58:00,Open long,USDT,SOLUSDT,0.6,68.434,41.0604,0.0,0.0,-0.00821208
2026-06-14 17:16:10,Close short,USDT,SOLUSDT,1.4,68.059,95.2826,0.3094,0.29034348,-0.01905652
2026-06-14 16:42:22,Close short,USDT,BEATUSDT,2.0,6.84546,13.69092,-0.23198,-0.240194552,-0.008214552
2026-06-14 16:22:14,Open short,USDT,SOLUSDT,0.7,68.28,47.796,0.0,0.0,-0.0095592
2026-06-14 16:22:14,Open short,USDT,SOLUSDT,0.7,68.28,47.796,0.0,0.0,-0.0095592
2026-06-14 16:17:28,Open short,USDT,BEATUSDT,2.0,6.72947,13.45894,0.0,0.0,-0.008075364
2026-06-14 16:00:05,Close short,USDT,BEATUSDT,1.0,7.17,7.17,-0.33942,-0.343722,-0.004302
2026-06-14 16:00:05,Close short,USDT,BEATUSDT,1.0,7.17,7.17,-0.33942,-0.343722,-0.004302
2026-06-14 14:19:19,Open short,USDT,BEATUSDT,2.0,6.83058,13.66116,0.0,0.0,-0.002732232
2026-06-14 13:54:06,Close short,USDT,BEATUSDT,2.0,7.13741,14.27482,-0.76014,-0.768704892,-0.008564892
2026-06-14 12:32:08,Open short,USDT,BEATUSDT,2.0,6.75734,13.51468,0.0,0.0,-0.008108808
2026-06-13 18:18:39,Close long,USDT,BEATUSDT,4.0,9.17903,36.71612,0.40608,0.384050328,-0.022029672
2026-06-13 18:18:39,Close long,USDT,BEATUSDT,2.0,9.18275,18.3655,0.21048,0.1994607,-0.0110193
2026-06-13 16:23:28,Open long,USDT,BEATUSDT,3.0,9.09267,27.27801,0.0,0.0,-0.016366806
2026-06-13 16:23:09,Open long,USDT,BEATUSDT,2.0,9.06322,18.12644,0.0,0.0,-0.010875864
2026-06-13 16:23:09,Open long,USDT,BEATUSDT,1.0,9.06061,9.06061,0.0,0.0,-0.005436366
2026-06-13 16:16:27,Close short,USDT,SIRENUSDT,70.0,0.16249,11.3743,-2.7216,-2.72842458,-0.00682458
2026-06-13 14:12:03,Open short,USDT,SIRENUSDT,70.0,0.12361,8.6527,0.0,0.0,-0.00519162
2026-06-11 12:12:49,Close short,USDT,XAUUSDT,0.01,4086.4,40.864,0.0804,0.0558816,-0.0245184
2026-06-11 10:16:43,Open short,USDT,XAUUSDT,0.01,4094.44,40.9444,0.0,0.0,-0.00818888
2026-06-10 16:03:33,Close short,USDT,XAUUSDT,0.02,4172.65,83.453,0.5416,0.5249094,-0.0166906
2026-06-10 15:27:45,Open short,USDT,XAUUSDT,0.02,4199.73,83.9946,0.0,0.0,-0.01679892
2026-06-10 15:26:15,Close short,USDT,BTCUSDT,0.0001,61601.8,6.16018,-0.03022,-0.033916108,-0.003696108
2026-06-10 14:08:25,Close short,USDT,XAUUSDT,0.01,4226.0,42.26,-0.4215,-0.446856,-0.025356
2026-06-10 10:32:50,Open short,USDT,XAUUSDT,0.01,4183.85,41.8385,0.0,0.0,-0.0251031
2026-06-09 22:46:03,Open short,USDT,BTCUSDT,0.0001,61299.6,6.12996,0.0,0.0,-0.001225992
2026-06-07 13:18:11,Close long,USDT,BTCUSDT,0.0007,62056.2,43.43934,0.46347,0.454782132,-0.008687868
2026-06-07 09:16:48,Open long,USDT,BTCUSDT,0.0007,61394.1,42.97587,0.0,0.0,-0.008595174
2026-06-06 20:52:55,Close short,USDT,ZECUSDT,0.019,373.51,7.09669,-0.22439,-0.228648014,-0.004258014
2026-06-06 18:31:49,Open short,USDT,ZECUSDT,0.019,361.7,6.8723,0.0,0.0,-0.00137446
2026-06-05 20:47:44,Close short,USDT,ZECUSDT,0.044,310.65,13.6686,0.50468,0.49647884,-0.00820116
2026-06-05 19:07:10,Close short,USDT,HYPEUSDT,0.24,61.812,14.83488,-0.19152,-0.200420928,-0.008900928
2026-06-05 19:07:10,Close short,USDT,HYPEUSDT,0.24,61.811,14.83464,-0.19128,-0.200180784,-0.008900784
2026-06-05 19:05:39,Open short,USDT,ZECUSDT,0.044,322.12,14.17328,0.0,0.0,-0.002834656
2026-06-05 18:15:56,Open short,USDT,HYPEUSDT,0.48,61.014,29.28672,0.0,0.0,-0.017572032
2026-06-05 15:06:00,Close short,USDT,ZECUSDT,0.085,303.93,25.83405,3.40255,3.39738319,-0.00516681
2026-06-05 14:23:33,Open short,USDT,ZECUSDT,0.063,343.96,21.66948,0.0,0.0,-0.013001688
2026-06-05 14:23:33,Open short,USDT,ZECUSDT,0.022,343.96,7.56712,0.0,0.0,-0.004540272
2026-06-05 12:56:14,Close short,USDT,ZECUSDT,0.073,396.88,28.97224,0.150719999999,0.133336655999,-0.017383344
2026-06-05 10:40:31,Open short,USDT,ZECUSDT,0.035,398.89,13.96115,0.0,0.0,-0.00837669
2026-06-05 10:40:31,Open short,USDT,ZECUSDT,0.019,398.99,7.58081,0.0,0.0,-0.004548486
2026-06-05 10:40:31,Open short,USDT,ZECUSDT,0.019,399.0,7.581,0.0,0.0,-0.0045486
2026-06-04 21:28:07,Close short,USDT,SOXLUSDT,0.11,243.43,26.7773,0.385,0.37964454,-0.00535546
2026-06-04 21:01:15,Open short,USDT,SOXLUSDT,0.11,246.93,27.1623,0.0,0.0,-0.01629738
2026-06-04 18:27:48,Close short,USDT,BTCUSDT,0.0004,62589.9,25.03596,0.4276,0.422592808,-0.005007192
2026-06-04 13:22:00,Open short,USDT,BTCUSDT,0.0004,63658.9,25.46356,0.0,0.0,-0.005092712
2026-06-04 13:19:58,Close long,USDT,BTCUSDT,0.0004,63805.0,25.522,-0.28808,-0.3033932,-0.0153132
2026-06-04 12:05:12,Open long,USDT,BTCUSDT,0.0004,64525.2,25.81008,0.0,0.0,-0.005162016
2026-06-04 10:05:00,Close short,USDT,HYPEUSDT,0.4,70.376,28.1504,0.8128,0.80716992,-0.00563008
2026-06-04 09:46:48,Open short,USDT,HYPEUSDT,0.4,72.408,28.9632,0.0,0.0,-0.01737792
2026-06-04 09:01:08,Liquidation for short,USDT,BTCUSDT,0.0003,63621.420147911245,19.086426044373,-0.177636044374,-0.189087900001,-0.011451855627
2026-06-04 08:53:57,Open short,USDT,BTCUSDT,0.0003,63029.3,18.90879,0.0,0.0,-0.011345274
2026-06-03 23:47:17,Close short,USDT,BTCUSDT,0.0004,66165.8,26.46632,0.35288,0.347586736,-0.005293264
2026-06-03 19:48:37,Close long,USDT,HYPEUSDT,0.4,72.188,28.8752,-0.4444,-0.46172512,-0.01732512
2026-06-03 19:48:08,Open short,USDT,BTCUSDT,0.0004,67048.0,26.8192,0.0,0.0,-0.00536384
2026-06-03 19:34:59,Close long,USDT,WLDUSDT,54.0,0.507,27.378,-0.8856,-0.9020268,-0.0164268
2026-06-03 19:22:39,Open long,USDT,WLDUSDT,6.0,0.5234,3.1404,0.0,0.0,-0.00188424
2026-06-03 19:22:39,Open long,USDT,WLDUSDT,48.0,0.5234,25.1232,0.0,0.0,-0.01507392
2026-06-03 19:18:57,Open long,USDT,HYPEUSDT,0.4,73.299,29.3196,0.0,0.0,-0.00586392
2026-06-03 18:07:06,Close short,USDT,BTCUSDT,0.0005,67343.9,33.67195,-0.14425,-0.16445317,-0.02020317
2026-06-03 16:15:32,Open short,USDT,BTCUSDT,0.0005,67055.4,33.5277,0.0,0.0,-0.00670554
2026-06-03 00:05:59,Close short,USDT,HYPEUSDT,0.05,72.541,3.62705,-0.0819,-0.08407623,-0.00217623
2026-06-03 00:05:59,Close short,USDT,HYPEUSDT,0.36,72.539,26.11404,-0.58896,-0.604628424,-0.015668424
2026-06-02 23:20:14,Open short,USDT,HYPEUSDT,0.41,70.903,29.07023,0.0,0.0,-0.017442138
2026-06-02 22:31:13,Close long,USDT,HYPEUSDT,0.4,72.563,29.0252,-0.3544,-0.37181512,-0.01741512
2026-06-02 21:20:36,Close long,USDT,LABUSDT,1.0,18.63125,18.63125,-1.05333,-1.06450875,-0.01117875
2026-06-02 21:02:26,Open long,USDT,HYPEUSDT,0.4,73.449,29.3796,0.0,0.0,-0.01762776
2026-06-02 21:01:18,Open long,USDT,LABUSDT,1.0,19.68458,19.68458,0.0,0.0,-0.011810748
2026-06-02 20:53:41,Close long,USDT,XAUUSDT,0.01,4522.54,45.2254,-0.1317,-0.15883524,-0.02713524
2026-06-02 17:56:15,Open long,USDT,XAUUSDT,0.01,4535.71,45.3571,0.0,0.0,-0.00907142
2026-06-02 14:57:27,Close short,USDT,HYPEUSDT,0.39,72.156,28.14084,0.91143,0.905801832,-0.005628168
2026-06-02 12:13:12,Open short,USDT,HYPEUSDT,0.39,74.493,29.05227,0.0,0.0,-0.005810454
2026-06-02 01:29:55,Close short,USDT,BTCUSDT,0.0005,71699.5,35.84975,0.0275,0.00599015,-0.02150985
2026-06-01 21:30:53,Open short,USDT,BTCUSDT,0.0005,71754.5,35.87725,0.0,0.0,-0.00717545
2026-06-01 19:08:20,Close long,USDT,LABUSDT,4.0,14.49927,57.99708,-0.19752,-0.232318248,-0.034798248
2026-06-01 19:05:13,Open long,USDT,LABUSDT,4.0,14.54865,58.1946,0.0,0.0,-0.03491676
2026-06-01 18:50:30,Close long,USDT,LABUSDT,2.0,15.35173,30.70346,1.1588,1.140377924,-0.018422076
2026-06-01 18:25:46,Open long,USDT,LABUSDT,1.0,14.91779,14.91779,0.0,0.0,-0.008950674
2026-06-01 18:25:03,Open long,USDT,LABUSDT,1.0,14.62687,14.62687,0.0,0.0,-0.002925374
2026-06-01 18:17:27,Close long,USDT,LABUSDT,2.0,13.26081,26.52162,-2.43942,-2.455332972,-0.015912972
2026-06-01 17:55:27,Open long,USDT,LABUSDT,2.0,14.48052,28.96104,0.0,0.0,-0.017376624
2026-05-31 15:12:28,Close long,USDT,BNBUSDT,0.04,730.44,29.2176,-0.2692,-0.28673056,-0.01753056
2026-05-31 13:18:22,Open long,USDT,BNBUSDT,0.04,737.17,29.4868,0.0,0.0,-0.01769208
2026-05-28 20:51:20,Close short,USDT,XAUUSDT,0.01,4419.76,44.1976,-0.2724,-0.29891856,-0.02651856
2026-05-28 11:20:02,Open short,USDT,XAUUSDT,0.01,4392.52,43.9252,0.0,0.0,-0.00878504
2026-05-28 05:53:12,Close short,USDT,BTCUSDT,0.0004,74322.6,29.72904,0.32792,0.321974192,-0.005945808
2026-05-27 21:35:44,Open short,USDT,BTCUSDT,0.0004,75142.4,30.05696,0.0,0.0,-0.006011392
2026-05-27 14:37:48,Close short,USDT,ETHUSDT,0.01,2079.01,20.7901,-0.1173,-0.12977406,-0.01247406
2026-05-27 14:37:48,Close short,USDT,ETHUSDT,0.01,2079.01,20.7901,-0.1173,-0.12977406,-0.01247406
2026-05-27 12:14:56,Open short,USDT,ETHUSDT,0.02,2067.28,41.3456,0.0,0.0,-0.00826912
2026-05-23 02:37:21,Close short,USDT,ETHUSDT,0.02,2109.91,42.1982,0.3105,0.30206036,-0.00843964
2026-05-22 15:13:49,Open short,USDT,ETHUSDT,0.01,2127.58,21.2758,0.0,0.0,-0.00425516
2026-05-22 15:08:05,Open short,USDT,ETHUSDT,0.01,2123.29,21.2329,0.0,0.0,-0.01273974
2026-05-21 23:13:51,Close short,USDT,ETHUSDT,0.01,2130.16,21.3016,-0.1534,-0.16618096,-0.01278096
2026-05-21 18:42:27,Open short,USDT,ETHUSDT,0.01,2114.82,21.1482,0.0,0.0,-0.00422964
2026-05-21 16:11:55,Close short,USDT,ETHUSDT,0.01,2143.09,21.4309,-0.1745,-0.18735854,-0.01285854
2026-05-21 15:18:21,Open short,USDT,ETHUSDT,0.01,2125.64,21.2564,0.0,0.0,-0.01275384
2026-05-20 22:16:36,Close short,USDT,ETHUSDT,0.03,2134.65,64.0395,-0.1674,-0.2058237,-0.0384237
2026-05-20 21:15:29,Open short,USDT,ETHUSDT,0.03,2129.07,63.8721,0.0,0.0,-0.01277442
2026-05-20 20:57:03,Close short,USDT,ETHUSDT,0.03,2138.92,64.1676,-0.3573,-0.39580056,-0.03850056
2026-05-20 19:33:18,Open short,USDT,ETHUSDT,0.03,2127.01,63.8103,0.0,0.0,-0.01276206
2026-05-20 14:24:28,Close short,USDT,ETHUSDT,0.01,2131.15,21.3115,-0.2157,-0.2284869,-0.0127869
2026-05-19 18:05:21,Open short,USDT,ETHUSDT,0.01,2109.58,21.0958,0.0,0.0,-0.00421916
2026-05-18 23:03:57,Close short,USDT,ETHUSDT,0.02,2094.14,41.8828,0.6778,0.66942344,-0.00837656
2026-05-18 22:00:45,Open short,USDT,ETHUSDT,0.02,2128.03,42.5606,0.0,0.0,-0.00851212
2026-05-18 11:42:09,Close short,USDT,XAGUSDT,0.32,74.8,23.936,0.0832,0.0688384,-0.0143616
2026-05-18 11:42:09,Close short,USDT,XAGUSDT,0.02,74.8,1.496,0.0052,0.0043024,-0.0008976
2026-05-18 11:42:09,Close short,USDT,XAGUSDT,0.17,74.8,12.716,0.0442,0.0365704,-0.0076296
2026-05-18 11:42:09,Close short,USDT,XAGUSDT,0.12,74.8,8.976,0.0312,0.0258144,-0.0053856
2026-05-18 11:42:09,Close short,USDT,XAGUSDT,0.07,74.8,5.236,0.0182,0.0150584,-0.0031416
2026-05-18 11:42:09,Close short,USDT,XAGUSDT,0.08,74.8,5.984,0.0208,0.0172096,-0.0035904
2026-05-18 10:30:16,Open short,USDT,XAGUSDT,0.78,75.06,58.5468,0.0,0.0,-0.03512808
2026-05-18 03:40:43,Close short,USDT,BTCUSDT,0.0007,78352.6,54.84682,-0.1498,-0.182708092,-0.032908092
2026-05-17 22:01:15,Open short,USDT,BTCUSDT,0.0007,78138.6,54.69702,0.0,0.0,-0.010939404
2026-05-15 22:34:00,Close short,USDT,ETHUSDT,0.02,2210.76,44.2152,-0.0024,-0.01124304,-0.00884304
2026-05-15 22:33:04,Open short,USDT,ETHUSDT,0.02,2210.64,44.2128,0.0,0.0,-0.00884256
2026-05-15 22:17:40,Close short,USDT,ETHUSDT,0.02,2221.12,44.4224,0.0314,0.00474656,-0.02665344
2026-05-15 21:45:30,Open short,USDT,ETHUSDT,0.02,2222.69,44.4538,0.0,0.0,-0.00889076
2026-05-15 07:37:01,Close short,USDT,XAGUSDT,0.22,83.04,18.2688,0.4092,0.40554624,-0.00365376
2026-05-14 23:52:37,Open short,USDT,XAGUSDT,0.22,84.9,18.678,0.0,0.0,-0.0112068
2026-05-14 18:17:56,Close short,USDT,ETHUSDT,0.03,2263.48,67.9044,-0.0075,-0.04824264,-0.04074264
2026-05-14 17:20:13,Open short,USDT,ETHUSDT,0.03,2263.23,67.8969,0.0,0.0,-0.04073814
2026-05-14 13:31:31,Close short,USDT,ETHUSDT,0.01,2261.54,22.6154,-0.19155,-0.20511924,-0.01356924
2026-05-14 13:31:31,Close short,USDT,ETHUSDT,0.01,2261.54,22.6154,-0.19155,-0.20511924,-0.01356924
2026-05-14 11:24:12,Open short,USDT,ETHUSDT,0.01,2242.52,22.4252,0.0,0.0,-0.00448504
2026-05-14 11:21:01,Open short,USDT,ETHUSDT,0.01,2242.25,22.4225,0.0,0.0,-0.0044845
2026-05-14 02:21:03,Close short,USDT,ETHUSDT,0.02,2268.44,45.3688,0.907,0.87977872,-0.02722128
2026-05-13 20:30:57,Close short,USDT,ETHUSDT,0.02,2290.92,45.8184,0.4574,0.44823632,-0.00916368
2026-05-13 19:34:35,Close short,USDT,XAGUSDT,0.3,87.5,26.25,-0.306,-0.32175,-0.01575
2026-05-13 18:16:30,Open short,USDT,ETHUSDT,0.04,2313.79,92.5516,0.0,0.0,-0.01851032
2026-05-13 12:34:54,Open short,USDT,XAGUSDT,0.3,86.48,25.944,0.0,0.0,-0.0051888
2026-05-12 20:43:25,Close short,USDT,XAGUSDT,0.52,84.42,43.8984,-0.4212,-0.44753904,-0.02633904
2026-05-12 18:32:38,Open short,USDT,XAGUSDT,0.52,83.61,43.4772,0.0,0.0,-0.02608632
2026-05-12 15:51:19,Close short,USDT,XAGUSDT,0.09,84.47,7.6023,0.088061538461,0.083500158461,-0.00456138
2026-05-12 15:51:19,Close short,USDT,XAGUSDT,0.1,84.47,8.447,0.097846153846,0.092777953846,-0.0050682
2026-05-12 15:51:19,Close short,USDT,XAGUSDT,0.02,84.47,1.6894,0.019569230769,0.018555590769,-0.00101364
2026-05-12 15:51:19,Close short,USDT,XAGUSDT,0.16,84.47,13.5152,0.156553846153,0.148444726153,-0.00810912
2026-05-12 15:51:19,Close short,USDT,XAGUSDT,0.02,84.47,1.6894,0.019569230769,0.018555590769,-0.00101364
2026-05-12 13:51:07,Open short,USDT,XAGUSDT,0.02,85.42,1.7084,0.0,0.0,-0.00102504
2026-05-12 13:51:07,Open short,USDT,XAGUSDT,0.37,85.45,31.6165,0.0,0.0,-0.0189699
2026-05-12 00:17:19,Close long,USDT,XAGUSDT,0.38,85.47,32.4786,0.0912,0.07171284,-0.01948716
2026-05-11 23:08:54,Open long,USDT,XAGUSDT,0.38,85.23,32.3874,0.0,0.0,-0.01943244
2026-05-11 21:45:43,Close short,USDT,XAGUSDT,0.85,85.72,72.862,-3.876,-3.9197172,-0.0437172
2026-05-11 21:45:43,Close short,USDT,XAGUSDT,0.02,85.71,1.7142,-0.091,-0.09202852,-0.00102852
2026-05-11 20:07:05,Open short,USDT,XAGUSDT,0.87,81.16,70.6092,0.0,0.0,-0.04236552
2026-05-11 15:01:05,Close long,USDT,SUIUSDT,7.5,1.2682,9.5115,-0.26925,-0.2749569,-0.0057069
2026-05-11 15:01:05,Close long,USDT,SUIUSDT,6.0,1.2682,7.6092,-0.2154,-0.21996552,-0.00456552
2026-05-11 14:25:52,Open long,USDT,SUIUSDT,13.5,1.3041,17.60535,0.0,0.0,-0.01056321
2026-05-10 00:02:37,Close short,USDT,ETHUSDT,0.02,2316.89,46.3378,-0.092,-0.11980268,-0.02780268
2026-05-09 12:59:44,Open short,USDT,ETHUSDT,0.02,2312.29,46.2458,0.0,0.0,-0.02774748
2026-05-08 16:37:59,Close short,USDT,BTCUSDT,0.0004,79758.1,31.90324,-0.18816,-0.207301944,-0.019141944
2026-05-08 16:37:59,Close short,USDT,BTCUSDT,0.0001,79758.1,7.97581,-0.04704,-0.051825486,-0.004785486
2026-05-08 16:37:59,Close short,USDT,BTCUSDT,0.0001,79758.1,7.97581,-0.04704,-0.051825486,-0.004785486
2026-05-08 16:37:59,Close short,USDT,BTCUSDT,0.0001,79758.1,7.97581,-0.04704,-0.051825486,-0.004785486
2026-05-08 11:05:43,Open short,USDT,BTCUSDT,0.0007,79287.7,55.50139,0.0,0.0,-0.033300834
2026-05-07 22:40:45,Close long,USDT,GRAMUSDT,16.7,2.4554,41.00518,-0.207100000004,-0.231703108004,-0.024603108
2026-05-07 22:39:01,Open long,USDT,GRAMUSDT,8.4,2.4514,20.59176,0.0,0.0,-0.004118352
2026-05-07 22:15:04,Open long,USDT,GRAMUSDT,8.3,2.4844,20.62052,0.0,0.0,-0.012372312
2026-05-07 22:07:32,Close long,USDT,GRAMUSDT,13.1,2.4603,32.22993,-0.283720000011,-0.303057958011,-0.019337958
2026-05-07 21:52:28,Open long,USDT,GRAMUSDT,1.5,2.4821,3.72315,0.0,0.0,-0.00223389
2026-05-07 21:52:28,Open long,USDT,GRAMUSDT,2.3,2.4821,5.70883,0.0,0.0,-0.003425298
2026-05-07 21:52:28,Open long,USDT,GRAMUSDT,3.1,2.482,7.6942,0.0,0.0,-0.00461652
2026-05-07 21:52:28,Open long,USDT,GRAMUSDT,3.1,2.4819,7.69389,0.0,0.0,-0.004616334
2026-05-07 21:52:28,Open long,USDT,GRAMUSDT,3.1,2.4818,7.69358,0.0,0.0,-0.004616148
2026-05-07 18:26:07,Close long,USDT,ETHUSDT,0.01,2322.5,23.225,-0.1593,-0.173235,-0.013935
2026-05-07 18:25:34,Close long,USDT,GRAMUSDT,3.8,2.565,9.747,-0.12312,-0.1289682,-0.0058482
2026-05-07 18:25:34,Close long,USDT,GRAMUSDT,3.0,2.5653,7.6959,-0.0963,-0.10091754,-0.00461754
2026-05-07 18:08:51,Open long,USDT,GRAMUSDT,6.8,2.5974,17.66232,0.0,0.0,-0.010597392
2026-05-07 17:39:31,Close long,USDT,GRAMUSDT,5.5,2.6111,14.36105,-0.35145,-0.36006663,-0.00861663
2026-05-07 17:35:24,Open long,USDT,GRAMUSDT,2.6,2.675,6.955,0.0,0.0,-0.004173
2026-05-07 17:35:24,Open long,USDT,GRAMUSDT,0.8,2.675,2.14,0.0,0.0,-0.001284
2026-05-07 17:35:24,Open long,USDT,GRAMUSDT,0.7,2.675,1.8725,0.0,0.0,-0.0011235
2026-05-07 17:35:24,Open long,USDT,GRAMUSDT,0.6,2.675,1.605,0.0,0.0,-0.000963
2026-05-07 17:35:24,Open long,USDT,GRAMUSDT,0.8,2.675,2.14,0.0,0.0,-0.001284
2026-05-07 15:21:24,Close long,USDT,GRAMUSDT,3.7,2.7738,10.26306,0.04329,0.037132164,-0.006157836
2026-05-07 14:55:58,Open long,USDT,ETHUSDT,0.01,2338.43,23.3843,0.0,0.0,-0.01403058
2026-05-07 14:48:53,Close long,USDT,GRAMUSDT,3.7,2.8828,10.66636,0.44659,0.444456728,-0.002133272
2026-05-07 14:15:06,Open long,USDT,GRAMUSDT,7.4,2.7621,20.43954,0.0,0.0,-0.012263724
2026-05-07 08:44:23,Close short,USDT,ETHUSDT,0.02,2335.24,46.7048,0.289,0.27965904,-0.00934096
2026-05-07 00:32:06,Open short,USDT,ETHUSDT,0.02,2349.69,46.9938,0.0,0.0,-0.00939876
2026-05-06 15:59:35,Close long,USDT,XAUUSDT,0.01,4678.82,46.7882,0.4758,0.46644236,-0.00935764
2026-05-06 10:36:18,Open long,USDT,XAUUSDT,0.01,4631.24,46.3124,0.0,0.0,-0.00926248
2026-05-06 07:12:15,Close short,USDT,XAUUSDT,0.01,4584.83,45.8483,-0.293,-0.32050898,-0.02750898
2026-05-06 00:34:05,Open short,USDT,XAUUSDT,0.01,4555.53,45.5553,0.0,0.0,-0.00911106
2026-05-05 22:29:38,Close short,USDT,BTCUSDT,0.0007,81388.0,56.9716,-0.02891,-0.06309296,-0.03418296
2026-05-05 21:35:27,Open short,USDT,BTCUSDT,0.0007,81346.7,56.94269,0.0,0.0,-0.011388538
2026-05-05 21:17:24,Close short,USDT,XAUUSDT,0.01,4583.82,45.8382,-0.1752,-0.20270292,-0.02750292
2026-05-05 20:45:51,Open short,USDT,XAUUSDT,0.01,4566.3,45.663,0.0,0.0,-0.0273978
2026-05-05 12:20:04,Close long,USDT,XAUUSDT,0.01,4529.96,45.2996,-0.0581,-0.08527976,-0.02717976
2026-05-05 09:07:23,Open long,USDT,XAUUSDT,0.01,4535.77,45.3577,0.0,0.0,-0.00907154
2026-05-05 00:19:48,Close short,USDT,ETHUSDT,0.01,2357.07,23.5707,0.0209,0.00675758,-0.01414242
2026-05-04 23:51:40,Close short,USDT,ETHUSDT,0.01,2337.25,23.3725,0.2191,0.2144255,-0.0046745
2026-05-04 23:19:29,Open short,USDT,ETHUSDT,0.02,2359.16,47.1832,0.0,0.0,-0.02830992
2026-05-04 18:05:19,Close short,USDT,ETHUSDT,0.02,2338.91,46.7782,0.556,0.54664436,-0.00935564
2026-05-04 15:31:01,Open short,USDT,ETHUSDT,0.02,2366.71,47.3342,0.0,0.0,-0.02840052
2026-05-04 14:20:27,Close long,USDT,ETHUSDT,0.02,2366.58,47.3316,-0.2036,-0.23199896,-0.02839896
2026-05-04 11:06:34,Open long,USDT,ETHUSDT,0.02,2376.76,47.5352,0.0,0.0,-0.00950704
2026-05-02 02:13:47,Close long,USDT,XAUUSDT,0.01,4618.1,46.181,-0.178,-0.2057086,-0.0277086
2026-05-01 23:15:16,Open long,USDT,XAUUSDT,0.01,4635.9,46.359,0.0,0.0,-0.0278154
2026-05-01 22:25:50,Close long,USDT,XAUUSDT,0.01,4645.41,46.4541,0.0311,0.00322754,-0.02787246
2026-05-01 22:11:44,Open long,USDT,XAUUSDT,0.01,4642.3,46.423,0.0,0.0,-0.0278538
2026-05-01 21:54:19,Close long,USDT,XAUUSDT,0.01,4617.79,46.1779,0.2403,0.23106442,-0.00923558
2026-05-01 21:21:38,Open long,USDT,XAUUSDT,0.01,4593.76,45.9376,0.0,0.0,-0.00918752
2026-05-01 19:55:29,Close short,USDT,XAGUSDT,0.18,73.71,13.2678,0.0684,0.06043932,-0.00796068
2026-05-01 19:41:50,Close short,USDT,XAGUSDT,0.21,73.58,15.4518,0.1071,0.10400964,-0.00309036
2026-05-01 12:30:46,Open short,USDT,XAGUSDT,0.39,74.09,28.8951,0.0,0.0,-0.00577902
2026-05-01 01:57:59,Close long,USDT,XAUUSDT,0.02,4616.28,92.3256,-0.004,-0.05939536,-0.05539536
2026-05-01 01:04:10,Open long,USDT,XAUUSDT,0.02,4616.48,92.3296,0.0,0.0,-0.05539776
2026-05-01 00:57:07,Close long,USDT,XAUUSDT,0.01,4607.09,46.0709,-0.0509,-0.07854254,-0.02764254
2026-05-01 00:35:03,Open long,USDT,XAUUSDT,0.01,4612.18,46.1218,0.0,0.0,-0.02767308
2026-05-01 00:25:06,Close short,USDT,XAUUSDT,0.01,4610.57,46.1057,0.0006,-0.02706342,-0.02766342
2026-05-01 00:25:01,Open short,USDT,XAUUSDT,0.01,4610.63,46.1063,0.0,0.0,-0.02766378
2026-04-30 15:43:30,Close short,USDT,XAUUSDT,0.01,4595.64,45.9564,-0.0669,-0.075172152,-0.008272152
2026-04-30 15:32:02,Open short,USDT,XAUUSDT,0.01,4588.95,45.8895,0.0,0.0,-0.00826011
2026-04-30 13:10:37,Close short,USDT,XAGUSDT,0.3,72.02,21.606,0.048344262294,0.044455182294,-0.00388908
2026-04-30 12:46:52,Close short,USDT,XAGUSDT,0.31,71.89,22.2859,0.090255737704,0.090255737704,0.0
2026-04-30 11:32:45,Close long,USDT,XAGUSDT,0.07,72.18,5.0526,-0.0336,-0.034509468,-0.000909468
2026-04-30 11:32:45,Close long,USDT,XAGUSDT,0.3,72.18,21.654,-0.144,-0.14789772,-0.00389772
2026-04-30 11:32:45,Close long,USDT,XAGUSDT,0.03,72.18,2.1654,-0.0144,-0.014789772,-0.000389772
2026-04-30 11:32:45,Open short,USDT,XAGUSDT,0.02,72.18,1.4436,0.0,0.0,-0.000259848
2026-04-30 11:32:45,Open short,USDT,XAGUSDT,0.36,72.18,25.9848,0.0,0.0,-0.004677264
2026-04-30 11:32:45,Open short,USDT,XAGUSDT,0.16,72.18,11.5488,0.0,0.0,-0.002078784
2026-04-30 11:32:45,Open short,USDT,XAGUSDT,0.07,72.19,5.0533,0.0,0.0,-0.000909594
2026-04-30 10:29:56,Open long,USDT,XAGUSDT,0.4,72.66,29.064,0.0,0.0,0.0
2026-04-30 03:00:19,Close short,USDT,XAGUSDT,0.61,71.69,43.7309,-0.122,-0.129871562,-0.007871562
2026-04-29 21:42:59,Open short,USDT,XAGUSDT,0.61,71.49,43.6089,0.0,0.0,-0.007849602
2026-04-29 18:36:04,Close short,USDT,XAGUSDT,0.4,73.05,29.22,-0.148,-0.1532596,-0.0052596
2026-04-29 16:23:18,Open short,USDT,XAGUSDT,0.4,72.68,29.072,0.0,0.0,-0.00523296
2026-04-29 16:06:14,Close short,USDT,XAGUSDT,0.6,72.88,43.728,0.432,0.432,0.0
2026-04-29 14:00:00,Open short,USDT,XAGUSDT,0.6,73.6,44.16,0.0,0.0,-0.0079488
2026-04-28 22:17:36,Close short,USDT,XAUUSDT,0.01,4574.32,45.7432,0.0566,0.048366224,-0.008233776
2026-04-28 21:06:20,Open short,USDT,XAUUSDT,0.01,4579.98,45.7998,0.0,0.0,-0.008243964
2026-04-28 20:16:19,Close short,USDT,XAGUSDT,0.4,72.89,29.156,-0.216,-0.22124808,-0.00524808
2026-04-28 19:37:08,Open short,USDT,XAGUSDT,0.4,72.35,28.94,0.0,0.0,-0.0052092
2026-04-28 19:36:06,Close short,USDT,XAUUSDT,0.01,4584.54,45.8454,0.2465,0.2465,0.0
2026-04-28 18:01:15,Open short,USDT,XAUUSDT,0.01,4609.19,46.0919,0.0,0.0,0.0
2026-04-28 13:40:01,Close short,USDT,XAUUSDT,0.01,4630.51,46.3051,0.1894,0.1894,0.0
2026-04-28 13:11:22,Open short,USDT,XAUUSDT,0.01,4649.45,46.4945,0.0,0.0,-0.00836901
2026-04-28 13:08:03,Close short,USDT,BTCUSDT,0.0007,76998.4,53.89888,-0.21147,-0.243809328,-0.032339328
2026-04-28 10:00:00,Close short,USDT,XAGUSDT,0.39,74.6,29.094,0.234,0.234,0.0
2026-04-28 09:45:48,Open short,USDT,XAGUSDT,0.02,75.2,1.504,0.0,0.0,-0.00027072
2026-04-28 09:45:48,Open short,USDT,XAGUSDT,0.02,75.2,1.504,0.0,0.0,-0.00027072
2026-04-28 09:45:48,Open short,USDT,XAGUSDT,0.02,75.2,1.504,0.0,0.0,-0.00027072
2026-04-28 09:45:48,Open short,USDT,XAGUSDT,0.1,75.2,7.52,0.0,0.0,-0.0013536
2026-04-28 09:45:48,Open short,USDT,XAGUSDT,0.07,75.2,5.264,0.0,0.0,-0.00094752
2026-04-28 09:45:48,Open short,USDT,XAGUSDT,0.16,75.2,12.032,0.0,0.0,-0.00216576
2026-04-28 00:04:05,Open short,USDT,BTCUSDT,0.0007,76696.3,53.68741,0.0,0.0,-0.010737482
2026-04-28 00:01:29,Close long,USDT,XAGUSDT,0.47,74.84,35.1748,-0.1598,-0.166131464,-0.006331464
2026-04-27 23:31:45,Open long,USDT,XAGUSDT,0.47,75.18,35.3346,0.0,0.0,0.0
2026-04-27 22:53:38,Close long,USDT,XAGUSDT,0.26,74.98,19.4948,-0.091,-0.094509064,-0.003509064
2026-04-27 22:53:38,Close long,USDT,XAGUSDT,0.08,74.98,5.9984,-0.028,-0.029079712,-0.001079712
2026-04-27 22:53:38,Close long,USDT,XAGUSDT,0.05,74.98,3.749,-0.0175,-0.01817482,-0.00067482
2026-04-27 22:37:22,Open long,USDT,XAGUSDT,0.39,75.33,29.3787,0.0,0.0,0.0
2026-04-25 00:08:57,Close long,USDT,XAUUSDT,0.01,4719.29,47.1929,-0.0799,-0.088394722,-0.008494722
2026-04-24 23:47:13,Open long,USDT,XAUUSDT,0.01,4727.28,47.2728,0.0,0.0,0.0
2026-04-24 23:45:06,Close short,USDT,BTCUSDT,0.0001,78030.0,7.803,-0.01282,-0.0175018,-0.0046818
2026-04-24 23:45:06,Close short,USDT,BTCUSDT,0.0002,78030.0,15.606,-0.02564,-0.0350036,-0.0093636
2026-04-24 23:06:41,Close short,USDT,BTCUSDT,0.0004,77549.3,31.01972,0.141,0.134796056,-0.006203944
2026-04-24 21:56:55,Open short,USDT,BTCUSDT,0.0007,77901.8,54.53126,0.0,0.0,-0.010906252
2026-04-24 19:04:52,Close long,USDT,BTCUSDT,0.0007,77975.1,54.58257,0.32858,0.317663486,-0.010916514
2026-04-24 17:20:54,Open long,USDT,BTCUSDT,0.0007,77505.7,54.25399,0.0,0.0,-0.010850798
2026-04-24 15:03:04,Close short,USDT,XAGUSDT,0.31,74.49,23.0919,-0.1023,-0.106456542,-0.004156542
2026-04-24 15:03:04,Close short,USDT,XAGUSDT,0.02,74.49,1.4898,-0.0066,-0.006868164,-0.000268164
2026-04-24 15:03:04,Close short,USDT,XAGUSDT,0.14,74.49,10.4286,-0.0462,-0.048077148,-0.001877148
2026-04-24 15:03:04,Close short,USDT,XAGUSDT,0.15,74.49,11.1735,-0.0495,-0.05151123,-0.00201123
2026-04-24 15:03:04,Close short,USDT,XAGUSDT,0.01,74.49,0.7449,-0.0033,-0.003434082,-0.000134082
2026-04-24 14:50:07,Open short,USDT,XAGUSDT,0.63,74.16,46.7208,0.0,0.0,-0.008409744
2026-04-24 14:22:51,Close long,USDT,XAGUSDT,0.07,74.68,5.2276,-0.0273,-0.028240968,-0.000940968
2026-04-24 14:22:51,Close long,USDT,XAGUSDT,0.03,74.68,2.2404,-0.0117,-0.012103272,-0.000403272
2026-04-24 14:22:51,Close long,USDT,XAGUSDT,0.02,74.68,1.4936,-0.0078,-0.008068848,-0.000268848
2026-04-24 14:22:51,Close long,USDT,XAGUSDT,0.17,74.68,12.6956,-0.0663,-0.068585208,-0.002285208
2026-04-24 14:22:51,Close long,USDT,XAGUSDT,0.06,74.68,4.4808,-0.0234,-0.024206544,-0.000806544
2026-04-24 14:22:51,Close long,USDT,XAGUSDT,0.27,74.68,20.1636,-0.1053,-0.108929448,-0.003629448
2026-04-24 12:56:08,Open long,USDT,XAGUSDT,0.62,75.07,46.5434,0.0,0.0,-0.008377812
2026-04-23 22:26:23,Close short,USDT,XAGUSDT,0.38,76.19,28.9522,-0.1824,-0.187611396,-0.005211396
2026-04-23 22:06:34,Open short,USDT,XAGUSDT,0.38,75.71,28.7698,0.0,0.0,-0.005178564
2026-04-23 21:10:12,Close long,USDT,XAGUSDT,0.28,76.48,21.4144,0.042,0.038145408,-0.003854592
2026-04-23 20:26:49,Close long,USDT,XAGUSDT,0.29,76.71,22.2459,0.1102,0.1102,0.0
2026-04-23 20:17:14,Open long,USDT,XAGUSDT,0.57,76.33,43.5081,0.0,0.0,-0.007831458
2026-04-23 18:40:50,Close short,USDT,XAGUSDT,0.06,74.52,4.4712,0.006,0.005195184,-0.000804816
2026-04-23 18:40:50,Close short,USDT,XAGUSDT,0.03,74.52,2.2356,0.003,0.002597592,-0.000402408
2026-04-23 18:40:50,Close short,USDT,XAGUSDT,0.1,74.52,7.452,0.01,0.00865864,-0.00134136
2026-04-23 18:27:03,Open short,USDT,XAGUSDT,0.19,74.62,14.1778,0.0,0.0,0.0
2026-04-23 18:22:05,Close short,USDT,XAGUSDT,0.35,74.62,26.117,0.294,0.294,0.0
2026-04-23 18:08:58,Close short,USDT,XAGUSDT,0.35,75.18,26.313,0.098,0.098,0.0
2026-04-23 17:41:11,Open short,USDT,XAGUSDT,0.7,75.46,52.822,0.0,0.0,-0.00950796
2026-04-22 22:20:39,Close short,USDT,XAGUSDT,0.6,78.32,46.992,-0.156,-0.16445856,-0.00845856
2026-04-22 22:20:39,Close short,USDT,XAGUSDT,0.15,78.31,11.7465,-0.0375,-0.03961437,-0.00211437
2026-04-22 22:05:17,Open short,USDT,XAGUSDT,0.75,78.06,58.545,0.0,0.0,-0.0105381
2026-04-22 21:25:36,Close short,USDT,XAGUSDT,0.56,77.88,43.6128,-0.0112,-0.019050304,-0.007850304
2026-04-22 21:25:36,Close short,USDT,XAGUSDT,0.01,77.88,0.7788,-0.0002,-0.000340184,-0.000140184
2026-04-22 20:33:08,Open short,USDT,XAGUSDT,0.57,77.86,44.3802,0.0,0.0,0.0
2026-04-22 19:30:19,Close short,USDT,XAGUSDT,0.56,78.15,43.764,0.056,0.04812248,-0.00787752
2026-04-22 14:09:14,Open short,USDT,XAGUSDT,0.56,78.25,43.82,0.0,0.0,-0.0078876
2026-04-22 13:58:22,Close long,USDT,XAGUSDT,0.75,78.46,58.845,-0.105,-0.1155921,-0.0105921
2026-04-22 13:37:20,Open long,USDT,XAGUSDT,0.02,78.6,1.572,0.0,0.0,-0.00028296
2026-04-22 13:37:20,Open long,USDT,XAGUSDT,0.73,78.6,57.378,0.0,0.0,-0.01032804
2026-04-22 13:37:10,Close short,USDT,XAGUSDT,0.67,78.6,52.662,-0.157800000001,-0.167279160001,-0.00947916
2026-04-22 13:30:37,Open short,USDT,XAGUSDT,0.52,78.36,40.7472,0.0,0.0,-0.007334496
2026-04-22 13:30:37,Open short,USDT,XAGUSDT,0.15,78.38,11.757,0.0,0.0,-0.00211626
2026-04-22 13:29:19,Close long,USDT,XAGUSDT,0.75,78.39,58.7925,-0.1575,-0.16808265,-0.01058265
2026-04-22 13:25:20,Open long,USDT,XAGUSDT,0.75,78.6,58.95,0.0,0.0,-0.010611
2026-04-22 13:17:12,Close long,USDT,ETHUSDT,0.04,2381.07,95.2428,0.5108,0.49175144,-0.01904856
2026-04-22 13:16:22,Close short,USDT,XAGUSDT,0.6,78.47,47.082,-0.264,-0.27247476,-0.00847476
2026-04-22 11:38:09,Open short,USDT,XAGUSDT,0.6,78.03,46.818,0.0,0.0,-0.00842724
2026-04-22 11:31:27,Open long,USDT,ETHUSDT,0.02,2360.43,47.2086,0.0,0.0,-0.00944172
2026-04-22 11:25:16,Close short,USDT,XAGUSDT,0.56,78.1,43.736,-0.028,-0.03587248,-0.00787248
2026-04-22 11:20:09,Open short,USDT,XAGUSDT,0.56,78.05,43.708,0.0,0.0,-0.00786744
2026-04-22 11:06:43,Open long,USDT,ETHUSDT,0.02,2376.17,47.5234,0.0,0.0,-0.00950468
2026-04-22 01:43:53,Close short,USDT,XAGUSDT,0.76,76.93,58.4668,0.0152,0.004675976,-0.010524024
2026-04-21 22:58:24,Open short,USDT,XAGUSDT,0.76,76.95,58.482,0.0,0.0,-0.01052676
2026-04-21 15:16:38,Close short,USDT,XAUUSDT,0.01,4782.55,47.8255,-0.0504,-0.05900859,-0.00860859
2026-04-21 15:10:09,Open short,USDT,XAUUSDT,0.01,4777.51,47.7751,0.0,0.0,-0.008599518
2026-04-20 08:33:33,Close long,USDT,XAGUSDT,0.37,79.58,29.4446,0.2331,0.2331,0.0
2026-04-20 07:53:06,Open long,USDT,XAGUSDT,0.37,78.95,29.2115,0.0,0.0,-0.00525807
2026-04-18 01:08:56,Close long,USDT,XAGUSDT,0.46,81.91,37.6786,-0.3818,-0.388582148,-0.006782148
2026-04-17 23:07:59,Open long,USDT,XAGUSDT,0.46,82.74,38.0604,0.0,0.0,-0.006850872
2026-04-17 15:23:24,Close short,USDT,XAGUSDT,0.56,78.71,44.0776,-0.0728,-0.080733968,-0.007933968
2026-04-17 14:30:07,Open short,USDT,XAGUSDT,0.56,78.58,44.0048,0.0,0.0,-0.007920864
2026-04-17 00:00:44,Close short,USDT,XAGUSDT,0.37,78.98,29.2226,-0.1258,-0.131060068,-0.005260068
2026-04-16 23:34:41,Open short,USDT,XAGUSDT,0.37,78.64,29.0968,0.0,0.0,-0.005237424
2026-04-16 17:53:23,Close short,USDT,XAGUSDT,0.74,79.61,58.9114,0.0222,0.011595948,-0.010604052
2026-04-16 17:25:41,Open short,USDT,XAGUSDT,0.74,79.64,58.9336,0.0,0.0,-0.010608048
2026-04-16 15:30:36,Close short,USDT,XAGUSDT,0.55,80.28,44.154,0.0165,0.00855228,-0.00794772
2026-04-16 14:58:09,Open short,USDT,XAGUSDT,0.55,80.31,44.1705,0.0,0.0,-0.00795069
2026-04-16 14:50:42,Close short,USDT,XAGUSDT,0.54,80.43,43.4322,0.0432,0.035382204,-0.007817796
2026-04-16 13:35:25,Open short,USDT,XAGUSDT,0.54,80.51,43.4754,0.0,0.0,-0.007825572
2026-04-16 13:35:00,Close long,USDT,XAGUSDT,0.54,80.53,43.4862,-0.0594,-0.067227516,-0.007827516
2026-04-16 12:58:54,Open long,USDT,XAGUSDT,0.04,80.64,3.2256,0.0,0.0,-0.000580608
2026-04-16 12:58:54,Open long,USDT,XAGUSDT,0.34,80.64,27.4176,0.0,0.0,-0.004935168
2026-04-16 12:58:54,Open long,USDT,XAGUSDT,0.02,80.64,1.6128,0.0,0.0,-0.000290304
2026-04-16 12:58:54,Open long,USDT,XAGUSDT,0.14,80.64,11.2896,0.0,0.0,-0.002032128
2026-04-15 22:30:49,Close long,USDT,XAGUSDT,0.28,80.09,22.4252,0.322,0.317963464,-0.004036536
2026-04-15 21:40:17,Close long,USDT,XAGUSDT,0.28,79.71,22.3188,0.2156,0.2156,0.0
2026-04-15 21:05:06,Open long,USDT,XAGUSDT,0.56,78.94,44.2064,0.0,0.0,-0.007957152
2026-04-15 18:46:30,Close short,USDT,XAGUSDT,0.37,78.78,29.1486,-0.1443,-0.149546748,-0.005246748
2026-04-15 18:26:22,Open short,USDT,XAGUSDT,0.37,78.39,29.0043,0.0,0.0,-0.005220774
2026-04-15 17:58:28,Close short,USDT,XAGUSDT,0.56,78.48,43.9488,0.028,0.020089216,-0.007910784
2026-04-15 17:39:33,Open short,USDT,XAGUSDT,0.56,78.53,43.9768,0.0,0.0,-0.007915824
2026-04-15 17:13:39,Close short,USDT,XAGUSDT,0.27,78.85,21.2895,0.0621,0.05826789,-0.00383211
2026-04-15 17:13:39,Close short,USDT,XAGUSDT,0.28,78.79,22.0612,0.0812,0.077228984,-0.003971016
2026-04-15 17:05:46,Open short,USDT,XAGUSDT,0.55,79.08,43.494,0.0,0.0,-0.00782892
2026-04-15 15:06:23,Close long,USDT,XAGUSDT,0.37,79.12,29.2744,-0.1591,-0.164369392,-0.005269392
2026-04-15 14:00:51,Open long,USDT,XAGUSDT,0.37,79.55,29.4335,0.0,0.0,-0.00529803
2026-04-15 13:25:10,Close long,USDT,XAGUSDT,0.36,79.7,28.692,-0.0396,-0.04476456,-0.00516456
2026-04-15 12:59:44,Open long,USDT,XAGUSDT,0.36,79.81,28.7316,0.0,0.0,-0.005171688
2026-04-15 00:04:16,Close long,USDT,XAGUSDT,0.22,79.4,17.468,0.1166,0.1166,0.0
2026-04-14 23:19:59,Open long,USDT,XAGUSDT,0.22,78.87,17.3514,0.0,0.0,-0.003123252
2026-04-14 23:10:18,Close long,USDT,XAUUSDT,0.01,4789.59,47.8959,-0.1231,-0.131721262,-0.008621262
2026-04-14 22:56:45,Open long,USDT,XAUUSDT,0.01,4801.9,48.019,0.0,0.0,-0.00864342
2026-04-14 22:44:50,Close long,USDT,XAUUSDT,0.01,4797.29,47.9729,-0.0576,-0.066235122,-0.008635122
2026-04-14 22:27:00,Open long,USDT,XAUUSDT,0.01,4803.05,48.0305,0.0,0.0,-0.00864549
2026-04-14 14:52:14,Close short,USDT,XAUUSDT,0.01,4771.6,47.716,-0.1588,-0.16738888,-0.00858888
2026-04-14 13:40:39,Open short,USDT,XAUUSDT,0.01,4755.72,47.5572,0.0,0.0,-0.008560296
2026-04-14 13:26:19,Close long,USDT,XAUUSDT,0.01,4761.88,47.6188,-0.0342,-0.042771384,-0.008571384
2026-04-14 13:20:39,Open long,USDT,XAUUSDT,0.01,4765.3,47.653,0.0,0.0,-0.00857754
2026-04-14 00:29:05,Close long,USDT,XAUUSDT,0.01,4729.52,47.2952,0.2106,0.2106,0.0
2026-04-13 23:35:39,Open long,USDT,XAUUSDT,0.01,4708.46,47.0846,0.0,0.0,-0.008475228
2026-04-13 19:41:09,Close long,USDT,XAUUSDT,0.01,4707.06,47.0706,-0.1348,-0.143272708,-0.008472708
2026-04-13 18:51:00,Open long,USDT,XAUUSDT,0.01,4720.54,47.2054,0.0,0.0,-0.008496972
2026-04-13 18:45:14,Close short,USDT,XAUUSDT,0.01,4716.86,47.1686,0.0135,0.005009652,-0.008490348
2026-04-13 16:45:31,Open short,USDT,XAUUSDT,0.01,4718.21,47.1821,0.0,0.0,-0.008492778
2026-04-13 13:57:07,Close short,USDT,XAUUSDT,0.01,4725.23,47.2523,-0.1336,-0.142105414,-0.008505414
2026-04-13 11:05:39,Open short,USDT,XAUUSDT,0.01,4711.87,47.1187,0.0,0.0,-0.008481366
2026-04-10 23:36:14,Close long,USDT,XAUUSDT,0.01,4766.74,47.6674,-0.2244,-0.232980132,-0.008580132
2026-04-10 22:25:01,Open long,USDT,XAUUSDT,0.01,4789.18,47.8918,0.0,0.0,-0.008620524
2026-04-10 16:07:11,Close short,USDT,BTCUSDT,0.0008,71517.1,57.21368,0.06632,0.031991792,-0.034328208
2026-04-10 15:49:50,Open short,USDT,BTCUSDT,0.0008,71600.0,57.28,0.0,0.0,-0.034368
2026-04-08 21:31:56,Close short,USDT,XAUUSDT,0.01,4781.47,47.8147,0.1492,0.1492,0.0
2026-04-08 21:15:56,Open short,USDT,XAUUSDT,0.01,4796.39,47.9639,0.0,0.0,-0.008633502
2026-04-08 20:22:00,Close long,USDT,XAUUSDT,0.01,4780.83,47.8083,-0.2273,-0.235905494,-0.008605494
2026-04-08 20:05:51,Open long,USDT,XAUUSDT,0.01,4803.56,48.0356,0.0,0.0,-0.008646408
2026-04-08 18:55:38,Close long,USDT,XAUUSDT,0.01,4788.0,47.88,-0.0617,-0.0703184,-0.0086184
2026-04-08 18:50:22,Open long,USDT,XAUUSDT,0.01,4794.17,47.9417,0.0,0.0,-0.008629506
2026-04-08 17:44:43,Close short,USDT,XAUUSDT,0.01,4778.74,47.7874,0.2016,0.2016,0.0
2026-04-08 16:50:39,Open short,USDT,XAUUSDT,0.01,4798.9,47.989,0.0,0.0,0.0
2026-04-08 16:29:58,Close short,USDT,XAUUSDT,0.01,4807.8,48.078,-0.0028,-0.01145404,-0.00865404
2026-04-08 15:38:14,Open short,USDT,XAUUSDT,0.01,4807.52,48.0752,0.0,0.0,-0.008653536
2026-04-08 14:56:40,Close long,USDT,XAUUSDT,0.01,4819.45,48.1945,-0.1226,-0.13127501,-0.00867501
2026-04-08 14:20:46,Open long,USDT,XAUUSDT,0.01,4831.71,48.3171,0.0,0.0,-0.008697078
2026-04-08 14:08:05,Close long,USDT,XAUUSDT,0.01,4823.78,48.2378,0.175,0.166317196,-0.008682804
2026-04-08 13:06:25,Open long,USDT,XAUUSDT,0.01,4806.28,48.0628,0.0,0.0,-0.008651304
2026-04-08 00:00:07,Close short,USDT,XAUUSDT,0.01,4656.72,46.5672,-0.1916,-0.199982096,-0.008382096
2026-04-07 22:55:02,Open short,USDT,XAUUSDT,0.01,4637.56,46.3756,0.0,0.0,-0.008347608
2026-04-07 18:26:12,Close long,USDT,XAUUSDT,0.02,4658.37,93.1674,-0.2926,-0.309370132,-0.016770132
2026-04-07 17:55:42,Open long,USDT,XAUUSDT,0.02,4673.0,93.46,0.0,0.0,-0.0168228
2026-04-07 17:46:27,Close long,USDT,XAUUSDT,0.01,4662.44,46.6244,-0.2086,-0.216992392,-0.008392392
2026-04-07 16:36:22,Open long,USDT,XAUUSDT,0.01,4683.3,46.833,0.0,0.0,-0.00842994
2026-04-07 15:36:13,Close short,USDT,XAUUSDT,0.01,4646.05,46.4605,0.0283,0.01993711,-0.00836289
2026-04-07 15:16:06,Open short,USDT,XAUUSDT,0.01,4648.88,46.4888,0.0,0.0,-0.008367984
2026-04-07 13:55:23,Close short,USDT,XAUUSDT,0.01,4640.76,46.4076,0.0683,0.059946632,-0.008353368
2026-04-07 13:25:10,Open short,USDT,XAUUSDT,0.01,4647.59,46.4759,0.0,0.0,-0.008365662
2026-04-06 23:38:32,Close long,USDT,XAUUSDT,0.01,4655.18,46.5518,-0.1039,-0.112279324,-0.008379324
2026-04-06 23:20:33,Open long,USDT,XAUUSDT,0.01,4665.57,46.6557,0.0,0.0,-0.008398026
2026-04-06 22:20:04,Close short,USDT,XAUUSDT,0.01,4683.96,46.8396,-0.0026,-0.011031128,-0.008431128
2026-04-06 18:26:44,Open short,USDT,XAUUSDT,0.01,4683.7,46.837,0.0,0.0,-0.00843066
2026-04-06 15:49:27,Close short,USDT,XAUUSDT,0.01,4666.64,46.6664,-0.1933,-0.201699952,-0.008399952
2026-04-06 15:23:12,Open short,USDT,XAUUSDT,0.01,4647.31,46.4731,0.0,0.0,0.0
2026-04-06 15:18:16,Close long,USDT,XAUUSDT,0.01,4648.69,46.4869,-0.1203,-0.128667642,-0.008367642
2026-04-06 14:12:36,Open long,USDT,XAUUSDT,0.01,4660.72,46.6072,0.0,0.0,-0.008389296
2026-04-06 11:03:17,Close short,USDT,XAUUSDT,0.01,4634.37,46.3437,0.2381,0.2381,0.0
2026-04-06 10:32:21,Open short,USDT,XAUUSDT,0.01,4658.18,46.5818,0.0,0.0,-0.008384724
2026-04-02 23:45:28,Close long,USDT,XAUUSDT,0.01,4659.55,46.5955,-0.1001,-0.10848719,-0.00838719
2026-04-02 23:36:39,Open long,USDT,XAUUSDT,0.01,4669.56,46.6956,0.0,0.0,-0.008405208
2026-04-02 23:25:19,Close long,USDT,XAUUSDT,0.01,4655.55,46.5555,0.0187,0.01032001,-0.00837999
2026-04-02 22:11:32,Open long,USDT,XAUUSDT,0.01,4653.68,46.5368,0.0,0.0,-0.008376624
2026-04-02 19:43:17,Close short,USDT,XAUUSDT,0.01,4592.45,45.9245,0.2772,0.2772,0.0
2026-04-02 16:57:11,Open short,USDT,XAUUSDT,0.01,4620.17,46.2017,0.0,0.0,-0.008316306
2026-04-02 16:57:07,Close long,USDT,XAUUSDT,0.01,4620.73,46.2073,-0.0082,-0.016517314,-0.008317314
2026-04-02 16:57:03,Open long,USDT,XAUUSDT,0.01,4621.55,46.2155,0.0,0.0,-0.00831879
2026-04-02 14:20:40,Close short,USDT,XAUUSDT,0.01,4592.76,45.9276,-0.0191,-0.027366968,-0.008266968
2026-04-02 13:50:11,Open short,USDT,XAUUSDT,0.01,4590.85,45.9085,0.0,0.0,-0.00826353
2026-04-01 14:35:31,Close long,USDT,XAUUSDT,0.01,4701.45,47.0145,0.029,0.02053739,-0.00846261
2026-04-01 13:41:08,Open long,USDT,XAUUSDT,0.01,4698.55,46.9855,0.0,0.0,-0.00845739
2026-03-31 20:37:30,Close short,USDT,XAUUSDT,0.01,4588.16,45.8816,-0.1501,-0.158358688,-0.008258688
2026-03-31 20:15:11,Open short,USDT,XAUUSDT,0.01,4573.15,45.7315,0.0,0.0,-0.00823167
2026-03-31 17:30:52,Close short,USDT,XAUUSDT,0.01,4555.3,45.553,0.0934,0.0934,0.0
2026-03-31 17:02:36,Open short,USDT,XAUUSDT,0.01,4564.64,45.6464,0.0,0.0,-0.008216352
2026-03-31 13:39:53,Close short,USDT,XAUUSDT,0.02,4576.11,91.5222,-0.4444,-0.460873996,-0.016473996
2026-03-31 13:31:01,Open short,USDT,XAUUSDT,0.01,4558.43,45.5843,0.0,0.0,0.0
2026-03-31 13:13:38,Open short,USDT,XAUUSDT,0.01,4549.35,45.4935,0.0,0.0,0.0
2026-03-31 13:13:17,Close long,USDT,XAUUSDT,0.01,4551.82,45.5182,-0.1559,-0.164093276,-0.008193276
2026-03-31 13:07:30,Open long,USDT,XAUUSDT,0.01,4567.41,45.6741,0.0,0.0,0.0
2026-03-30 12:13:21,Close long,USDT,XAUUSDT,0.01,4492.15,44.9215,-0.2345,-0.24258587,-0.00808587
2026-03-30 11:25:05,Open long,USDT,XAUUSDT,0.01,4515.6,45.156,0.0,0.0,-0.00812808
2026-03-27 10:49:02,Close long,USDT,XAUUSDT,0.01,4433.68,44.3368,-0.0341,-0.042080624,-0.007980624
2026-03-27 10:11:25,Open long,USDT,XAUUSDT,0.01,4437.09,44.3709,0.0,0.0,-0.007986762
2026-03-26 21:37:36,Close short,USDT,XAUUSDT,0.01,4446.76,44.4676,0.0272,0.019195832,-0.008004168
2026-03-26 21:23:05,Open short,USDT,XAUUSDT,0.01,4449.48,44.4948,0.0,0.0,0.0
2026-03-26 16:56:00,Close short,USDT,XAGUSDT,0.21,68.54,14.3934,0.1596,0.157009188,-0.002590812
2026-03-26 16:56:00,Close short,USDT,XAGUSDT,0.02,68.54,1.3708,0.0152,0.014953256,-0.000246744
2026-03-26 16:56:00,Close short,USDT,XAGUSDT,0.15,68.54,10.281,0.114,0.11214942,-0.00185058
2026-03-26 16:56:00,Close short,USDT,XAGUSDT,0.02,68.54,1.3708,0.0152,0.014953256,-0.000246744
2026-03-26 16:56:00,Close short,USDT,XAGUSDT,0.02,68.54,1.3708,0.0152,0.014953256,-0.000246744
2026-03-26 14:14:37,Open short,USDT,XAGUSDT,0.42,69.3,29.106,0.0,0.0,-0.00523908
2026-03-26 14:09:16,Close short,USDT,XAGUSDT,0.42,69.76,29.2992,0.1848,0.179526144,-0.005273856
2026-03-26 13:52:06,Open short,USDT,XAGUSDT,0.42,70.2,29.484,0.0,0.0,-0.00530712
2026-03-26 11:29:06,Close short,USDT,XAGUSDT,0.19,71.56,13.5964,0.0038,0.001352648,-0.002447352
2026-03-26 11:29:06,Close short,USDT,XAGUSDT,0.22,71.56,15.7432,0.0044,0.001566224,-0.002833776
2026-03-26 10:35:32,Open short,USDT,XAGUSDT,0.41,71.58,29.3478,0.0,0.0,-0.005282604
2026-03-25 10:51:45,Close long,USDT,XAUUSDT,0.01,4588.61,45.8861,0.0103,0.002040502,-0.008259498
2026-03-25 10:18:50,Open long,USDT,XAUUSDT,0.01,4587.58,45.8758,0.0,0.0,0.0
2026-03-25 01:05:10,Close long,USDT,XAGUSDT,0.29,69.34,20.1086,-0.1885,-0.192119548,-0.003619548
2026-03-25 00:16:47,Open long,USDT,XAGUSDT,0.29,69.99,20.2971,0.0,0.0,-0.003653478
2026-03-24 17:06:29,Close long,USDT,XAGUSDT,0.42,69.52,29.1984,-0.0126,-0.017855712,-0.005255712
2026-03-24 16:41:41,Open long,USDT,XAGUSDT,0.42,69.55,29.211,0.0,0.0,-0.00525798
2026-03-24 16:36:33,Close short,USDT,BTCUSDT,0.0004,70995.1,28.39804,0.01832,0.001281176,-0.017038824
2026-03-24 16:16:13,Open short,USDT,BTCUSDT,0.0004,71040.9,28.41636,0.0,0.0,-0.005683272
2026-03-24 16:05:15,Close long,USDT,XAGUSDT,0.21,69.61,14.6181,-0.0735,-0.076131258,-0.002631258
2026-03-24 15:50:56,Open long,USDT,XAGUSDT,0.21,69.96,14.6916,0.0,0.0,-0.002644488
2026-03-24 15:23:36,Close long,USDT,XAGUSDT,0.42,69.5,29.19,0.168,0.1627458,-0.0052542
2026-03-24 14:55:51,Open long,USDT,XAGUSDT,0.42,69.1,29.022,0.0,0.0,-0.00522396
2026-03-23 18:37:32,Close long,USDT,XAGUSDT,0.46,63.65,29.279,-0.2254,-0.23067022,-0.00527022
2026-03-23 18:10:53,Open long,USDT,XAGUSDT,0.46,64.14,29.5044,0.0,0.0,-0.005310792
2026-03-23 14:15:05,Close short,USDT,XAGUSDT,0.18,64.16,11.5488,0.0162,0.014121216,-0.002078784
2026-03-23 14:15:05,Close short,USDT,XAGUSDT,0.08,64.16,5.1328,0.0072,0.006276096,-0.000923904
2026-03-23 14:15:05,Close short,USDT,XAGUSDT,0.1,64.16,6.416,0.009,0.00784512,-0.00115488
2026-03-23 14:15:05,Close short,USDT,XAGUSDT,0.02,64.16,1.2832,0.0018,0.001569024,-0.000230976
2026-03-23 14:15:05,Close short,USDT,XAGUSDT,0.08,64.16,5.1328,0.0072,0.006276096,-0.000923904
2026-03-23 13:50:54,Open short,USDT,XAGUSDT,0.46,64.25,29.555,0.0,0.0,0.0
2026-03-23 13:30:16,Close long,USDT,XAGUSDT,0.44,65.34,28.7496,-0.5852,-0.590374928,-0.005174928
2026-03-23 13:06:43,Open long,USDT,XAGUSDT,0.44,66.67,29.3348,0.0,0.0,0.0
2026-03-22 17:41:37,Close short,USDT,BTCUSDT,0.0008,68793.1,55.03448,0.30176,0.268739312,-0.033020688
2026-03-22 13:15:39,Open short,USDT,BTCUSDT,0.0008,69170.3,55.33624,0.0,0.0,-0.011067248
2026-03-20 20:19:24,Close long,USDT,XAUUSDT,0.01,4692.79,46.9279,0.0,0.0,0.0
2026-03-20 20:10:24,Open long,USDT,XAUUSDT,0.01,4692.79,46.9279,0.0,0.0,0.0
2026-03-20 18:05:08,Close short,USDT,XAGUSDT,0.41,71.63,29.3683,0.0328,0.027513706,-0.005286294
2026-03-20 18:01:00,Open short,USDT,XAGUSDT,0.41,71.71,29.4011,0.0,0.0,0.0
2026-03-20 14:20:29,Close short,USDT,XAGUSDT,0.4,72.48,28.992,0.128,0.128,0.0
2026-03-20 14:10:06,Open short,USDT,XAGUSDT,0.4,72.8,29.12,0.0,0.0,0.0
2026-03-20 14:00:02,Close short,USDT,XAGUSDT,0.4,72.54,29.016,-0.032,-0.03722288,-0.00522288
2026-03-20 13:55:09,Open short,USDT,XAGUSDT,0.4,72.46,28.984,0.0,0.0,-0.00521712
2026-03-20 12:40:07,Close short,USDT,ETHUSDT,0.03,2139.44,64.1832,0.156499999999,0.143663359999,-0.01283664
2026-03-20 12:22:51,Open short,USDT,ETHUSDT,0.01,2152.45,21.5245,0.0,0.0,-0.0043049
2026-03-20 11:44:39,Open short,USDT,ETHUSDT,0.01,2147.68,21.4768,0.0,0.0,-0.00429536
2026-03-20 10:33:32,Open short,USDT,ETHUSDT,0.01,2133.84,21.3384,0.0,0.0,-0.00426768
2026-03-20 10:17:48,Close long,USDT,XAGUSDT,0.4,74.03,29.612,-0.02,-0.02,0.0
2026-03-20 10:11:05,Open long,USDT,XAGUSDT,0.4,74.08,29.632,0.0,0.0,-0.00533376
2026-03-20 09:47:10,Close long,USDT,XAGUSDT,0.08,74.26,5.9408,0.0032,0.002130656,-0.001069344
2026-03-20 09:47:10,Close long,USDT,XAGUSDT,0.08,74.26,5.9408,0.0032,0.002130656,-0.001069344
2026-03-20 09:47:10,Close long,USDT,XAGUSDT,0.02,74.26,1.4852,0.0008,0.000532664,-0.000267336
2026-03-20 09:47:10,Close long,USDT,XAGUSDT,0.21,74.26,15.5946,0.0084,0.005592972,-0.002807028
2026-03-20 09:38:03,Open long,USDT,XAGUSDT,0.39,74.22,28.9458,0.0,0.0,0.0
2026-03-19 21:42:04,Close short,USDT,XAGUSDT,0.43,67.79,29.1497,0.0258,0.0258,0.0
2026-03-19 21:25:15,Open short,USDT,XAGUSDT,0.43,67.85,29.1755,0.0,0.0,-0.00525159
2026-03-19 18:53:32,Close short,USDT,XAGUSDT,1.24,71.09,88.1516,-0.000800000001,-0.000800000001,0.0
2026-03-19 16:53:06,Open short,USDT,XAGUSDT,0.41,71.68,29.3888,0.0,0.0,0.0
2026-03-19 16:52:18,Open short,USDT,XAGUSDT,0.16,71.42,11.4272,0.0,0.0,0.0
2026-03-19 16:51:34,Open short,USDT,XAGUSDT,0.25,71.42,17.855,0.0,0.0,0.0
2026-03-19 16:45:09,Open short,USDT,XAGUSDT,0.42,70.19,29.4798,0.0,0.0,-0.005306364
2026-03-19 15:39:24,Close short,USDT,XAGUSDT,0.38,72.5,27.55,0.019,0.014041,-0.004959
2026-03-19 15:39:24,Close short,USDT,XAGUSDT,0.02,72.5,1.45,0.001,0.000739,-0.000261
2026-03-19 15:25:09,Open short,USDT,XAGUSDT,0.4,72.55,29.02,0.0,0.0,-0.0052236
2026-03-19 14:55:12,Close short,USDT,XAGUSDT,0.2,72.48,14.496,0.208,0.20539072,-0.00260928
2026-03-19 14:47:35,Close short,USDT,XAGUSDT,0.2,72.46,14.492,0.212,0.212,0.0
2026-03-19 14:30:06,Open short,USDT,XAGUSDT,0.4,73.52,29.408,0.0,0.0,0.0
2026-03-18 23:03:02,Close short,USDT,ETHUSDT,0.01,2183.05,21.8305,0.0245,0.0114017,-0.0130983
2026-03-18 23:00:14,Open short,USDT,ETHUSDT,0.01,2185.5,21.855,0.0,0.0,-0.013113
2026-03-18 20:46:06,Close short,USDT,ETHUSDT,0.01,2236.43,22.3643,0.2668,0.26232714,-0.00447286
2026-03-18 19:39:53,Open short,USDT,ETHUSDT,0.01,2263.11,22.6311,0.0,0.0,-0.00452622
2026-03-18 18:35:37,Close long,USDT,ETHUSDT,0.01,2325.73,23.2573,0.1151,0.10114562,-0.01395438
2026-03-18 15:44:08,Open long,USDT,ETHUSDT,0.01,2314.22,23.1422,0.0,0.0,-0.00462844
2026-03-17 21:32:40,Close short,USDT,ETHUSDT,0.01,2336.45,23.3645,-0.2907,-0.3047187,-0.0140187
2026-03-17 17:18:29,Open short,USDT,ETHUSDT,0.01,2307.38,23.0738,0.0,0.0,-0.00461476
2026-03-17 15:35:41,Close long,USDT,ETHUSDT,0.01,2329.67,23.2967,0.1273,0.11332198,-0.01397802
2026-03-17 14:16:13,Open long,USDT,ETHUSDT,0.01,2316.94,23.1694,0.0,0.0,-0.00463388
2026-03-17 14:10:12,Close short,USDT,ETHUSDT,0.01,2304.81,23.0481,-0.0446,-0.05842886,-0.01382886
2026-03-17 13:47:33,Open short,USDT,ETHUSDT,0.01,2300.35,23.0035,0.0,0.0,-0.0046007
2026-03-14 09:54:58,Close short,USDT,ETHUSDT,0.01,2093.68,20.9368,-0.1146,-0.12716208,-0.01256208
2026-03-14 08:45:29,Open short,USDT,ETHUSDT,0.01,2082.22,20.8222,0.0,0.0,-0.01249332
2026-03-14 01:16:18,Close short,USDT,ETHUSDT,0.01,2138.34,21.3834,-0.1456,-0.15843004,-0.01283004
2026-03-14 00:03:25,Open short,USDT,ETHUSDT,0.01,2123.78,21.2378,0.0,0.0,-0.00424756
2026-03-13 22:56:36,Close short,USDT,ETHUSDT,0.01,2147.12,21.4712,0.1666,0.16230576,-0.00429424
2026-03-13 22:50:23,Open short,USDT,ETHUSDT,0.01,2163.78,21.6378,0.0,0.0,-0.01298268
2026-03-13 21:50:47,Close short,USDT,ETHUSDT,0.01,2190.75,21.9075,-0.0847,-0.0978445,-0.0131445
2026-03-13 21:26:30,Open short,USDT,ETHUSDT,0.01,2182.28,21.8228,0.0,0.0,-0.00436456
2026-03-13 21:18:50,Close long,USDT,ETHUSDT,0.01,2182.48,21.8248,0.2541,0.24973504,-0.00436496
2026-03-13 21:17:16,Open long,USDT,ETHUSDT,0.01,2157.07,21.5707,0.0,0.0,-0.00431414
2026-03-13 15:00:44,Close long,USDT,XAGUSDT,0.5,82.59,41.295,-0.05,-0.0574331,-0.0074331
2026-03-13 14:55:39,Open long,USDT,XAGUSDT,0.5,82.69,41.345,0.0,0.0,-0.0074421
2026-03-13 13:38:49,Close short,USDT,XAGUSDT,0.35,83.8,29.33,0.1225,0.1225,0.0
2026-03-13 13:30:10,Open short,USDT,XAGUSDT,0.06,84.15,5.049,0.0,0.0,-0.00090882
2026-03-13 13:30:10,Open short,USDT,XAGUSDT,0.29,84.15,24.4035,0.0,0.0,-0.00439263
2026-03-13 11:28:47,Close short,USDT,XAGUSDT,0.34,84.36,28.6824,0.1394,0.1394,0.0
2026-03-13 10:46:26,Open short,USDT,XAGUSDT,0.34,84.77,28.8218,0.0,0.0,0.0
2026-03-12 22:45:33,Close short,USDT,XAGUSDT,0.34,85.77,29.1618,-0.0068,-0.012049124,-0.005249124
2026-03-12 22:23:40,Open short,USDT,XAGUSDT,0.32,85.75,27.44,0.0,0.0,-0.0049392
2026-03-12 22:23:40,Open short,USDT,XAGUSDT,0.02,85.75,1.715,0.0,0.0,-0.0003087
2026-03-12 21:57:51,Close short,USDT,XAGUSDT,0.23,86.05,19.7915,0.0138,0.01023753,-0.00356247
2026-03-12 21:57:51,Close short,USDT,XAGUSDT,0.08,86.05,6.884,0.0048,0.00356088,-0.00123912
2026-03-12 21:57:51,Close short,USDT,XAGUSDT,0.03,86.05,2.5815,0.0018,0.00133533,-0.00046467
2026-03-12 21:36:09,Open short,USDT,XAGUSDT,0.08,86.11,6.8888,0.0,0.0,-0.001239984
2026-03-12 21:36:09,Open short,USDT,XAGUSDT,0.09,86.11,7.7499,0.0,0.0,-0.001394982
2026-03-12 21:36:09,Open short,USDT,XAGUSDT,0.17,86.11,14.6387,0.0,0.0,-0.002634966
2026-03-12 21:05:16,Close long,USDT,XAGUSDT,0.16,87.06,13.9296,-0.0448,-0.047307328,-0.002507328
2026-03-12 20:55:32,Open long,USDT,XAGUSDT,0.16,87.34,13.9744,0.0,0.0,0.0
2026-03-12 14:39:35,Close short,USDT,XAGUSDT,0.34,85.76,29.1584,-0.2074,-0.212648512,-0.005248512
2026-03-12 14:20:37,Open short,USDT,XAGUSDT,0.28,85.15,23.842,0.0,0.0,-0.00429156
2026-03-12 14:20:37,Open short,USDT,XAGUSDT,0.06,85.15,5.109,0.0,0.0,-0.00091962
2026-03-12 11:39:04,Close long,USDT,XAGUSDT,0.34,84.41,28.6994,-0.1326,-0.137765892,-0.005165892
2026-03-12 11:05:30,Open long,USDT,XAGUSDT,0.34,84.8,28.832,0.0,0.0,0.0
2026-03-12 10:05:47,Close short,USDT,XAGUSDT,0.34,85.58,29.0972,-0.0714,-0.076637496,-0.005237496
2026-03-12 09:56:01,Open short,USDT,XAGUSDT,0.34,85.37,29.0258,0.0,0.0,-0.005224644
2026-03-12 09:38:39,Close short,USDT,XAGUSDT,0.34,85.29,28.9986,-0.1156,-0.120819748,-0.005219748
2026-03-12 09:30:07,Open short,USDT,XAGUSDT,0.33,84.95,28.0335,0.0,0.0,-0.00504603
2026-03-12 09:30:07,Open short,USDT,XAGUSDT,0.01,84.95,0.8495,0.0,0.0,-0.00015291
2026-03-11 22:42:18,Close short,USDT,XAGUSDT,0.34,85.49,29.0666,0.0272,0.021968012,-0.005231988
2026-03-11 22:35:03,Open short,USDT,XAGUSDT,0.34,85.57,29.0938,0.0,0.0,-0.005236884
2026-03-11 22:31:30,Close short,USDT,XAGUSDT,0.34,85.76,29.1584,-0.0374,-0.042648512,-0.005248512
2026-03-11 22:05:46,Open short,USDT,XAGUSDT,0.34,85.65,29.121,0.0,0.0,0.0
2026-03-11 19:50:06,Close short,USDT,XAGUSDT,0.34,86.27,29.3318,-0.0136,-0.018879724,-0.005279724
2026-03-11 19:46:25,Open short,USDT,XAGUSDT,0.34,86.23,29.3182,0.0,0.0,0.0
2026-03-11 11:05:30,Close long,USDT,XAGUSDT,0.05,88.67,4.4335,0.0185,0.01770197,-0.00079803
2026-03-11 11:05:30,Close long,USDT,XAGUSDT,0.24,88.67,21.2808,0.0888,0.084969456,-0.003830544
2026-03-11 11:05:30,Close long,USDT,XAGUSDT,0.02,88.67,1.7734,0.0074,0.007080788,-0.000319212
2026-03-11 11:05:30,Close long,USDT,XAGUSDT,0.02,88.67,1.7734,0.0074,0.007080788,-0.000319212
2026-03-11 10:42:38,Open long,USDT,XAGUSDT,0.33,88.3,29.139,0.0,0.0,-0.00524502
2026-03-10 21:30:13,Close long,USDT,XAGUSDT,0.05,89.2,4.46,0.004,0.0031972,-0.0008028
2026-03-10 21:30:13,Close long,USDT,XAGUSDT,0.02,89.2,1.784,0.0016,0.00127888,-0.00032112
2026-03-10 21:30:13,Close long,USDT,XAGUSDT,0.09,89.21,8.0289,0.0081,0.006654798,-0.001445202
2026-03-10 21:10:57,Open long,USDT,XAGUSDT,0.16,89.12,14.2592,0.0,0.0,0.0
2026-03-10 11:55:05,Close short,USDT,XAGUSDT,0.04,88.07,3.5228,0.006,0.005365896,-0.000634104
2026-03-10 11:55:05,Close short,USDT,XAGUSDT,0.29,88.07,25.5403,0.0435,0.038902746,-0.004597254
2026-03-10 11:42:19,Open short,USDT,XAGUSDT,0.33,88.22,29.1126,0.0,0.0,-0.005240268
2026-03-10 11:28:04,Close long,USDT,XAGUSDT,0.33,88.42,29.1786,-0.3102,-0.315452148,-0.005252148
2026-03-10 09:55:57,Open long,USDT,XAGUSDT,0.33,89.36,29.4888,0.0,0.0,0.0
2026-03-09 21:43:42,Close long,USDT,XAGUSDT,0.14,83.74,11.7236,-0.1064,-0.108510248,-0.002110248
2026-03-09 21:30:45,Open long,USDT,XAGUSDT,0.14,84.5,11.83,0.0,0.0,-0.0021294
2026-03-09 20:05:30,Close short,USDT,XAGUSDT,0.35,83.62,29.267,-0.182,-0.18726806,-0.00526806
2026-03-09 19:49:54,Open short,USDT,XAGUSDT,0.35,83.1,29.085,0.0,0.0,0.0
2026-03-09 17:45:43,Close long,USDT,XAGUSDT,0.34,83.8,28.492,-0.1632,-0.16832856,-0.00512856
2026-03-09 17:45:43,Close long,USDT,XAGUSDT,0.01,83.8,0.838,-0.0048,-0.00495084,-0.00015084
2026-03-09 17:25:01,Open long,USDT,XAGUSDT,0.35,84.28,29.498,0.0,0.0,0.0
2026-03-09 14:40:39,Close short,USDT,XAGUSDT,0.35,84.13,29.4455,0.1155,0.1155,0.0
2026-03-09 14:25:38,Open short,USDT,XAGUSDT,0.35,84.46,29.561,0.0,0.0,0.0
2026-03-09 14:10:47,Close short,USDT,XAGUSDT,0.35,84.76,29.666,-0.21,-0.21533988,-0.00533988
2026-03-09 14:02:16,Open short,USDT,XAGUSDT,0.34,84.16,28.6144,0.0,0.0,-0.005150592
2026-03-09 14:02:16,Open short,USDT,XAGUSDT,0.01,84.16,0.8416,0.0,0.0,-0.000151488
2026-03-09 13:05:30,Close short,USDT,XAGUSDT,0.35,83.17,29.1095,-0.1855,-0.19073971,-0.00523971
2026-03-09 12:54:43,Open short,USDT,XAGUSDT,0.35,82.64,28.924,0.0,0.0,0.0
2026-03-06 17:53:37,Close short,USDT,BTCUSDT,0.0004,70550.0,28.22,0.16676,0.149828,-0.016932
2026-03-06 16:06:03,Close long,USDT,XAGUSDT,0.69,84.62,58.3878,-0.1035,-0.114009804,-0.010509804
2026-03-06 16:00:11,Open long,USDT,XAGUSDT,0.69,84.77,58.4913,0.0,0.0,0.0
2026-03-06 15:57:04,Close short,USDT,XAGUSDT,0.35,84.56,29.596,-0.1085,-0.11382728,-0.00532728
2026-03-06 15:47:00,Open short,USDT,XAGUSDT,0.35,84.25,29.4875,0.0,0.0,0.0
2026-03-06 15:37:44,Open short,USDT,BTCUSDT,0.0004,70966.9,28.38676,0.0,0.0,-0.005677352
2026-03-06 13:24:23,Close long,USDT,BTCUSDT,0.0006,70334.9,42.20094,-0.3624,-0.387720564,-0.025320564
2026-03-06 13:04:31,Open long,USDT,BTCUSDT,0.0001,70602.1,7.06021,0.0,0.0,-0.001412042
2026-03-06 13:04:31,Open long,USDT,BTCUSDT,0.0001,70602.1,7.06021,0.0,0.0,-0.001412042
2026-03-06 13:04:31,Open long,USDT,BTCUSDT,0.0001,70602.1,7.06021,0.0,0.0,-0.001412042
2026-03-06 10:03:27,Open long,USDT,BTCUSDT,0.0003,71275.7,21.38271,0.0,0.0,-0.004276542
2026-03-05 23:43:15,Close short,USDT,BTCUSDT,0.0004,71444.4,28.57776,0.13088,0.125164448,-0.005715552
2026-03-05 23:11:24,Open short,USDT,BTCUSDT,0.0004,71771.6,28.70864,0.0,0.0,-0.005741728
2026-03-05 21:25:18,Close short,USDT,XAGUSDT,0.14,82.33,11.5262,0.0182,0.0182,0.0
2026-03-05 21:21:15,Open short,USDT,XAGUSDT,0.14,82.46,11.5444,0.0,0.0,-0.002077992
2026-03-05 18:48:06,Close long,USDT,BTCUSDT,0.0001,73357.3,7.33573,0.10951,0.108042854,-0.001467146
2026-03-05 18:48:06,Close long,USDT,BTCUSDT,0.0001,73357.3,7.33573,0.10951,0.108042854,-0.001467146
2026-03-05 18:35:33,Close long,USDT,BTCUSDT,0.0002,73428.1,14.68562,0.23318,0.230242876,-0.002937124
2026-03-05 16:55:06,Open long,USDT,BTCUSDT,0.0004,72262.2,28.90488,0.0,0.0,-0.005780976
2026-03-05 16:24:59,Close short,USDT,XAGUSDT,0.71,83.17,59.0507,0.0213,0.010670874,-0.010629126
2026-03-05 16:12:31,Open short,USDT,XAGUSDT,0.71,83.2,59.072,0.0,0.0,-0.01063296
2026-03-05 14:14:11,Close short,USDT,XAGUSDT,0.17,81.68,13.8856,0.1564,0.153900592,-0.002499408
2026-03-05 14:00:12,Open short,USDT,XAGUSDT,0.17,82.6,14.042,0.0,0.0,-0.00252756
2026-03-03 23:52:06,Close short,USDT,XAGUSDT,0.33,82.41,27.1953,-0.8811,-0.885995154,-0.004895154
2026-03-03 22:45:17,Open short,USDT,XAGUSDT,0.33,79.74,26.3142,0.0,0.0,0.0
2026-03-03 21:50:21,Close short,USDT,XAGUSDT,0.54,82.19,44.3826,0.0216,0.013611132,-0.007988868
2026-03-03 21:45:21,Open short,USDT,XAGUSDT,0.54,82.23,44.4042,0.0,0.0,-0.007992756
2026-03-03 21:21:04,Close short,USDT,XAGUSDT,0.54,82.69,44.6526,-0.3456,-0.353637468,-0.008037468
2026-03-03 21:07:36,Open short,USDT,XAGUSDT,0.54,82.05,44.307,0.0,0.0,0.0
2026-03-03 16:45:51,Close short,USDT,XAGUSDT,0.07,85.84,6.0088,0.0203,0.019218416,-0.001081584
2026-03-03 16:45:51,Close short,USDT,XAGUSDT,0.09,85.84,7.7256,0.0261,0.024709392,-0.001390608
2026-03-03 16:45:51,Close short,USDT,XAGUSDT,0.08,85.84,6.8672,0.0232,0.021963904,-0.001236096
2026-03-03 16:45:51,Close short,USDT,XAGUSDT,0.1,85.84,8.584,0.029,0.02745488,-0.00154512
2026-03-03 16:31:03,Open short,USDT,XAGUSDT,0.34,86.13,29.2842,0.0,0.0,0.0
2026-03-03 16:30:27,Close long,USDT,XAGUSDT,0.2,86.23,17.246,-0.222,-0.22510428,-0.00310428
2026-03-03 15:56:03,Open long,USDT,XAGUSDT,0.06,87.34,5.2404,0.0,0.0,0.0
2026-03-03 15:56:03,Open long,USDT,XAGUSDT,0.14,87.34,12.2276,0.0,0.0,0.0
2026-03-03 14:37:13,Close short,USDT,XAGUSDT,0.34,83.95,28.543,0.6018,0.6018,0.0
2026-03-03 14:35:13,Open short,USDT,XAGUSDT,0.34,85.72,29.1448,0.0,0.0,0.0
2026-03-03 14:27:12,Close short,USDT,XAGUSDT,0.2,86.45,17.29,-0.11,-0.1131122,-0.0031122
2026-03-03 14:25:38,Open short,USDT,XAGUSDT,0.2,85.9,17.18,0.0,0.0,0.0
2026-02-28 15:05:19,Close short,USDT,BTCUSDT,0.001,63581.3,63.5813,0.1051,0.06695122,-0.03814878
2026-02-28 14:50:05,Open short,USDT,BTCUSDT,0.0005,63686.4,31.8432,0.0,0.0,-0.00636864
2026-02-28 14:50:05,Open short,USDT,BTCUSDT,0.0001,63686.4,6.36864,0.0,0.0,-0.001273728
2026-02-28 14:50:05,Open short,USDT,BTCUSDT,0.0001,63686.4,6.36864,0.0,0.0,-0.001273728
2026-02-28 14:50:05,Open short,USDT,BTCUSDT,0.0001,63686.4,6.36864,0.0,0.0,-0.001273728
2026-02-28 14:50:05,Open short,USDT,BTCUSDT,0.0001,63686.4,6.36864,0.0,0.0,-0.001273728
2026-02-28 14:50:05,Open short,USDT,BTCUSDT,0.0001,63686.4,6.36864,0.0,0.0,-0.001273728
2026-02-27 21:31:30,Close short,USDT,BTCUSDT,0.0013,65854.7,85.61111,0.01534,-0.001782222,-0.017122222
2026-02-27 20:30:15,Close short,USDT,PIPPINUSDT,23.0,0.63841,14.68343,-0.20217,-0.210980058,-0.008810058
2026-02-27 20:23:51,Open short,USDT,PIPPINUSDT,23.0,0.62962,14.48126,0.0,0.0,-0.002896252
2026-02-27 20:17:13,Open short,USDT,BTCUSDT,0.0013,65866.5,85.62645,0.0,0.0,-0.01712529
2026-02-26 20:02:07,Close long,USDT,XAGUSDT,0.36,86.3,31.068,-0.3888,-0.39439224,-0.00559224
2026-02-26 17:02:36,Open long,USDT,XAGUSDT,0.36,87.38,31.4568,0.0,0.0,0.0
2026-02-25 15:15:51,Close short,USDT,BTCUSDT,0.0016,65076.3,104.12208,-0.40096,-0.463433248,-0.062473248
2026-02-25 15:03:09,Open short,USDT,BTCUSDT,0.0016,64825.7,103.72112,0.0,0.0,-0.020744224
2026-02-25 13:32:38,Close long,USDT,BTCUSDT,0.0007,65061.2,45.54284,-0.37198,-0.399305704,-0.027325704
2026-02-25 13:32:38,Close long,USDT,BTCUSDT,0.0001,65061.2,6.50612,-0.05314,-0.057043672,-0.003903672
2026-02-25 12:40:08,Open long,USDT,BTCUSDT,0.0008,65592.6,52.47408,0.0,0.0,-0.010494816
2026-02-24 14:25:45,Close long,USDT,XAGUSDT,0.79,88.2,69.678,0.0553,0.04275796,-0.01254204
2026-02-24 14:25:45,Close long,USDT,XAGUSDT,0.02,88.2,1.764,0.0014,0.00108248,-0.00031752
2026-02-24 14:25:45,Close long,USDT,XAGUSDT,0.1,88.2,8.82,0.007,0.0054124,-0.0015876
2026-02-24 14:00:05,Open long,USDT,XAGUSDT,0.91,88.13,80.1983,0.0,0.0,0.0
2026-02-24 13:25:20,Close long,USDT,XAGUSDT,0.97,87.12,84.5064,-0.3104,-0.325611152,-0.015211152
2026-02-24 13:18:47,Open long,USDT,XAGUSDT,0.97,87.44,84.8168,0.0,0.0,0.0
2026-02-20 23:06:59,Close long,USDT,BTCUSDT,0.0006,67101.2,40.26072,0.02436,0.000203568,-0.024156432
2026-02-20 22:31:49,Open long,USDT,BTCUSDT,0.0002,67060.6,13.41212,0.0,0.0,-0.002682424
2026-02-20 22:31:49,Open long,USDT,BTCUSDT,0.0001,67060.6,6.70606,0.0,0.0,-0.001341212
2026-02-20 22:31:49,Open long,USDT,BTCUSDT,0.0001,67060.6,6.70606,0.0,0.0,-0.001341212
2026-02-20 22:31:49,Open long,USDT,BTCUSDT,0.0001,67060.6,6.70606,0.0,0.0,-0.001341212
2026-02-20 22:31:49,Open long,USDT,BTCUSDT,0.0001,67060.6,6.70606,0.0,0.0,-0.001341212
2026-02-12 13:16:10,Close short,USDT,XAGUSDT,0.55,84.15,46.2825,-0.6105,-0.61883085,-0.00833085
2026-02-12 12:19:47,Open short,USDT,XAGUSDT,0.55,83.04,45.672,0.0,0.0,0.0
2026-02-12 12:07:32,Close long,USDT,XAGUSDT,1.07,83.7,89.559,-0.4387,-0.45482062,-0.01612062
2026-02-12 11:36:05,Open long,USDT,XAGUSDT,1.07,84.11,89.9977,0.0,0.0,0.0
2026-02-12 11:07:18,Close long,USDT,HYPEUSDT,0.73,30.672,22.39056,-0.11753,-0.130964336,-0.013434336
2026-02-12 10:44:49,Open long,USDT,HYPEUSDT,0.73,30.833,22.50809,0.0,0.0,-0.013504854
2026-02-12 00:06:00,Close short,USDT,ETHUSDT,0.03,1933.61,58.0083,-0.1914,-0.22620498,-0.03480498
2026-02-12 00:00:39,Open short,USDT,ETHUSDT,0.03,1927.23,57.8169,0.0,0.0,-0.01156338
2026-02-11 23:32:16,Close short,USDT,ETHUSDT,0.04,1923.12,76.9248,0.4284,0.41301504,-0.01538496
2026-02-11 23:00:44,Open short,USDT,ETHUSDT,0.02,1933.83,38.6766,0.0,0.0,-0.02320596
2026-02-11 23:00:44,Open short,USDT,ETHUSDT,0.01,1933.83,19.3383,0.0,0.0,-0.01160298
2026-02-11 23:00:44,Open short,USDT,ETHUSDT,0.01,1933.83,19.3383,0.0,0.0,-0.01160298
2026-02-10 23:27:16,Close short,USDT,BTCUSDT,0.0004,69189.5,27.6758,-0.4724,-0.48900548,-0.01660548
2026-02-10 22:45:56,Open short,USDT,BTCUSDT,0.0004,68008.5,27.2034,0.0,0.0,-0.00544068
2026-02-10 21:22:56,Close short,USDT,HYPEUSDT,1.08,29.706,32.08248,-0.3024,-0.321649488,-0.019249488
2026-02-10 20:07:12,Open short,USDT,HYPEUSDT,1.08,29.426,31.78008,0.0,0.0,-0.019068048
2026-02-09 20:12:00,Close short,USDT,ETHUSDT,0.02,2034.98,40.6996,-0.1716,-0.17973992,-0.00813992
2026-02-09 18:26:17,Open short,USDT,ETHUSDT,0.02,2026.4,40.528,0.0,0.0,-0.0243168
2026-02-09 18:15:06,Close long,USDT,ETHUSDT,0.03,2038.55,61.1565,-0.1818,-0.2184939,-0.0366939
2026-02-09 18:10:46,Open long,USDT,ETHUSDT,0.03,2044.61,61.3383,0.0,0.0,-0.01226766
2026-02-09 15:30:29,Close short,USDT,XAUUSDT,0.01,5008.76,50.0876,0.0033,-0.02675256,-0.03005256
2026-02-09 15:18:32,Open short,USDT,XAUUSDT,0.01,5009.09,50.0909,0.0,0.0,-0.03005454
2026-02-08 23:40:07,Close short,USDT,ETHUSDT,0.02,2111.51,42.2302,0.0902,0.06486188,-0.02533812
2026-02-08 23:26:21,Close short,USDT,ETHUSDT,0.01,2102.35,21.0235,0.1367,0.1324953,-0.0042047
2026-02-08 23:25:14,Open short,USDT,ETHUSDT,0.03,2116.02,63.4806,0.0,0.0,-0.03808836
2026-02-08 19:11:28,Close short,USDT,ETHUSDT,0.06,2103.67,126.2202,0.1854,0.10966788,-0.07573212
2026-02-08 19:05:52,Open short,USDT,ETHUSDT,0.06,2106.76,126.4056,0.0,0.0,-0.02528112
2026-02-08 18:45:12,Close long,USDT,ASTERUSDT,96.0,0.614,58.944,-0.144,-0.1793664,-0.0353664
2026-02-08 18:35:47,Open long,USDT,ASTERUSDT,96.0,0.6155,59.088,0.0,0.0,-0.0354528
2026-02-08 18:30:27,Close long,USDT,ASTERUSDT,95.0,0.6068,57.646,-1.273,-1.3075876,-0.0345876
2026-02-08 18:05:55,Open long,USDT,ASTERUSDT,95.0,0.6202,58.919,0.0,0.0,-0.0353514
2026-02-08 18:05:11,Close long,USDT,ZILUSDT,5752.0,0.004872,28.023744,-1.852144,-1.8689582464,-0.0168142464
2026-02-08 17:05:31,Open long,USDT,ZILUSDT,2575.0,0.005194,13.37455,0.0,0.0,-0.00802473
2026-02-08 17:05:31,Open long,USDT,ZILUSDT,3177.0,0.005194,16.501338,0.0,0.0,-0.0099008028
2026-02-08 12:36:16,Close long,USDT,ETHUSDT,0.04,2075.84,83.0336,0.0492,-0.00062016,-0.04982016
2026-02-08 12:20:52,Open long,USDT,ETHUSDT,0.04,2074.61,82.9844,0.0,0.0,-0.01659688
2026-02-08 12:19:39,Close short,USDT,API3USDT,15.1,0.3179,4.80029,0.008726517994,0.005846343994,-0.002880174
2026-02-08 12:19:39,Close short,USDT,API3USDT,171.0,0.3179,54.3609,0.098823481929,0.066206941929,-0.03261654
2026-02-08 12:13:23,Open short,USDT,API3USDT,41.1,0.3184,13.08624,0.0,0.0,-0.007851744
2026-02-08 12:13:23,Open short,USDT,API3USDT,145.0,0.3185,46.1825,0.0,0.0,-0.0277095
2026-02-08 12:12:57,Close short,USDT,MUSDT,22.0,1.77585,39.0687,-3.153216000022,-3.176657220022,-0.02344122
2026-02-08 12:12:57,Close short,USDT,MUSDT,6.0,1.77569,10.65414,-0.859008000006,-0.865400484006,-0.006392484
2026-02-08 12:12:57,Close short,USDT,MUSDT,1.0,1.77543,1.77543,-0.142908000001,-0.143973258001,-0.001065258
2026-02-08 12:12:57,Close short,USDT,MUSDT,6.0,1.77542,10.65252,-0.857388000006,-0.863779512006,-0.006391512
2026-02-08 12:06:30,Open short,USDT,MUSDT,13.0,1.68349,21.88537,0.0,0.0,-0.013131222
2026-02-08 12:06:30,Open short,USDT,MUSDT,2.0,1.6841,3.3682,0.0,0.0,-0.00202092
2026-02-08 12:06:30,Open short,USDT,MUSDT,2.0,1.68612,3.37224,0.0,0.0,-0.002023344
2026-02-08 12:04:59,Open short,USDT,MUSDT,16.0,1.58384,25.34144,0.0,0.0,-0.015204864
2026-02-08 12:04:59,Open short,USDT,MUSDT,2.0,1.58551,3.17102,0.0,0.0,-0.001902612
2026-02-08 11:59:57,Close short,USDT,API3USDT,140.2,0.3212,45.03224,0.0,-0.027019344,-0.027019344
2026-02-08 11:59:57,Close short,USDT,API3USDT,16.7,0.3212,5.36404,0.0,-0.003218424,-0.003218424
2026-02-08 10:41:53,Open short,USDT,API3USDT,156.9,0.3212,50.39628,0.0,0.0,-0.010079256
2026-02-08 08:23:34,Close short,USDT,TRIAUSDT,1520.0,0.017624,26.78848,2.85,2.844642304,-0.005357696
2026-02-08 00:57:16,Open short,USDT,TRIAUSDT,1520.0,0.019499,29.63848,0.0,0.0,-0.005927696
2026-02-08 00:46:50,Close short,USDT,TRIAUSDT,440.0,0.020191,8.88404,-0.9064,-0.908176808,-0.001776808
2026-02-08 00:46:41,Close short,USDT,TRIAUSDT,1190.0,0.020144,23.97136,-2.39547,-2.400264272,-0.004794272
2026-02-07 23:19:33,Close short,USDT,SKRUSDT,1348.0,0.021854,29.459192,0.14154,0.1238644848,-0.0176755152
2026-02-07 21:28:13,Open short,USDT,SKRUSDT,1348.0,0.021959,29.600732,0.0,0.0,-0.0177604392
2026-02-07 21:27:51,Open short,USDT,TRIAUSDT,1630.0,0.018131,29.55353,0.0,0.0,-0.017732118
2026-02-07 21:25:01,Close short,USDT,ACUUSDT,290.0,0.10247,29.7163,-0.0725,-0.09032978,-0.01782978
2026-02-07 21:22:43,Open short,USDT,ACUUSDT,290.0,0.10222,29.6438,0.0,0.0,-0.01778628
2026-02-07 21:22:35,Close long,USDT,ACUUSDT,284.0,0.10186,28.92824,-0.70148,-0.718836944,-0.017356944
2026-02-07 21:20:02,Open long,USDT,ACUUSDT,284.0,0.10433,29.62972,0.0,0.0,-0.017777832
2026-02-07 21:16:36,Close short,USDT,ACUUSDT,288.0,0.10448,30.09024,-0.44928,-0.467334144,-0.018054144
2026-02-07 21:15:23,Open short,USDT,ACUUSDT,288.0,0.10292,29.64096,0.0,0.0,-0.005928192
2026-02-07 21:08:56,Close short,USDT,ACUUSDT,170.0,0.10012,17.0204,-0.3995,-0.40971224,-0.01021224
2026-02-07 20:50:55,Open short,USDT,ACUUSDT,170.0,0.09777,16.6209,0.0,0.0,-0.00997254
2026-02-07 19:00:10,Close short,USDT,STABLEUSDT,920.0,0.01572,14.4624,0.0276,0.01892256,-0.00867744
2026-02-07 18:23:10,Open short,USDT,STABLEUSDT,920.0,0.01575,14.49,0.0,0.0,-0.008694
2026-02-07 17:45:07,Close long,USDT,VELVETUSDT,20.0,0.1154,2.308,-0.0054,-0.0067848,-0.0013848
2026-02-07 17:45:07,Close long,USDT,VELVETUSDT,159.0,0.1154,18.3486,-0.04293,-0.05393916,-0.01100916
2026-02-07 17:15:22,Open long,USDT,VELVETUSDT,179.0,0.11567,20.70493,0.0,0.0,-0.012422958
2026-02-07 17:09:23,Close short,USDT,HUSDT,104.0,0.13613,14.15752,0.52416,0.515665488,-0.008494512
2026-02-07 15:17:06,Close short,USDT,HUSDT,105.0,0.13599,14.27895,0.5439,0.54104421,-0.00285579
2026-02-07 14:55:19,Open short,USDT,HUSDT,209.0,0.14117,29.50453,0.0,0.0,-0.017702718
2026-02-07 12:31:03,Close short,USDT,HUSDT,104.0,0.14152,14.71808,0.08944,0.080609152,-0.008830848
2026-02-07 12:29:01,Close short,USDT,HUSDT,104.0,0.14028,14.58912,0.2184,0.215482176,-0.002917824
2026-02-07 12:21:20,Open short,USDT,HUSDT,208.0,0.14238,29.61504,0.0,0.0,-0.017769024
2026-02-07 00:57:14,Close long,USDT,ETHUSDT,0.01,2025.44,20.2544,0.2644,0.25224736,-0.01215264
2026-02-06 22:47:21,Open long,USDT,ETHUSDT,0.01,1999.0,19.99,0.0,0.0,-0.011994
2026-02-06 15:18:34,Close short,USDT,ETHUSDT,0.01,1896.54,18.9654,0.0343,0.02292076,-0.01137924
2026-02-06 15:02:16,Open short,USDT,ETHUSDT,0.01,1899.97,18.9997,0.0,0.0,-0.01139982
2026-02-06 13:56:11,Close short,USDT,ETHUSDT,0.04,1962.04,78.4816,0.3076,0.26051104,-0.04708896
2026-02-06 13:55:04,Open short,USDT,ETHUSDT,0.04,1969.73,78.7892,0.0,0.0,-0.04727352
2026-02-06 13:39:34,Close short,USDT,ETHUSDT,0.04,1933.79,77.3516,-0.8884,-0.93481096,-0.04641096
2026-02-06 13:11:08,Open short,USDT,ETHUSDT,0.04,1911.58,76.4632,0.0,0.0,-0.04587792
2026-02-06 13:03:21,Close short,USDT,ETHUSDT,0.04,1917.69,76.7076,-0.4832,-0.52922456,-0.04602456
2026-02-06 12:56:12,Open short,USDT,ETHUSDT,0.04,1905.61,76.2244,0.0,0.0,-0.04573464
2026-02-06 12:56:04,Close long,USDT,ETHUSDT,0.03,1906.92,57.2076,-0.096,-0.13032456,-0.03432456
2026-02-06 12:23:03,Open long,USDT,ETHUSDT,0.03,1910.12,57.3036,0.0,0.0,-0.03438216
2026-02-06 12:22:17,Close short,USDT,ETHUSDT,0.02,1908.94,38.1788,-0.4192,-0.44210728,-0.02290728
2026-02-06 11:26:20,Open short,USDT,ETHUSDT,0.02,1887.98,37.7596,0.0,0.0,-0.02265576
2026-02-05 23:29:43,Close short,USDT,ETHUSDT,0.01,1930.89,19.3089,0.8748,0.87093822,-0.00386178
2026-02-05 23:05:16,Open short,USDT,ETHUSDT,0.01,2018.37,20.1837,0.0,0.0,-0.01211022
2026-02-05 22:35:12,Close short,USDT,ETHUSDT,0.02,2092.68,41.8536,-0.8288,-0.85391216,-0.02511216
2026-02-05 20:19:46,Open short,USDT,ETHUSDT,0.02,2051.24,41.0248,0.0,0.0,-0.02461488
2026-02-05 15:50:25,Close long,USDT,XAGUSDT,0.37,79.44,29.3928,0.0925,0.07486432,-0.01763568
2026-02-05 14:33:33,Open long,USDT,XAGUSDT,0.01,79.19,0.7919,0.0,0.0,-0.00047514
2026-02-05 14:33:33,Open long,USDT,XAGUSDT,0.08,79.19,6.3352,0.0,0.0,-0.00380112
2026-02-05 14:33:33,Open long,USDT,XAGUSDT,0.03,79.19,2.3757,0.0,0.0,-0.00142542
2026-02-05 14:33:33,Open long,USDT,XAGUSDT,0.05,79.19,3.9595,0.0,0.0,-0.0023757
2026-02-05 14:33:33,Open long,USDT,XAGUSDT,0.13,79.19,10.2947,0.0,0.0,-0.00617682
2026-02-05 14:33:33,Open long,USDT,XAGUSDT,0.07,79.19,5.5433,0.0,0.0,-0.00332598
2026-02-05 13:46:34,Close short,USDT,XAGUSDT,0.27,77.25,20.8575,-0.4806,-0.4931145,-0.0125145
2026-02-05 13:21:48,Open short,USDT,XAGUSDT,0.27,75.47,20.3769,0.0,0.0,-0.01222614
2026-02-05 12:53:45,Close long,USDT,ETHUSDT,0.02,2107.54,42.1508,0.1692,0.14390952,-0.02529048
2026-02-05 12:20:05,Open long,USDT,ETHUSDT,0.02,2099.08,41.9816,0.0,0.0,-0.02518896
2026-02-05 11:46:30,Close short,USDT,XAGUSDT,0.53,77.35,40.9955,-0.7367,-0.7612973,-0.0245973
2026-02-05 11:30:41,Open short,USDT,XAGUSDT,0.53,75.96,40.2588,0.0,0.0,-0.02415528
2026-02-05 11:20:34,Close short,USDT,XAGUSDT,0.12,77.59,9.3108,-0.1584,-0.16398648,-0.00558648
2026-02-05 10:51:11,Open short,USDT,XAGUSDT,0.06,76.27,4.5762,0.0,0.0,-0.00274572
2026-02-05 10:51:11,Open short,USDT,XAGUSDT,0.02,76.27,1.5254,0.0,0.0,-0.00091524
2026-02-05 10:51:11,Open short,USDT,XAGUSDT,0.02,76.27,1.5254,0.0,0.0,-0.00091524
2026-02-05 10:51:11,Open short,USDT,XAGUSDT,0.02,76.27,1.5254,0.0,0.0,-0.00091524
2026-02-05 10:38:11,Close long,USDT,XAGUSDT,0.46,81.98,37.7108,-0.9292,-0.95182648,-0.02262648
2026-02-05 10:30:24,Open long,USDT,XAGUSDT,0.46,84.0,38.64,0.0,0.0,-0.023184
2026-02-05 10:20:06,Close short,USDT,XAGUSDT,0.35,82.51,28.8785,-0.0035,-0.0208271,-0.0173271
2026-02-05 10:15:23,Open short,USDT,XAGUSDT,0.35,82.5,28.875,0.0,0.0,-0.017325
2026-02-05 01:21:23,Close long,USDT,HUSDT,114.0,0.12878,14.68092,-0.0171,-0.025908552,-0.008808552
2026-02-05 00:22:33,Open long,USDT,HUSDT,40.0,0.12893,5.1572,0.0,0.0,-0.00103144
2026-02-05 00:22:33,Open long,USDT,HUSDT,74.0,0.12893,9.54082,0.0,0.0,-0.001908164
2026-02-04 19:25:19,Close long,USDT,ETHUSDT,0.01,2242.73,22.4273,0.0863,0.08181454,-0.00448546
2026-02-04 19:15:06,Open long,USDT,ETHUSDT,0.01,2234.1,22.341,0.0,0.0,-0.0134046
2026-02-04 18:36:48,Close short,USDT,ETHUSDT,0.01,2259.77,22.5977,0.0153,0.01078046,-0.00451954
2026-02-04 18:01:09,Open short,USDT,ETHUSDT,0.01,2261.3,22.613,0.0,0.0,-0.0045226
2026-02-04 14:49:45,Close long,USDT,ETHUSDT,0.01,2274.08,22.7408,0.025,0.01135552,-0.01364448
2026-02-04 14:15:58,Open long,USDT,ETHUSDT,0.01,2271.58,22.7158,0.0,0.0,-0.00454316
2026-02-02 20:05:39,Close long,USDT,XAGUSDT,0.07,82.43,5.7701,-0.1029,-0.10636206,-0.00346206
2026-02-02 19:30:53,Open long,USDT,XAGUSDT,0.07,83.9,5.873,0.0,0.0,-0.0035238
2026-02-02 18:30:44,Close short,USDT,XAGUSDT,0.11,81.38,8.9518,-0.0858,-0.09117108,-0.00537108
2026-02-02 18:25:32,Open short,USDT,XAGUSDT,0.11,80.6,8.866,0.0,0.0,-0.0053196
2026-02-02 13:36:42,Close short,USDT,XRPUSDT,5.0,1.5337,7.6685,0.22,0.2184663,-0.0015337
2026-02-02 12:56:00,Open short,USDT,XRPUSDT,5.0,1.5777,7.8885,0.0,0.0,-0.0047331
2026-02-02 12:22:20,Close short,USDT,ETHUSDT,0.02,2239.81,44.7962,-1.0122,-1.03907772,-0.02687772
2026-02-02 12:15:14,Open short,USDT,ETHUSDT,0.01,2214.12,22.1412,0.0,0.0,-0.00442824
2026-02-02 11:31:32,Open short,USDT,ETHUSDT,0.01,2164.28,21.6428,0.0,0.0,-0.01298568
2026-02-02 05:56:27,Close short,USDT,BTCUSDT,0.0011,76396.6,84.03626,0.57057,0.553762748,-0.016807252
2026-02-01 23:35:27,Open short,USDT,BTCUSDT,0.0011,76915.3,84.60683,0.0,0.0,-0.016921366
2026-02-01 22:48:09,Close short,USDT,BTCUSDT,0.001,77833.8,77.8338,0.0661,0.05053324,-0.01556676
2026-02-01 22:30:51,Open short,USDT,BTCUSDT,0.001,77899.9,77.8999,0.0,0.0,-0.01557998
2026-02-01 16:14:40,Close short,USDT,BTCUSDT,0.0025,78483.7,196.20925,-1.23925,-1.27849185,-0.03924185
2026-02-01 15:08:00,Open short,USDT,BTCUSDT,0.0025,77988.0,194.97,0.0,0.0,-0.116982
2026-02-01 14:00:12,Close short,USDT,BTCUSDT,0.0022,78606.4,172.93408,-0.24178,-0.345540448,-0.103760448
2026-02-01 13:50:15,Open short,USDT,BTCUSDT,0.0022,78496.5,172.6923,0.0,0.0,-0.10361538
2026-02-01 11:28:36,Close short,USDT,SYNUSDT,82.0,0.09332,7.65224,-0.164068171028,-0.168659515028,-0.004591344
2026-02-01 11:28:36,Close short,USDT,SYNUSDT,339.0,0.09329,31.62531,-0.668111829006,-0.687087015006,-0.018975186
2026-02-01 11:26:52,Open short,USDT,SYNUSDT,152.0,0.0913,13.8776,0.0,0.0,-0.00832656
2026-02-01 11:26:52,Open short,USDT,SYNUSDT,269.0,0.09133,24.56777,0.0,0.0,-0.014740662
2026-02-01 11:23:23,Close long,USDT,BTCUSDT,0.002,78635.0,157.27,-0.3766,-0.470962,-0.094362
2026-02-01 10:15:44,Open long,USDT,BTCUSDT,0.002,78823.3,157.6466,0.0,0.0,-0.09458796
2026-02-01 10:10:56,Close short,USDT,CLANKERUSDT,0.17,40.05,6.8085,-0.7021,-0.7061851,-0.0040851
2026-02-01 10:10:56,Close short,USDT,CLANKERUSDT,0.15,40.05,6.0075,-0.6195,-0.6231045,-0.0036045
2026-02-01 10:01:43,Open short,USDT,CLANKERUSDT,0.32,35.92,11.4944,0.0,0.0,-0.00689664
2026-02-01 10:00:05,Close short,USDT,ENSOUSDT,11.0,1.2213,13.4343,0.0979,0.08983942,-0.00806058
2026-02-01 10:00:05,Close short,USDT,ENSOUSDT,1.0,1.2213,1.2213,0.0089,0.00816722,-0.00073278
2026-02-01 09:18:43,Open short,USDT,ENSOUSDT,12.0,1.2302,14.7624,0.0,0.0,-0.00295248
2026-01-31 22:23:25,Close short,USDT,SOLUSDT,1.0,111.237,111.237,2.123,2.1007526,-0.0222474
2026-01-31 22:19:29,Close short,USDT,SOLUSDT,1.0,112.309,112.309,1.051,1.0285382,-0.0224618
2026-01-31 22:10:51,Open short,USDT,SOLUSDT,2.0,113.36,226.72,0.0,0.0,-0.136032
2026-01-31 22:09:12,Close long,USDT,SOLUSDT,1.6,113.514,181.6224,-1.2544,-1.36337344,-0.10897344
2026-01-31 22:05:49,Open long,USDT,SOLUSDT,1.6,114.298,182.8768,0.0,0.0,-0.03657536
2026-01-31 21:47:29,Close short,USDT,SOLUSDT,0.5,114.05,57.025,0.3645,0.330285,-0.034215
2026-01-31 21:33:33,Close short,USDT,SOLUSDT,0.5,114.207,57.1035,0.286,0.2745793,-0.0114207
2026-01-31 21:25:15,Open short,USDT,SOLUSDT,1.0,114.779,114.779,0.0,0.0,-0.0229558
2026-01-31 20:17:00,Close short,USDT,SOLUSDT,1.0,115.697,115.697,0.205,0.1355818,-0.0694182
2026-01-31 20:13:39,Close short,USDT,SOLUSDT,1.0,115.475,115.475,0.427,0.403905,-0.023095
2026-01-31 19:59:08,Open short,USDT,SOLUSDT,1.9,115.902,220.2138,0.0,0.0,-0.13212828
2026-01-31 19:59:08,Open short,USDT,SOLUSDT,0.1,115.902,11.5902,0.0,0.0,-0.00695412
2026-01-31 19:56:46,Close short,USDT,SOLUSDT,1.2,116.125,139.35,0.1368,0.05319,-0.08361
2026-01-31 19:56:46,Close short,USDT,SOLUSDT,0.8,116.125,92.9,0.0912,0.03546,-0.05574
2026-01-31 19:17:58,Open short,USDT,SOLUSDT,2.0,116.239,232.478,0.0,0.0,-0.1394868
2026-01-31 18:43:24,Close short,USDT,SOLUSDT,0.6,116.77,70.062,-0.665600000001,-0.707637200001,-0.0420372
2026-01-31 16:30:19,Open short,USDT,SOLUSDT,0.1,115.564,11.5564,0.0,0.0,-0.00231128
2026-01-31 16:29:16,Open short,USDT,SOLUSDT,0.5,115.68,57.84,0.0,0.0,-0.011568
2026-01-31 16:00:13,Close long,USDT,ENSOUSDT,37.0,1.5911,58.8707,-0.3293,-0.36462242,-0.03532242
2026-01-31 15:59:58,Open long,USDT,ENSOUSDT,37.0,1.6,59.2,0.0,0.0,-0.03552
2026-01-31 15:59:28,Close short,USDT,ENSOUSDT,4.0,1.6,6.4,-0.1432,-0.14704,-0.00384
2026-01-31 15:59:28,Close short,USDT,ENSOUSDT,7.0,1.6,11.2,-0.2506,-0.25732,-0.00672
2026-01-31 14:06:30,Open short,USDT,ENSOUSDT,11.0,1.5642,17.2062,0.0,0.0,-0.00344124
2026-01-31 14:02:17,Close long,USDT,SENTUSDT,589.0,0.04039,23.78971,0.05301,0.038736174,-0.014273826
2026-01-31 12:13:45,Open long,USDT,SENTUSDT,589.0,0.0403,23.7367,0.0,0.0,-0.01424202
2026-01-31 12:13:22,Close short,USDT,SENTUSDT,604.0,0.04011,24.22644,-0.5738,-0.588335864,-0.014535864
2026-01-31 11:09:52,Open short,USDT,SENTUSDT,550.0,0.03916,21.538,0.0,0.0,-0.0129228
2026-01-31 11:09:52,Open short,USDT,SENTUSDT,54.0,0.03916,2.11464,0.0,0.0,-0.001268784
2026-01-31 11:01:08,Close short,USDT,SENTUSDT,592.0,0.0399,23.6208,0.10064,0.09591584,-0.00472416
2026-01-31 10:50:44,Open short,USDT,SENTUSDT,592.0,0.04007,23.72144,0.0,0.0,-0.014232864
2026-01-31 10:42:41,Close short,USDT,SENTUSDT,577.0,0.04058,23.41466,0.29427,0.280221204,-0.014048796
2026-01-31 10:10:40,Open short,USDT,SENTUSDT,577.0,0.04109,23.70893,0.0,0.0,-0.004741786
2026-01-31 10:08:49,Close long,USDT,SENTUSDT,415.0,0.04072,16.8988,-0.81572000023,-0.82585928023,-0.01013928
2026-01-31 09:58:10,Open long,USDT,SENTUSDT,212.0,0.04181,8.86372,0.0,0.0,-0.005318232
2026-01-31 09:10:08,Open long,USDT,SENTUSDT,203.0,0.0436,8.8508,0.0,0.0,-0.00531048
2026-01-31 00:49:11,Close short,USDT,PIPPINUSDT,103.0,0.21091,21.72373,1.89417,1.889825254,-0.004344746
2026-01-30 23:22:56,Open short,USDT,PIPPINUSDT,103.0,0.2293,23.6179,0.0,0.0,-0.00472358
2026-01-30 23:05:53,Close short,USDT,RIVERUSDT,1.0,35.163,35.163,0.5,0.4789022,-0.0210978
2026-01-30 21:16:08,Open short,USDT,RIVERUSDT,1.0,35.663,35.663,0.0,0.0,-0.0213978
2026-01-30 21:07:43,Close short,USDT,PIPPINUSDT,25.0,0.23733,5.93325,0.12775,0.12419005,-0.00355995
2026-01-30 21:07:43,Close short,USDT,PIPPINUSDT,3.0,0.23733,0.71199,0.01533,0.014902806,-0.000427194
2026-01-30 20:46:25,Close long,USDT,ENSOUSDT,1.0,1.5661,1.5661,-0.0253,-0.02561322,-0.00031322
2026-01-30 20:46:24,Close long,USDT,ENSOUSDT,3.0,1.5661,4.6983,-0.0759,-0.07683966,-0.00093966
2026-01-30 20:40:40,Open short,USDT,PIPPINUSDT,28.0,0.24244,6.78832,0.0,0.0,-0.004072992
2026-01-30 20:35:02,Close long,USDT,0GUSDT,13.0,0.8475,11.0175,-0.3094,-0.3160105,-0.0066105
2026-01-30 20:31:56,Open long,USDT,ENSOUSDT,4.0,1.5914,6.3656,0.0,0.0,-0.00381936
2026-01-30 20:24:14,Open long,USDT,0GUSDT,13.0,0.8713,11.3269,0.0,0.0,-0.00679614
2026-01-30 20:19:03,Close long,USDT,NOMUSDT,2050.0,0.010167,20.84235,0.07995,0.06744459,-0.01250541
2026-01-30 20:18:02,Close short,USDT,ARCUSDT,274.0,0.04224,11.57376,-0.01918,-0.026124256,-0.006944256
2026-01-30 20:10:00,Close short,USDT,ARCUSDT,287.0,0.04138,11.87606,0.22673,0.224354788,-0.002375212
2026-01-30 19:47:24,Open long,USDT,NOMUSDT,2050.0,0.010128,20.7624,0.0,0.0,-0.01245744
2026-01-30 19:44:31,Open short,USDT,ARCUSDT,561.0,0.04217,23.65737,0.0,0.0,-0.014194422
2026-01-30 19:37:51,Close long,USDT,XAGUSDT,0.06,103.3,6.198,0.0294,0.0281604,-0.0012396
2026-01-30 19:37:50,Close long,USDT,XAGUSDT,0.14,103.3,14.462,0.0686,0.0657076,-0.0028924
2026-01-30 19:31:35,Open long,USDT,XAGUSDT,0.2,102.81,20.562,0.0,0.0,-0.0123372
2026-01-30 19:26:10,Close long,USDT,HYPEUSDT,0.97,30.425,29.51225,0.08827,0.07056265,-0.01770735
2026-01-30 19:15:48,Open long,USDT,HYPEUSDT,0.97,30.334,29.42398,0.0,0.0,-0.017654388
2026-01-30 19:11:09,Close long,USDT,HYPEUSDT,1.97,30.106,59.30882,0.15957,0.123984708,-0.035585292
2026-01-30 19:05:05,Open long,USDT,HYPEUSDT,1.97,30.025,59.14925,0.0,0.0,-0.03548955
2026-01-30 18:50:53,Close long,USDT,HYPEUSDT,1.98,29.832,59.06736,-0.19998,-0.235420416,-0.035440416
2026-01-30 18:30:36,Open long,USDT,HYPEUSDT,1.98,29.933,59.26734,0.0,0.0,-0.035560404
2026-01-30 18:17:34,Close short,USDT,PIPPINUSDT,81.0,0.25287,20.48247,0.19359,0.181300518,-0.012289482
2026-01-30 17:58:22,Close short,USDT,XAGUSDT,0.07,98.48,6.8936,0.1589,0.15476384,-0.00413616
2026-01-30 17:42:53,Close short,USDT,XAGUSDT,0.07,98.36,6.8852,0.1673,0.16592296,-0.00137704
2026-01-30 17:27:57,Open short,USDT,XAGUSDT,0.14,100.75,14.105,0.0,0.0,-0.008463
2026-01-30 16:41:51,Close long,USDT,HYPEUSDT,0.7,29.103,20.3721,-0.2387,-0.25092326,-0.01222326
2026-01-30 16:27:45,Open short,USDT,PIPPINUSDT,81.0,0.25526,20.67606,0.0,0.0,-0.012405636
2026-01-30 16:25:17,Open long,USDT,HYPEUSDT,0.63,29.444,18.54972,0.0,0.0,-0.011129832
2026-01-30 16:25:17,Open long,USDT,HYPEUSDT,0.07,29.444,2.06108,0.0,0.0,-0.001236648
2026-01-30 14:22:32,Close short,USDT,RIVERUSDT,1.0,43.054,43.054,2.291,2.2823892,-0.0086108
2026-01-30 14:01:35,Open short,USDT,RIVERUSDT,1.0,45.345,45.345,0.0,0.0,-0.027207
2026-01-30 14:00:33,Close long,USDT,BTCUSDT,0.0007,82834.8,57.98436,-0.07931,-0.114100616,-0.034790616
2026-01-30 13:31:28,Close long,USDT,XAGUSDT,0.39,111.95,43.6605,-0.1638,-0.1899963,-0.0261963
2026-01-30 13:18:26,Open long,USDT,XAGUSDT,0.01,112.37,1.1237,0.0,0.0,-0.00067422
2026-01-30 13:18:26,Open long,USDT,XAGUSDT,0.04,112.37,4.4948,0.0,0.0,-0.00269688
2026-01-30 13:18:26,Open long,USDT,XAGUSDT,0.05,112.37,5.6185,0.0,0.0,-0.0033711
2026-01-30 13:18:26,Open long,USDT,XAGUSDT,0.02,112.37,2.2474,0.0,0.0,-0.00134844
2026-01-30 13:18:26,Open long,USDT,XAGUSDT,0.02,112.37,2.2474,0.0,0.0,-0.00134844
2026-01-30 13:18:26,Open long,USDT,XAGUSDT,0.21,112.37,23.5977,0.0,0.0,-0.01415862
2026-01-30 13:18:26,Open long,USDT,XAGUSDT,0.01,112.37,1.1237,0.0,0.0,-0.00067422
2026-01-30 13:18:26,Open long,USDT,XAGUSDT,0.03,112.37,3.3711,0.0,0.0,-0.00202266
2026-01-30 12:52:17,Open long,USDT,BTCUSDT,0.0007,82948.1,58.06367,0.0,0.0,-0.034838202
2026-01-30 12:40:23,Close long,USDT,BTCUSDT,0.0007,82881.0,58.0167,0.04452,0.00970998,-0.03481002
2026-01-30 12:07:51,Open long,USDT,BTCUSDT,0.0007,82817.4,57.97218,0.0,0.0,-0.034783308
2026-01-30 12:07:29,Close short,USDT,XAUUSDT,0.01,5224.17,52.2417,-0.5546,-0.58594502,-0.03134502
2026-01-30 11:43:57,Open short,USDT,XAUUSDT,0.01,5168.71,51.6871,0.0,0.0,-0.03101226
2026-01-20 20:00:11,Close short,USDT,TSLAUSDT,0.35,427.72,149.702,-0.980961832062,-0.990692462062,-0.00973063
2026-01-20 20:00:11,Close short,USDT,TSLAUSDT,0.12,427.72,51.3264,-0.336329770993,-0.339665986993,-0.003336216
2026-01-20 20:00:11,Close short,USDT,TSLAUSDT,0.12,427.7,51.324,-0.333929770993,-0.337265830993,-0.00333606
2026-01-20 20:00:11,Close short,USDT,TSLAUSDT,0.12,427.7,51.324,-0.333929770993,-0.337265830993,-0.00333606
2026-01-20 20:00:11,Close short,USDT,TSLAUSDT,0.12,427.69,51.3228,-0.332729770993,-0.336065752993,-0.003335982
2026-01-20 20:00:11,Close short,USDT,TSLAUSDT,0.08,427.69,34.2152,-0.221819847329,-0.224043835329,-0.002223988
2026-01-20 20:00:11,Close short,USDT,TSLAUSDT,0.15,427.68,64.152,-0.414412213741,-0.418582093741,-0.00416988
2026-01-20 20:00:11,Close short,USDT,TSLAUSDT,0.01,427.68,4.2768,-0.027627480917,-0.027905472917,-0.000277992
2026-01-20 20:00:11,Close short,USDT,TSLAUSDT,0.12,427.67,51.3204,-0.330329770993,-0.333665596993,-0.003335826
2026-01-20 20:00:11,Close short,USDT,TSLAUSDT,0.12,427.67,51.3204,-0.330329770993,-0.333665596993,-0.003335826
2026-01-20 18:27:26,Open short,USDT,TSLAUSDT,0.65,426.68,277.342,0.0,0.0,-0.01802723
2026-01-20 18:01:48,Open short,USDT,TSLAUSDT,0.16,424.06,67.8496,0.0,0.0,-0.004410224
2026-01-20 17:50:53,Open short,USDT,TSLAUSDT,0.5,422.9,211.45,0.0,0.0,-0.01374425
2026-01-14 08:46:51,Close short,USDT,ZECUSDT,0.276,412.79,113.93004,-6.34524,-6.413598024,-0.068358024
2026-01-14 08:46:51,Close short,USDT,ZECUSDT,0.03,412.72,12.3816,-0.6876,-0.69502896,-0.00742896
2026-01-14 00:46:11,Open short,USDT,ZECUSDT,0.306,389.8,119.2788,0.0,0.0,-0.02385576
2026-01-13 23:58:05,Close long,USDT,BTCUSDT,0.0012,93362.6,112.03512,1.11372,1.091312976,-0.022407024
2026-01-13 22:31:17,Open long,USDT,BTCUSDT,0.0012,92434.5,110.9214,0.0,0.0,-0.02218428
2026-01-13 22:31:08,Close short,USDT,BTCUSDT,0.0013,92417.0,120.1421,-0.769410000001,-0.841495260001,-0.07208526
2026-01-13 22:04:50,Open short,USDT,BTCUSDT,0.0007,91850.3,64.29521,0.0,0.0,-0.012859042
2026-01-13 22:02:48,Open short,USDT,BTCUSDT,0.0006,91795.8,55.07748,0.0,0.0,-0.011015496
2026-01-08 14:17:20,Close short,USDT,DOGEUSDT,265.0,0.14342,38.0063,1.05735,1.04974874,-0.00760126
2026-01-07 21:15:04,Open short,USDT,DOGEUSDT,265.0,0.14741,39.06365,0.0,0.0,-0.02343819
2025-12-16 21:34:03,Close short,USDT,BGBUSDT,1.0,3.54,3.54,0.016,0.013876,-0.002124
2025-12-16 21:34:03,Close short,USDT,BGBUSDT,29.0,3.54,102.66,0.464,0.402404,-0.061596
2025-12-15 22:57:21,Close short,USDT,DOGEUSDT,286.0,0.13294,38.02084,1.06106,1.053455832,-0.007604168
2025-12-15 21:34:01,Open short,USDT,BGBUSDT,8.0,3.556,28.448,0.0,0.0,-0.0170688
2025-12-15 21:34:01,Open short,USDT,BGBUSDT,22.0,3.556,78.232,0.0,0.0,-0.0469392
2025-12-14 19:38:28,Open short,USDT,DOGEUSDT,286.0,0.13665,39.0819,0.0,0.0,-0.02344914
2025-12-14 19:30:24,Close short,USDT,BTCUSDT,0.0024,89397.7,214.55448,0.4284,0.385489104,-0.042910896
2025-12-14 19:25:44,Open short,USDT,BTCUSDT,0.0024,89576.2,214.98288,0.0,0.0,-0.128989728
2025-10-07 22:41:29,Close long,USDT,ORDIUSDT,5.42,8.365,45.3383,-2.058380000005,-2.085582980005,-0.02720298
2025-10-07 20:16:11,Open long,USDT,ORDIUSDT,1.12,8.737,9.78544,0.0,0.0,-0.001957088
2025-10-07 20:14:23,Open long,USDT,ORDIUSDT,2.08,8.769,18.23952,0.0,0.0,-0.003647904
2025-10-07 20:00:28,Open long,USDT,ORDIUSDT,2.22,8.726,19.37172,0.0,0.0,-0.003874344
2025-10-07 13:03:22,Close long,USDT,ORDIUSDT,1.72,8.716,14.99152,-0.04988,-0.052878304,-0.002998304
2025-10-07 13:03:21,Close long,USDT,ORDIUSDT,0.98,8.716,8.54168,-0.02842,-0.030128336,-0.001708336
2025-10-07 13:00:48,Open long,USDT,ORDIUSDT,2.7,8.745,23.6115,0.0,0.0,-0.0047223
2025-10-07 10:46:43,Close long,USDT,ORDIUSDT,5.2,8.691,45.1932,0.199599999996,0.190561359996,-0.00903864
2025-10-06 23:01:41,Open long,USDT,ORDIUSDT,3.4,8.654,29.4236,0.0,0.0,-0.00588472
2025-10-06 23:00:48,Open long,USDT,ORDIUSDT,1.8,8.65,15.57,0.0,0.0,-0.003114
2025-08-13 17:41:05,Close long,USDT,SUIUSDT,169.9,3.9724,674.91076,0.54368,0.408697848,-0.134982152
2025-08-13 16:33:32,Open long,USDT,SUIUSDT,169.9,3.9692,674.36708,0.0,0.0,-0.134873416
2025-08-12 21:37:53,Close long,USDT,ETHUSDT,0.04,4409.0,176.36,-0.4444,-0.479672,-0.035272
2025-08-12 21:22:20,Open long,USDT,ETHUSDT,0.04,4420.11,176.8044,0.0,0.0,-0.03536088
2025-08-11 22:03:44,Close long,USDT,ETHUSDT,0.32,4286.81,1371.7792,3.5328,3.25844416,-0.27435584
2025-08-11 21:57:31,Open long,USDT,ETHUSDT,0.32,4275.77,1368.2464,0.0,0.0,-0.27364928
2025-08-11 21:51:01,Close long,USDT,ETHUSDT,0.16,4277.53,684.4048,0.5504,0.13975712,-0.41064288
2025-08-11 21:48:55,Close long,USDT,ETHUSDT,0.15,4291.37,643.7055,2.592,2.2057767,-0.3862233
2025-08-11 21:46:28,Open long,USDT,ETHUSDT,0.31,4274.09,1324.9679,0.0,0.0,-0.26499358
2025-07-30 16:01:27,Close long,USDT,ETHUSDT,0.15,3807.0,571.05,0.2715,0.15729,-0.11421
2025-07-30 15:57:29,Open long,USDT,ETHUSDT,0.15,3805.19,570.7785,0.0,0.0,-0.1141557
2025-07-30 00:26:18,Close short,USDT,PENGUUSDT,1134.0,0.037784,42.847056,0.11907,0.1105005888,-0.0085694112
2025-07-30 00:26:18,Close short,USDT,PENGUUSDT,10000.0,0.037784,377.84,1.05,0.974432,-0.075568
2025-07-30 00:26:18,Close short,USDT,PENGUUSDT,10000.0,0.037784,377.84,1.05,0.974432,-0.075568
2025-07-30 00:26:18,Close short,USDT,PENGUUSDT,30000.0,0.037784,1133.52,3.15,2.923296,-0.226704
2025-07-30 00:26:18,Close short,USDT,PENGUUSDT,11850.0,0.037784,447.7404,1.24425,1.15470192,-0.08954808
2025-07-30 00:22:54,Open short,USDT,PENGUUSDT,34596.0,0.037889,1310.807844,0.0,0.0,-0.2621615688
2025-07-30 00:22:54,Open short,USDT,PENGUUSDT,9463.0,0.037889,358.543607,0.0,0.0,-0.0717087214
2025-07-30 00:22:54,Open short,USDT,PENGUUSDT,18925.0,0.037889,717.049325,0.0,0.0,-0.143409865
2025-07-30 00:10:52,Close short,USDT,PENGUUSDT,14118.0,0.038514,543.740652,13.990938,13.8821898696,-0.1087481304
2025-07-30 00:10:52,Close short,USDT,PENGUUSDT,25285.0,0.038514,973.82649,25.057435,24.862669702,-0.194765298
2025-07-30 00:10:52,Close short,USDT,PENGUUSDT,10000.0,0.038514,385.14,9.91,9.832972,-0.077028
2025-07-30 00:10:52,Close short,USDT,PENGUUSDT,130.0,0.038514,5.00682,0.12883,0.127828636,-0.001001364
2025-07-29 20:46:26,Open short,USDT,PENGUUSDT,49533.0,0.039505,1956.801165,0.0,0.0,-0.391360233
2025-07-29 20:44:13,Close short,USDT,PENGUUSDT,13147.0,0.039612,520.778964,1.196377,1.0922212072,-0.1041557928
2025-07-29 20:44:13,Close short,USDT,PENGUUSDT,9463.0,0.039612,374.848356,0.861133,0.7861633288,-0.0749696712
2025-07-29 20:30:26,Open short,USDT,PENGUUSDT,22610.0,0.039703,897.68483,0.0,0.0,-0.179536966
2025-07-29 20:27:16,Close short,USDT,PENGUUSDT,21047.0,0.03992,840.19624,0.610363,0.106245256,-0.504117744
2025-07-29 20:27:16,Close short,USDT,PENGUUSDT,89.0,0.039917,3.552613,0.002848,0.0007164322,-0.0021315678
2025-07-29 20:27:16,Close short,USDT,PENGUUSDT,1471.0,0.039915,58.714965,0.050014,0.014785021,-0.035228979
2025-07-29 19:24:32,Open short,USDT,PENGUUSDT,22607.0,0.039949,903.127043,0.0,0.0,-0.1806254086
2025-07-29 19:20:42,Close long,USDT,TRXUSDT,6843.0,0.34482,2359.60326,-38.3208,-39.736561956,-1.415761956
2025-07-29 19:20:42,Close long,USDT,TRXUSDT,15.0,0.34492,5.1738,-0.0825,-0.08560428,-0.00310428
2025-07-29 19:12:51,Open long,USDT,TRXUSDT,6858.0,0.35042,2403.18036,0.0,0.0,-0.480636072
2025-07-28 22:03:48,Close short,USDT,VINEUSDT,728.0,0.13499,98.27272,0.080999999808,0.061345455808,-0.019654544
2025-07-28 21:58:56,Open short,USDT,VINEUSDT,361.0,0.13617,49.15737,0.0,0.0,-0.009831474
2025-07-28 21:57:11,Open short,USDT,VINEUSDT,367.0,0.13405,49.19635,0.0,0.0,-0.00983927
2025-07-28 21:55:40,Close short,USDT,VINEUSDT,738.0,0.1332,98.3016,0.08118,0.06151968,-0.01966032
2025-07-28 21:54:10,Close short,USDT,ETHUSDT,0.05,3841.31,192.0655,0.154,0.1155869,-0.0384131
2025-07-28 21:54:09,Close short,USDT,ETHUSDT,0.2,3841.31,768.262,0.616,0.4623476,-0.1536524
2025-07-28 21:53:35,Open short,USDT,VINEUSDT,738.0,0.13331,98.38278,0.0,0.0,-0.019676556
2025-07-28 21:47:40,Open short,USDT,ETHUSDT,0.25,3844.39,961.0975,0.0,0.0,-0.1922195
2025-07-28 21:45:26,Close short,USDT,ETHUSDT,0.15,3857.34,578.601,-1.002000000001,-1.349160600001,-0.3471606
2025-07-28 21:41:51,Open short,USDT,ETHUSDT,0.07,3863.73,270.4611,0.0,0.0,-0.05409222
2025-07-28 21:39:16,Open short,USDT,ETHUSDT,0.01,3850.35,38.5035,0.0,0.0,-0.0077007
2025-07-28 21:38:17,Open short,USDT,ETHUSDT,0.01,3843.0,38.43,0.0,0.0,-0.007686
2025-07-28 21:38:00,Open short,USDT,ETHUSDT,0.01,3842.63,38.4263,0.0,0.0,-0.00768526
2025-07-28 21:36:17,Open short,USDT,ETHUSDT,0.01,3842.77,38.4277,0.0,0.0,-0.00768554
2025-07-28 21:35:30,Open short,USDT,ETHUSDT,0.02,3835.36,76.7072,0.0,0.0,-0.01534144
2025-07-28 21:34:12,Open short,USDT,ETHUSDT,0.02,3832.16,76.6432,0.0,0.0,-0.01532864
2025-07-28 08:48:20,Close long,USDT,VINEUSDT,387.0,0.15368,59.47416,0.563769999675,0.551875167675,-0.011894832
2025-07-28 08:43:55,Open long,USDT,VINEUSDT,131.0,0.15019,19.67489,0.0,0.0,-0.003934978
2025-07-28 08:43:04,Open long,USDT,VINEUSDT,129.0,0.15246,19.66734,0.0,0.0,-0.003933468
2025-07-28 08:41:36,Open long,USDT,VINEUSDT,127.0,0.15408,19.56816,0.0,0.0,-0.003913632
2025-07-25 23:05:56,Close short,USDT,ETHUSDT,0.02,3627.13,72.5426,0.0582,0.04369148,-0.01450852
2025-07-25 23:00:56,Open short,USDT,ETHUSDT,0.01,3633.54,36.3354,0.0,0.0,-0.00726708
2025-07-25 22:59:24,Open short,USDT,ETHUSDT,0.01,3626.54,36.2654,0.0,0.0,-0.00725308
2025-07-12 00:07:05,Close short,USDT,HYPERUSDT,379.0,0.5171,195.9809,0.301499999669,0.262303819669,-0.03919618
2025-07-12 00:04:41,Open short,USDT,HYPERUSDT,93.0,0.525,48.825,0.0,0.0,-0.009765
2025-07-12 00:04:09,Open short,USDT,HYPERUSDT,94.0,0.5225,49.115,0.0,0.0,-0.009823
2025-07-11 23:56:45,Open short,USDT,HYPERUSDT,192.0,0.5122,98.3424,0.0,0.0,-0.01966848
2025-07-11 15:36:36,Close short,USDT,BTCUSDT,0.0008,117879.9,94.30392,0.30168,0.282819216,-0.018860784
2025-07-11 14:08:46,Open short,USDT,BTCUSDT,0.0008,118257.0,94.6056,0.0,0.0,-0.01892112
2025-07-09 20:09:55,Close short,USDT,BTCUSDT,0.0004,109249.6,43.69984,-0.2558,-0.282019904,-0.026219904
2025-07-08 22:45:42,Open short,USDT,BTCUSDT,0.0004,108610.1,43.44404,0.0,0.0,-0.008688808
2025-07-04 18:21:14,Close long,USDT,ETHUSDT,0.04,2546.96,101.8784,0.2384,0.21802432,-0.02037568
2025-07-04 16:25:14,Open long,USDT,ETHUSDT,0.04,2541.0,101.64,0.0,0.0,-0.020328
2025-07-04 14:53:58,Close long,USDT,ETHUSDT,0.01,2557.48,25.5748,0.0228,0.01768504,-0.00511496
2025-07-04 14:29:03,Open long,USDT,ETHUSDT,0.01,2555.2,25.552,0.0,0.0,-0.0051104
2025-07-04 14:20:03,Close short,USDT,BCHUSDT,0.04,484.21,19.3684,0.2484,0.24452632,-0.00387368
2025-07-04 13:13:56,Open short,USDT,BCHUSDT,0.04,490.42,19.6168,0.0,0.0,-0.00392336
2025-07-04 12:57:00,Close short,USDT,PENGUUSDT,1189.0,0.016355,19.446095,0.235422,0.231532781,-0.003889219
2025-07-04 12:34:11,Open short,USDT,PENGUUSDT,1189.0,0.016553,19.681517,0.0,0.0,-0.0039363034
2025-07-04 12:26:30,Close long,USDT,ETHUSDT,0.04,2577.75,103.11,-0.2213,-0.241922,-0.020622
2025-07-04 12:20:49,Open long,USDT,ETHUSDT,0.01,2581.79,25.8179,0.0,0.0,-0.00516358
2025-07-04 12:17:24,Open long,USDT,ETHUSDT,0.02,2583.78,51.6756,0.0,0.0,-0.01033512
2025-07-04 12:17:22,Open long,USDT,ETHUSDT,0.01,2583.78,25.8378,0.0,0.0,-0.00516756
2025-07-04 12:11:27,Close long,USDT,PENGUUSDT,983.0,0.016785,16.499655,0.01966,0.009760207,-0.009899793
2025-07-04 12:11:27,Close long,USDT,PENGUUSDT,1952.0,0.016786,32.766272,0.040992,0.0213322368,-0.0196597632
2025-07-04 12:01:50,Open long,USDT,PENGUUSDT,2935.0,0.016765,49.205275,0.0,0.0,-0.009841055
2025-07-04 08:37:14,Close short,USDT,BCHUSDT,0.19,495.17,94.0823,0.3933,0.37448354,-0.01881646
2025-07-04 06:21:01,Open short,USDT,BCHUSDT,0.19,497.24,94.4756,0.0,0.0,-0.01889512
2025-07-04 02:57:15,Close short,USDT,BCHUSDT,0.19,498.26,94.6694,0.1634,0.10659836,-0.05680164
2025-07-03 22:31:02,Open short,USDT,BCHUSDT,0.19,499.12,94.8328,0.0,0.0,-0.01896656
2025-07-03 21:32:08,Close short,USDT,BTCUSDT,0.0018,109605.0,197.289,-2.09772,-2.1371778,-0.0394578
2025-07-03 14:21:44,Close short,USDT,BCHUSDT,0.19,508.01,96.5219,0.1254,0.06748686,-0.05791314
2025-07-03 09:47:02,Open short,USDT,BCHUSDT,0.19,508.67,96.6473,0.0,0.0,-0.01932946
2025-07-02 23:46:57,Open short,USDT,BTCUSDT,0.0018,108439.6,195.19128,0.0,0.0,-0.039038256
2025-07-02 16:48:35,Close long,USDT,HUSDT,604.0,0.08185,49.4374,0.28388,0.27399252,-0.00988748
2025-07-02 16:33:44,Open long,USDT,HUSDT,527.0,0.08138,42.88726,0.0,0.0,-0.008577452
2025-07-02 16:33:44,Open long,USDT,HUSDT,77.0,0.08138,6.26626,0.0,0.0,-0.001253252
2025-06-24 01:27:29,Close short,USDT,ETHUSDT,0.24,2268.43,544.4232,-14.320400000001,-14.429284640001,-0.10888464
2025-06-24 00:51:54,Open short,USDT,ETHUSDT,0.04,2217.86,88.7144,0.0,0.0,-0.01774288
2025-06-24 00:41:11,Open short,USDT,ETHUSDT,0.04,2221.38,88.8552,0.0,0.0,-0.01777104
2025-06-24 00:39:33,Open short,USDT,ETHUSDT,0.06,2217.22,133.0332,0.0,0.0,-0.02660664
2025-06-24 00:35:25,Open short,USDT,ETHUSDT,0.1,2195.0,219.5,0.0,0.0,-0.0439
2025-06-23 21:25:09,Close short,USDT,ETHUSDT,0.04,2245.76,89.8304,0.674,0.65603392,-0.01796608
2025-06-23 20:59:12,Open short,USDT,ETHUSDT,0.02,2263.61,45.2722,0.0,0.0,-0.00905444
2025-06-23 20:42:34,Open short,USDT,ETHUSDT,0.02,2261.61,45.2322,0.0,0.0,-0.00904644
2025-06-23 14:53:34,Close short,USDT,BTCUSDT,0.0008,101796.3,81.43704,0.09128,0.042417776,-0.048862224
2025-06-23 14:16:38,Open short,USDT,BTCUSDT,0.0005,101947.9,50.97395,0.0,0.0,-0.01019479
2025-06-23 14:05:47,Open short,USDT,BTCUSDT,0.0003,101847.9,30.55437,0.0,0.0,-0.006110874
2025-06-22 23:58:57,Close short,USDT,BTCUSDT,0.0002,99025.8,19.80516,1.11438,1.110418968,-0.003961032
2025-06-22 22:50:55,Close short,USDT,ETHUSDT,0.02,2201.07,44.0214,0.057,0.04819572,-0.00880428
2025-06-22 22:48:22,Open short,USDT,ETHUSDT,0.02,2203.92,44.0784,0.0,0.0,-0.00881568
2025-06-22 22:42:43,Close short,USDT,ETHUSDT,0.03,2177.18,65.3154,0.159399999999,0.146336919999,-0.01306308
2025-06-22 22:40:43,Open short,USDT,ETHUSDT,0.01,2189.16,21.8916,0.0,0.0,-0.00437832
2025-06-22 22:31:58,Open short,USDT,ETHUSDT,0.02,2179.16,43.5832,0.0,0.0,-0.00871664
2025-06-22 22:30:49,Close short,USDT,ETHUSDT,0.18,2180.7,392.526,1.408799999999,1.173284399999,-0.2355156
2025-06-22 21:46:57,Open short,USDT,ETHUSDT,0.02,2193.02,43.8604,0.0,0.0,-0.00877208
2025-06-22 21:46:25,Open short,USDT,ETHUSDT,0.04,2191.18,87.6472,0.0,0.0,-0.01752944
2025-06-22 21:44:14,Open short,USDT,ETHUSDT,0.04,2185.24,87.4096,0.0,0.0,-0.01748192
2025-06-22 21:44:01,Open short,USDT,ETHUSDT,0.04,2187.39,87.4956,0.0,0.0,-0.01749912
2025-06-22 21:42:50,Open short,USDT,ETHUSDT,0.04,2188.05,87.522,0.0,0.0,-0.0175044
2025-06-22 10:42:00,Close short,USDT,ETHUSDT,0.07,2256.45,157.9515,0.0742,-0.0205709,-0.0947709
2025-06-22 10:42:00,Close short,USDT,ETHUSDT,0.01,2256.31,22.5631,0.012,-0.00153786,-0.01353786
2025-06-22 10:36:02,Open short,USDT,ETHUSDT,0.08,2257.51,180.6008,0.0,0.0,-0.03612016
2025-06-22 10:11:57,Close short,USDT,ETHUSDT,0.08,2265.94,181.2752,0.216,0.17974496,-0.03625504
2025-06-22 10:07:31,Open short,USDT,ETHUSDT,0.08,2268.64,181.4912,0.0,0.0,-0.03629824
2025-06-21 09:57:22,Close short,USDT,ETHUSDT,0.07,2427.18,169.9026,-0.028,-0.06198052,-0.03398052
2025-06-21 09:46:02,Open short,USDT,ETHUSDT,0.07,2426.78,169.8746,0.0,0.0,-0.03397492
2025-06-20 17:07:40,Close long,USDT,ETHUSDT,0.07,2546.76,178.2732,-0.4459,-0.55286392,-0.10696392
2025-06-20 16:55:25,Open long,USDT,ETHUSDT,0.07,2553.13,178.7191,0.0,0.0,-0.03574382
2025-06-20 16:30:31,Close long,USDT,ETHUSDT,0.36,2556.0,920.16,-3.0204,-3.572496,-0.552096
2025-06-20 16:07:29,Open long,USDT,ETHUSDT,0.36,2564.39,923.1804,0.0,0.0,-0.18463608
2025-06-20 16:01:07,Close short,USDT,ETHUSDT,0.24,2548.82,611.7168,-2.159600000001,-2.281943360001,-0.12234336
2025-06-20 15:51:57,Open short,USDT,ETHUSDT,0.07,2548.12,178.3684,0.0,0.0,-0.03567368
2025-06-20 15:45:54,Open short,USDT,ETHUSDT,0.03,2537.99,76.1397,0.0,0.0,-0.01522794
2025-06-20 15:40:06,Open short,USDT,ETHUSDT,0.07,2536.3,177.541,0.0,0.0,-0.0355082
2025-06-20 15:40:05,Open short,USDT,ETHUSDT,0.07,2535.83,177.5081,0.0,0.0,-0.03550162
2025-06-19 21:26:33,Close short,USDT,ETHUSDT,0.16,2522.99,403.6784,-0.311400000001,-0.392135680001,-0.08073568
2025-06-19 20:54:03,Open short,USDT,ETHUSDT,0.03,2521.83,75.6549,0.0,0.0,-0.01513098
2025-06-19 20:51:42,Open short,USDT,ETHUSDT,0.03,2521.49,75.6447,0.0,0.0,-0.01512894
2025-06-19 20:51:41,Open short,USDT,ETHUSDT,0.04,2521.49,100.8596,0.0,0.0,-0.02017192
2025-06-19 20:48:13,Open short,USDT,ETHUSDT,0.03,2521.22,75.6366,0.0,0.0,-0.01512732
2025-06-19 20:47:30,Open short,USDT,ETHUSDT,0.03,2519.04,75.5712,0.0,0.0,-0.01511424
2025-06-19 09:08:38,Close short,USDT,ETHUSDT,0.11,2508.99,275.9889,0.5181,0.46290222,-0.05519778
2025-06-19 09:05:23,Open short,USDT,ETHUSDT,0.11,2513.7,276.507,0.0,0.0,-0.0553014
2025-06-19 09:04:45,Close short,USDT,ETHUSDT,0.07,2522.4,176.568,0.805,0.7696864,-0.0353136
2025-06-19 08:51:23,Open short,USDT,ETHUSDT,0.07,2533.9,177.373,0.0,0.0,-0.0354746
2025-06-18 21:26:12,Close short,USDT,ETHUSDT,0.07,2468.69,172.8083,1.0094,0.97483834,-0.03456166
2025-06-18 21:07:49,Open short,USDT,ETHUSDT,0.07,2483.11,173.8177,0.0,0.0,-0.03476354
2025-06-18 14:58:46,Close short,USDT,ETHUSDT,0.07,2523.83,176.6681,-0.0679,-0.10323362,-0.03533362
2025-06-18 14:46:40,Open short,USDT,ETHUSDT,0.07,2522.86,176.6002,0.0,0.0,-0.03532004
2025-06-18 00:16:43,Close short,USDT,ETHUSDT,0.14,2487.53,348.2542,0.663899999999,0.594249159999,-0.06965084
2025-06-17 23:51:02,Open short,USDT,ETHUSDT,0.03,2495.91,74.8773,0.0,0.0,-0.01497546
2025-06-17 23:49:02,Open short,USDT,ETHUSDT,0.11,2491.28,274.0408,0.0,0.0,-0.05480816
2025-06-17 23:10:10,Open short,USDT,BTCUSDT,0.0002,104597.7,20.91954,0.0,0.0,-0.012551724
2025-06-17 18:36:34,Close short,USDT,ETHUSDT,0.13,2554.5,332.085,0.58045,0.514033,-0.066417
2025-06-17 18:36:34,Close short,USDT,ETHUSDT,0.01,2554.5,25.545,0.04465,0.039541,-0.005109
2025-06-17 18:17:50,Open short,USDT,ETHUSDT,0.05,2558.29,127.9145,0.0,0.0,-0.0255829
2025-06-17 18:17:50,Open short,USDT,ETHUSDT,0.02,2558.29,51.1658,0.0,0.0,-0.01023316
2025-06-17 18:10:53,Open short,USDT,ETHUSDT,0.07,2559.64,179.1748,0.0,0.0,-0.03583496
2025-06-17 17:41:56,Close short,USDT,ETHUSDT,0.07,2563.95,179.4765,0.1372,0.1013047,-0.0358953
2025-06-17 17:12:57,Open short,USDT,ETHUSDT,0.07,2565.91,179.6137,0.0,0.0,-0.03592274
2025-06-17 12:20:27,Close long,USDT,ETHUSDT,0.04,2594.1,103.764,-0.6004,-0.6626584,-0.0622584
2025-06-17 12:20:27,Close long,USDT,ETHUSDT,0.14,2594.13,363.1782,-2.0972,-2.31510692,-0.21790692
2025-06-17 11:08:32,Open long,USDT,ETHUSDT,0.07,2609.11,182.6377,0.0,0.0,-0.03652754
2025-06-17 11:08:31,Open long,USDT,ETHUSDT,0.11,2609.11,287.0021,0.0,0.0,-0.05740042
2025-06-17 08:36:17,Close long,USDT,ETHUSDT,0.03,2570.0,77.1,0.024,0.00858,-0.01542
2025-06-17 08:31:01,Open long,USDT,ETHUSDT,0.03,2569.2,77.076,0.0,0.0,-0.0154152
2025-06-17 08:15:22,Close short,USDT,ETHUSDT,0.39,2529.7,986.583,0.581999999999,0.384683399999,-0.1973166
2025-06-17 08:01:20,Open short,USDT,ETHUSDT,0.35,2530.93,885.8255,0.0,0.0,-0.1771651
2025-06-17 08:01:20,Open short,USDT,ETHUSDT,0.01,2530.93,25.3093,0.0,0.0,-0.00506186
2025-06-17 08:00:52,Open short,USDT,ETHUSDT,0.03,2534.34,76.0302,0.0,0.0,-0.01520604
2025-06-16 20:03:14,Close long,USDT,ETHUSDT,0.1,2608.86,260.886,-1.003,-1.0551772,-0.0521772
2025-06-16 19:56:11,Open long,USDT,ETHUSDT,0.1,2618.89,261.889,0.0,0.0,-0.0523778
2025-06-16 19:47:24,Close short,USDT,ETHUSDT,0.01,2618.62,26.1862,-0.17584,-0.18107724,-0.00523724
2025-06-16 19:47:24,Close short,USDT,ETHUSDT,0.04,2618.62,104.7448,-0.70336,-0.72430896,-0.02094896
2025-06-16 19:38:03,Open short,USDT,ETHUSDT,0.01,2611.6,26.116,0.0,0.0,-0.0052232
2025-06-16 19:35:29,Open short,USDT,ETHUSDT,0.01,2609.93,26.0993,0.0,0.0,-0.00521986
2025-06-16 19:25:42,Open short,USDT,ETHUSDT,0.03,2594.55,77.8365,0.0,0.0,-0.0155673
2025-06-16 09:30:42,Close short,USDT,ETHUSDT,0.11,2519.42,277.1362,0.5016,0.44617276,-0.05542724
2025-06-16 09:14:03,Open short,USDT,ETHUSDT,0.11,2523.98,277.6378,0.0,0.0,-0.05552756
2025-06-15 22:21:55,Close short,USDT,ETHUSDT,0.07,2538.18,177.6726,0.0315,-0.00403452,-0.03553452
2025-06-15 22:18:00,Open short,USDT,ETHUSDT,0.07,2538.63,177.7041,0.0,0.0,-0.03554082
2025-06-15 17:35:02,Close short,USDT,ETHUSDT,0.21,2510.46,527.1966,0.231699999999,0.126260679999,-0.10543932
2025-06-15 17:20:36,Open short,USDT,ETHUSDT,0.14,2510.75,351.505,0.0,0.0,-0.070301
2025-06-15 17:16:13,Open short,USDT,ETHUSDT,0.07,2513.19,175.9233,0.0,0.0,-0.03518466
2025-06-13 22:55:54,Close short,USDT,ETHUSDT,0.4,2537.1,1014.84,-9.402300000001,-9.605268000001,-0.202968
2025-06-13 22:39:55,Open short,USDT,ETHUSDT,0.11,2523.29,277.5619,0.0,0.0,-0.05551238
2025-06-13 22:25:57,Open short,USDT,ETHUSDT,0.07,2514.18,175.9926,0.0,0.0,-0.03519852
2025-06-13 22:24:20,Open short,USDT,ETHUSDT,0.11,2506.72,275.7392,0.0,0.0,-0.05514784
2025-06-13 22:22:44,Open short,USDT,ETHUSDT,0.11,2510.4,276.144,0.0,0.0,-0.0552288
2025-06-13 22:21:46,Close short,USDT,ETHUSDT,0.07,2517.88,176.2516,0.1533,0.11804968,-0.03525032
2025-06-13 22:20:50,Open short,USDT,ETHUSDT,0.07,2520.07,176.4049,0.0,0.0,-0.03528098
2025-06-13 22:20:07,Close short,USDT,ETHUSDT,0.12,2524.59,302.9508,0.243499999999,0.182909839999,-0.06059016
2025-06-13 22:14:55,Open short,USDT,ETHUSDT,0.07,2528.44,176.9908,0.0,0.0,-0.03539816
2025-06-13 22:11:01,Open short,USDT,ETHUSDT,0.05,2524.07,126.2035,0.0,0.0,-0.0252407
2025-06-13 22:10:24,Close short,USDT,ETHUSDT,0.02,2528.43,50.5686,-0.0282,-0.03831372,-0.01011372
2025-06-13 22:09:18,Open short,USDT,ETHUSDT,0.02,2527.02,50.5404,0.0,0.0,-0.01010808
2025-06-13 17:56:25,Close short,USDT,ETHUSDT,0.25,2521.8,630.45,-3.134400000001,-3.260490000001,-0.12609
2025-06-13 17:33:38,Open short,USDT,ETHUSDT,0.07,2508.9,175.623,0.0,0.0,-0.0351246
2025-06-13 17:28:39,Open short,USDT,ETHUSDT,0.07,2512.19,175.8533,0.0,0.0,-0.03517066
2025-06-13 17:26:17,Open short,USDT,ETHUSDT,0.11,2507.63,275.8393,0.0,0.0,-0.05516786
2025-06-13 17:09:57,Close short,USDT,ETHUSDT,0.07,2520.17,176.4119,-0.2548,-0.29008238,-0.03528238
2025-06-13 17:01:02,Open short,USDT,ETHUSDT,0.07,2516.53,176.1571,0.0,0.0,-0.03523142
2025-06-13 12:17:03,Close short,USDT,ETHUSDT,0.16,2495.81,399.3296,0.584,0.50413408,-0.07986592
2025-06-13 12:17:02,Close short,USDT,ETHUSDT,0.02,2495.81,49.9162,0.073,0.06301676,-0.00998324
2025-06-13 12:08:27,Open short,USDT,ETHUSDT,0.03,2499.46,74.9838,0.0,0.0,-0.01499676
2025-06-13 12:08:26,Open short,USDT,ETHUSDT,0.15,2499.46,374.919,0.0,0.0,-0.0749838
2025-06-13 10:56:24,Close short,USDT,ETHUSDT,0.11,2462.8,270.908,0.6853,0.6311184,-0.0541816
2025-06-13 10:48:16,Open short,USDT,ETHUSDT,0.11,2469.03,271.5933,0.0,0.0,-0.05431866
2025-06-13 10:42:20,Close short,USDT,ETHUSDT,0.36,2463.7,886.932,11.2284,11.0510136,-0.1773864
2025-06-13 09:56:52,Open short,USDT,ETHUSDT,0.18,2500.0,450.0,0.0,0.0,-0.09
2025-06-13 09:51:55,Open short,USDT,ETHUSDT,0.08,2489.78,199.1824,0.0,0.0,-0.03983648
2025-06-13 09:51:55,Open short,USDT,ETHUSDT,0.1,2489.78,248.978,0.0,0.0,-0.0497956
2025-06-13 09:49:05,Close short,USDT,ETHUSDT,0.03,2496.61,74.8983,0.1551,0.14012034,-0.01497966
2025-06-13 09:47:16,Open short,USDT,ETHUSDT,0.03,2501.78,75.0534,0.0,0.0,-0.01501068
2025-06-13 09:35:17,Close short,USDT,ETHUSDT,0.11,2479.0,272.69,0.2101,0.155562,-0.054538
2025-06-13 09:31:55,Open short,USDT,ETHUSDT,0.11,2480.91,272.9001,0.0,0.0,-0.05458002
2025-06-13 09:30:34,Close short,USDT,ETHUSDT,0.09,2488.66,223.9794,0.4392,0.39440412,-0.04479588
2025-06-13 09:23:39,Open short,USDT,ETHUSDT,0.09,2493.54,224.4186,0.0,0.0,-0.04488372
2025-06-13 09:20:06,Close short,USDT,ETHUSDT,0.27,2495.56,673.8012,6.005699999999,5.870939759999,-0.13476024
2025-06-13 08:55:42,Open short,USDT,ETHUSDT,0.09,2523.45,227.1105,0.0,0.0,-0.0454221
2025-06-13 08:53:26,Open short,USDT,ETHUSDT,0.09,2511.77,226.0593,0.0,0.0,-0.04521186
2025-06-13 08:51:52,Open short,USDT,ETHUSDT,0.09,2518.19,226.6371,0.0,0.0,-0.04532742
2025-06-12 23:50:23,Close long,USDT,ETHUSDT,0.25,2734.64,683.66,-8.2237,-8.360432,-0.136732
2025-06-12 22:38:55,Open long,USDT,ETHUSDT,0.08,2765.93,221.2744,0.0,0.0,-0.04425488
2025-06-12 22:37:41,Open long,USDT,ETHUSDT,0.17,2768.29,470.6093,0.0,0.0,-0.09412186
2025-06-12 17:07:04,Close long,USDT,ETHUSDT,0.07,2754.76,192.8332,0.4375,0.39893336,-0.03856664
2025-06-12 16:17:59,Open long,USDT,ETHUSDT,0.07,2748.51,192.3957,0.0,0.0,-0.03847914
2025-06-12 16:14:48,Close short,USDT,ETHUSDT,0.17,2748.3,467.211,-2.1216,-2.2150422,-0.0934422
2025-06-12 16:09:54,Open short,USDT,ETHUSDT,0.17,2735.82,465.0894,0.0,0.0,-0.09301788
2025-06-10 10:15:00,Close short,USDT,ETHUSDT,0.17,2688.61,457.0637,0.2635,0.17208726,-0.09141274
2025-06-10 10:07:35,Open short,USDT,ETHUSDT,0.17,2690.16,457.3272,0.0,0.0,-0.09146544
2025-06-07 14:22:58,Close long,USDT,MOODENGUSDT,233.0,0.21184,49.35872,0.3029,0.293028256,-0.009871744
2025-06-07 12:57:23,Open long,USDT,MOODENGUSDT,233.0,0.21054,49.05582,0.0,0.0,-0.009811164
2025-06-04 21:19:23,Close short,USDT,BTCUSDT,0.0007,104904.0,73.4328,1.1172,1.10251344,-0.01468656
2025-06-03 23:19:06,Open short,USDT,BTCUSDT,0.0007,106500.0,74.55,0.0,0.0,-0.01491
2025-06-03 12:33:22,Close short,USDT,ETHUSDT,0.18,2592.2,466.596,0.4284,0.1484424,-0.2799576
2025-06-03 11:12:38,Open short,USDT,ETHUSDT,0.18,2594.58,467.0244,0.0,0.0,-0.09340488
2025-06-02 19:12:36,Close short,USDT,MOODENGUSDT,1569.0,0.19107,299.78883,-4.842840001791,-5.022713299791,-0.179873298
2025-06-02 19:06:46,Open short,USDT,MOODENGUSDT,259.0,0.18953,49.08827,0.0,0.0,-0.009817654
2025-06-02 18:52:43,Open short,USDT,MOODENGUSDT,258.0,0.1904,49.1232,0.0,0.0,-0.00982464
2025-06-02 18:17:31,Open short,USDT,MOODENGUSDT,1052.0,0.18701,196.73452,0.0,0.0,-0.039346904
2025-06-02 18:10:06,Close short,USDT,MOODENGUSDT,1050.0,0.1878,197.19,-0.42058000005,-0.53889400005,-0.118314
2025-06-02 17:49:45,Open short,USDT,MOODENGUSDT,526.0,0.18711,98.41986,0.0,0.0,-0.019683972
2025-06-02 17:47:22,Open short,USDT,MOODENGUSDT,524.0,0.18769,98.34956,0.0,0.0,-0.019669912
2025-06-02 14:04:14,Close short,USDT,ETHUSDT,0.33,2496.87,823.9671,-3.1317,-3.62608026,-0.49438026
2025-06-02 14:04:02,Close short,USDT,ETHUSDT,0.05,2492.92,124.646,-0.277,-0.3019292,-0.0249292
2025-06-02 13:42:23,Open short,USDT,ETHUSDT,0.38,2487.38,945.2044,0.0,0.0,-0.18904088
2025-06-02 13:37:51,Close long,USDT,ETHUSDT,0.09,2486.11,223.7499,-0.3591,-0.49334994,-0.13424994
2025-06-02 13:21:14,Open long,USDT,ETHUSDT,0.09,2490.1,224.109,0.0,0.0,-0.0448218
2025-06-02 13:06:34,Close short,USDT,ETHUSDT,0.38,2493.72,947.6136,1.2844,1.09487728,-0.18952272
2025-06-02 12:37:41,Open short,USDT,ETHUSDT,0.38,2497.1,948.898,0.0,0.0,-0.1897796
2025-06-02 12:35:07,Close short,USDT,WCTUSDT,90.0,0.5456,49.104,-0.117,-0.1464624,-0.0294624
2025-06-02 12:30:21,Open short,USDT,WCTUSDT,36.0,0.5443,19.5948,0.0,0.0,-0.00391896
2025-06-02 12:30:21,Open short,USDT,WCTUSDT,36.0,0.5443,19.5948,0.0,0.0,-0.00391896
2025-06-02 12:30:21,Open short,USDT,WCTUSDT,18.0,0.5443,9.7974,0.0,0.0,-0.00195948
2025-06-02 12:27:27,Close short,USDT,WCTUSDT,3.0,0.5471,1.6413,0.0018,0.00081522,-0.00098478
2025-06-02 12:26:45,Open short,USDT,WCTUSDT,3.0,0.5477,1.6431,0.0,0.0,-0.00032862
2025-06-02 12:25:12,Close short,USDT,WCTUSDT,383.0,0.5467,209.3861,-4.129400000537,-4.255031660537,-0.12563166
2025-06-02 11:29:53,Open short,USDT,WCTUSDT,36.0,0.5399,19.4364,0.0,0.0,-0.00388728
2025-06-02 11:22:24,Open short,USDT,WCTUSDT,54.0,0.5385,29.079,0.0,0.0,-0.0058158
2025-06-02 11:21:56,Open short,USDT,WCTUSDT,54.0,0.5371,29.0034,0.0,0.0,-0.00580068
2025-06-02 11:15:14,Open short,USDT,WCTUSDT,55.0,0.5357,29.4635,0.0,0.0,-0.0058927
2025-06-02 11:05:54,Open short,USDT,WCTUSDT,92.0,0.5338,49.1096,0.0,0.0,-0.00982192
2025-06-02 11:04:11,Open short,USDT,WCTUSDT,92.0,0.5344,49.1648,0.0,0.0,-0.00983296
2025-06-01 17:19:40,Close short,USDT,WCTUSDT,173.0,0.5535,95.7555,2.6123,2.5931489,-0.0191511
2025-06-01 16:56:14,Open short,USDT,WCTUSDT,173.0,0.5686,98.3678,0.0,0.0,-0.01967356
2025-06-01 16:50:02,Close short,USDT,WCTUSDT,85.0,0.5758,48.943,-0.051,-0.0607886,-0.0097886
2025-06-01 16:35:54,Open short,USDT,WCTUSDT,85.0,0.5752,48.892,0.0,0.0,-0.0097784
2025-06-01 14:18:54,Close short,USDT,ZENUSDT,4.5,10.777,48.4965,-0.018,-0.0470979,-0.0290979
2025-06-01 14:10:19,Open short,USDT,ZENUSDT,4.5,10.773,48.4785,0.0,0.0,-0.0096957
2025-06-01 14:05:27,Close long,USDT,ZENUSDT,2.5,10.714,26.785,-0.5,-0.516071,-0.016071
2025-06-01 14:05:27,Close long,USDT,ZENUSDT,1.0,10.717,10.717,-0.197,-0.2034302,-0.0064302
2025-06-01 14:05:27,Close long,USDT,ZENUSDT,1.0,10.719,10.719,-0.195,-0.2014314,-0.0064314
2025-06-01 14:01:18,Open long,USDT,ZENUSDT,4.5,10.914,49.113,0.0,0.0,-0.0098226
2025-06-01 13:51:29,Close long,USDT,ZENUSDT,4.3,10.719,46.0917,-1.2814,-1.30905502,-0.02765502
2025-06-01 13:51:29,Close long,USDT,ZENUSDT,0.1,10.731,1.0731,-0.0286,-0.02924386,-0.00064386
2025-06-01 13:41:41,Open long,USDT,ZENUSDT,4.4,11.017,48.4748,0.0,0.0,-0.00969496
2025-06-01 13:21:42,Close long,USDT,UNIUSDT,7.0,6.212,43.484,-0.462,-0.4880904,-0.0260904
2025-06-01 13:04:39,Open long,USDT,UNIUSDT,7.0,6.278,43.946,0.0,0.0,-0.0087892
2025-06-01 10:26:30,Close short,USDT,ETHUSDT,0.15,2507.43,376.1145,0.582,0.3563313,-0.2256687
2025-05-31 18:46:24,Open short,USDT,ETHUSDT,0.15,2511.31,376.6965,0.0,0.0,-0.0753393
2025-05-31 16:14:10,Close long,USDT,LPTUSDT,8.3,12.053,100.0399,2.0169,1.99689202,-0.02000798
2025-05-31 16:11:57,Open long,USDT,LPTUSDT,4.2,11.81,49.602,0.0,0.0,-0.0099204
2025-05-31 16:11:57,Open long,USDT,LPTUSDT,4.1,11.81,48.421,0.0,0.0,-0.0096842
2025-05-31 16:04:06,Close long,USDT,WCTUSDT,147.0,1.3333,195.9951,0.8379,0.72030294,-0.11759706
2025-05-31 15:21:42,Open long,USDT,WCTUSDT,147.0,1.3276,195.1572,0.0,0.0,-0.03903144
2025-05-31 15:18:48,Close long,USDT,WCTUSDT,37.0,1.32,48.84,1.2321,1.222332,-0.009768
2025-05-31 15:11:02,Open long,USDT,WCTUSDT,37.0,1.2867,47.6079,0.0,0.0,-0.00952158
2025-05-31 10:52:03,Close short,USDT,HUMAUSDT,5318.0,0.0366,194.6388,2.18038,2.14145224,-0.03892776
2025-05-31 09:42:31,Open short,USDT,HUMAUSDT,5318.0,0.03701,196.81918,0.0,0.0,-0.039363836
2025-05-31 00:49:54,Close short,USDT,SNTUSDT,511.0,0.03872,19.78592,0.1533,0.149342816,-0.003957184
2025-05-31 00:49:54,Close short,USDT,SNTUSDT,4533.0,0.03872,175.51776,1.3599,1.324796448,-0.035103552
2025-05-31 00:32:10,Open short,USDT,SNTUSDT,5044.0,0.03902,196.81688,0.0,0.0,-0.039363376
2025-05-30 15:39:59,Close short,USDT,PRAIUSDT,2833.0,0.03421,96.91693,1.50149,1.482106614,-0.019383386
2025-05-30 15:33:24,Open short,USDT,PRAIUSDT,2833.0,0.03474,98.41842,0.0,0.0,-0.019683684
2025-05-30 13:07:58,Close long,USDT,WCTUSDT,149.0,1.3395,199.5855,3.6505,3.6105829,-0.0399171
2025-05-30 12:43:07,Open long,USDT,WCTUSDT,149.0,1.315,195.935,0.0,0.0,-0.039187
2025-05-29 21:39:52,Close short,USDT,UNIUSDT,13.0,6.929,90.077,1.56,1.5419846,-0.0180154
2025-05-29 20:47:18,Open short,USDT,UNIUSDT,13.0,7.049,91.637,0.0,0.0,-0.0183274
2025-05-29 18:25:44,Close long,USDT,GRAMUSDT,59.1,3.31,195.621,-1.19973,-1.3171026,-0.1173726
2025-05-29 18:10:28,Open long,USDT,GRAMUSDT,15.8,3.3303,52.61874,0.0,0.0,-0.010523748
2025-05-29 18:10:19,Open long,USDT,GRAMUSDT,43.3,3.3303,144.20199,0.0,0.0,-0.028840398
2025-05-29 18:08:34,Close long,USDT,UNIUSDT,27.0,7.1,191.7,-1.674,-1.78902,-0.11502
2025-05-29 17:46:44,Open long,USDT,UNIUSDT,27.0,7.162,193.374,0.0,0.0,-0.0386748
2025-05-29 17:45:23,Close long,USDT,WCTUSDT,182.0,1.0534,191.7188,-3.088900000186,-3.203931280186,-0.11503128
2025-05-29 17:26:31,Open long,USDT,WCTUSDT,46.0,1.0592,48.7232,0.0,0.0,-0.00974464
2025-05-29 17:25:45,Open long,USDT,WCTUSDT,91.0,1.072,97.552,0.0,0.0,-0.0195104
2025-05-29 17:25:27,Open long,USDT,WCTUSDT,45.0,1.0785,48.5325,0.0,0.0,-0.0097065
2025-05-29 17:00:14,Close long,USDT,WCTUSDT,185.0,1.0668,197.358,0.97609999996,0.85768519996,-0.1184148
2025-05-29 16:34:30,Open long,USDT,WCTUSDT,93.0,1.0567,98.2731,0.0,0.0,-0.01965462
2025-05-29 16:16:01,Open long,USDT,WCTUSDT,92.0,1.0664,98.1088,0.0,0.0,-0.01962176
2025-05-29 14:57:43,Close long,USDT,WCTUSDT,26.0,1.0464,27.2064,-0.1716,-0.18792384,-0.01632384
2025-05-29 14:57:43,Close long,USDT,WCTUSDT,67.0,1.0465,70.1155,-0.4355,-0.4775693,-0.0420693
2025-05-29 14:40:00,Open long,USDT,WCTUSDT,93.0,1.053,97.929,0.0,0.0,-0.0195858
2025-05-29 14:35:14,Close long,USDT,WCTUSDT,71.0,1.061,75.331,0.5538,0.5086014,-0.0451986
2025-05-29 14:35:14,Close long,USDT,WCTUSDT,20.0,1.061,21.22,0.156,0.143268,-0.012732
2025-05-29 14:35:14,Close long,USDT,WCTUSDT,2.0,1.0612,2.1224,0.016,0.01472656,-0.00127344
2025-05-29 13:01:50,Open long,USDT,WCTUSDT,93.0,1.0532,97.9476,0.0,0.0,-0.01958952
2025-05-29 13:01:12,Close long,USDT,UNIUSDT,13.0,7.246,94.198,-1.235,-1.2915188,-0.0565188
2025-05-29 12:41:48,Open long,USDT,UNIUSDT,13.0,7.341,95.433,0.0,0.0,-0.0190866
2025-05-29 12:41:10,Close long,USDT,UNIUSDT,4.0,7.387,29.548,-0.484,-0.5017288,-0.0177288
2025-05-29 12:41:10,Close long,USDT,UNIUSDT,4.0,7.388,29.552,-0.48,-0.4977312,-0.0177312
2025-05-29 12:41:10,Close long,USDT,UNIUSDT,2.0,7.388,14.776,-0.24,-0.2488656,-0.0088656
2025-05-29 12:41:10,Close long,USDT,UNIUSDT,3.0,7.388,22.164,-0.36,-0.3732984,-0.0132984
2025-05-29 11:54:46,Open long,USDT,UNIUSDT,11.0,7.508,82.588,0.0,0.0,-0.0165176
2025-05-29 11:54:44,Open long,USDT,UNIUSDT,2.0,7.508,15.016,0.0,0.0,-0.0030032
2025-05-29 10:41:46,Close long,USDT,WCTUSDT,104.0,0.974,101.296,3.2448,3.2245408,-0.0202592
2025-05-29 10:11:23,Open long,USDT,WCTUSDT,104.0,0.9428,98.0512,0.0,0.0,-0.01961024
2025-05-29 10:07:16,Close long,USDT,WCTUSDT,104.0,0.947,98.488,0.988,0.9683024,-0.0196976
2025-05-29 10:04:46,Open long,USDT,WCTUSDT,104.0,0.9375,97.5,0.0,0.0,-0.0195
2025-05-28 22:54:51,Close short,USDT,TRBUSDT,1.6,48.48,77.568,0.7296,0.7140864,-0.0155136
2025-05-28 22:48:21,Open short,USDT,TRBUSDT,1.6,48.936,78.2976,0.0,0.0,-0.01565952
2025-05-28 12:55:33,Close long,USDT,UNIUSDT,12.0,6.659,79.908,1.284,1.2360552,-0.0479448
2025-05-28 12:55:33,Close long,USDT,UNIUSDT,3.0,6.659,19.977,0.321,0.3090138,-0.0119862
2025-05-28 12:43:42,Open long,USDT,UNIUSDT,15.0,6.552,98.28,0.0,0.0,-0.019656
2025-05-28 10:43:08,Close long,USDT,WCTUSDT,106.0,0.958,101.548,3.4238,3.4034904,-0.0203096
2025-05-28 09:32:17,Open long,USDT,WCTUSDT,106.0,0.9257,98.1242,0.0,0.0,-0.01962484
2025-05-28 09:25:17,Close long,USDT,TRBUSDT,1.5,51.812,77.718,0.18375,0.1371192,-0.0466308
2025-05-28 09:25:17,Close long,USDT,TRBUSDT,0.1,51.818,5.1818,0.01285,0.00974092,-0.00310908
2025-05-28 09:25:17,Close long,USDT,TRBUSDT,0.2,51.824,10.3648,0.0269,0.02068112,-0.00621888
2025-05-28 08:52:45,Open long,USDT,TRBUSDT,0.9,51.586,46.4274,0.0,0.0,-0.00928548
2025-05-28 08:48:22,Open long,USDT,TRBUSDT,0.9,51.793,46.6137,0.0,0.0,-0.00932274
2025-05-27 23:19:39,Close long,USDT,ETHUSDT,0.07,2668.0,186.76,0.3122,0.274848,-0.037352
2025-05-27 22:04:12,Open long,USDT,ETHUSDT,0.06,2663.54,159.8124,0.0,0.0,-0.03196248
2025-05-27 22:04:09,Open long,USDT,ETHUSDT,0.01,2663.54,26.6354,0.0,0.0,-0.00532708
2025-05-27 21:01:24,Close short,USDT,BUSDT,132.0,0.3672,48.4704,0.6336,0.62390592,-0.00969408
2025-05-27 20:41:04,Open short,USDT,BUSDT,132.0,0.372,49.104,0.0,0.0,-0.0098208
2025-05-27 20:35:20,Close short,USDT,BUSDT,258.0,0.3746,96.6468,1.4448,1.38681192,-0.05798808
2025-05-27 20:05:16,Open short,USDT,BUSDT,258.0,0.3802,98.0916,0.0,0.0,-0.05885496
2025-05-27 20:02:36,Close short,USDT,BUSDT,259.0,0.384,99.456,-1.3986,-1.4582736,-0.0596736
2025-05-27 18:54:02,Open short,USDT,BUSDT,15.0,0.3786,5.679,0.0,0.0,-0.0011358
2025-05-27 18:54:02,Open short,USDT,BUSDT,244.0,0.3786,92.3784,0.0,0.0,-0.01847568
2025-05-27 09:10:54,Close short,USDT,ETHUSDT,0.07,2538.0,177.66,0.7378,0.702268,-0.035532
2025-05-27 09:00:53,Open short,USDT,ETHUSDT,0.07,2548.54,178.3978,0.0,0.0,-0.10703868
2025-05-26 22:21:59,Close long,USDT,ETHUSDT,0.22,2545.02,559.9044,-3.815000000001,-4.150942640001,-0.33594264
2025-05-26 21:54:05,Open long,USDT,ETHUSDT,0.07,2552.0,178.64,0.0,0.0,-0.035728
2025-05-26 21:10:29,Open long,USDT,ETHUSDT,0.02,2561.01,51.2202,0.0,0.0,-0.03073212
2025-05-26 21:10:29,Open long,USDT,ETHUSDT,0.01,2561.01,25.6101,0.0,0.0,-0.01536606
2025-05-26 21:00:38,Open long,USDT,ETHUSDT,0.06,2568.15,154.089,0.0,0.0,-0.0924534
2025-05-26 20:58:43,Open long,USDT,ETHUSDT,0.03,2568.0,77.04,0.0,0.0,-0.015408
2025-05-26 20:55:30,Open long,USDT,ETHUSDT,0.03,2570.67,77.1201,0.0,0.0,-0.04627206
2025-05-26 19:10:40,Close short,USDT,ETHUSDT,0.18,2562.22,461.1996,0.562199999999,0.285480239999,-0.27671976
2025-05-26 17:15:17,Open short,USDT,ETHUSDT,0.03,2572.26,77.1678,0.0,0.0,-0.01543356
2025-05-26 17:02:14,Open short,USDT,ETHUSDT,0.15,2563.96,384.594,0.0,0.0,-0.2307564
2025-05-26 16:35:48,Close long,USDT,ETHUSDT,0.01,2572.79,25.7279,0.0279,0.01246326,-0.01543674
2025-05-26 16:31:43,Open long,USDT,ETHUSDT,0.01,2570.0,25.7,0.0,0.0,-0.00514
2025-05-26 16:25:50,Close long,USDT,ETHUSDT,0.03,2573.43,77.2029,-0.0138,-0.06012174,-0.04632174
2025-05-26 16:25:45,Open long,USDT,ETHUSDT,0.03,2573.89,77.2167,0.0,0.0,-0.01544334
2025-05-26 16:24:27,Close long,USDT,ETHUSDT,0.1,2575.0,257.5,-1.5663,-1.7208,-0.1545
2025-05-26 15:18:10,Open long,USDT,ETHUSDT,0.03,2586.33,77.5899,0.0,0.0,-0.04655394
2025-05-26 15:12:22,Open long,USDT,ETHUSDT,0.07,2592.52,181.4764,0.0,0.0,-0.10888584
2025-05-22 08:55:03,Close long,USDT,DOGEUSDT,125.0,0.23816,29.77,0.27125,0.253388,-0.017862
2025-05-22 08:44:35,Open long,USDT,DOGEUSDT,125.0,0.23599,29.49875,0.0,0.0,-0.01769925
2025-05-15 13:47:09,Close short,USDT,DOGEUSDT,762.0,0.22901,174.50562,2.8194,2.714696628,-0.104703372
2025-05-15 11:52:27,Open short,USDT,DOGEUSDT,535.0,0.23271,124.49985,0.0,0.0,-0.02489997
2025-05-15 11:52:27,Open short,USDT,DOGEUSDT,227.0,0.23271,52.82517,0.0,0.0,-0.010565034
2025-05-15 09:31:22,Close long,USDT,DOGEUSDT,679.0,0.23238,157.78602,-1.45306,-1.484617204,-0.031557204
2025-05-15 09:31:22,Close long,USDT,DOGEUSDT,158.0,0.23238,36.71604,-0.33812,-0.345463208,-0.007343208
2025-05-15 09:19:36,Open long,USDT,DOGEUSDT,837.0,0.23452,196.29324,0.0,0.0,-0.117775944
2025-05-15 09:19:12,Close short,USDT,DOGEUSDT,683.0,0.23448,160.14984,-0.16392,-0.260009904,-0.096089904
2025-05-15 09:12:45,Open short,USDT,DOGEUSDT,683.0,0.23424,159.98592,0.0,0.0,-0.095991552
2025-05-14 15:35:06,Close short,USDT,PEPEUSDT,7918000.0,1.41368e-05,111.9351824,0.3151364,0.24797529056,-0.06716110944
2025-05-14 15:35:06,Close short,USDT,PEPEUSDT,458000.0,1.41365e-05,6.474517,0.0183658,0.0144810898,-0.0038847102
2025-05-14 15:35:06,Close short,USDT,PEPEUSDT,2870000.0,1.4136e-05,40.57032,0.116522,0.092179808,-0.024342192
2025-05-14 15:35:06,Close short,USDT,PEPEUSDT,466000.0,1.41357e-05,6.5872362,0.0190594,0.01510705828,-0.00395234172
2025-05-14 15:35:06,Close short,USDT,PEPEUSDT,538000.0,1.41355e-05,7.604899,0.0221118,0.0175488606,-0.0045629394
2025-05-14 15:35:06,Close short,USDT,PEPEUSDT,1354000.0,1.41351e-05,19.1389254,0.056191,0.04470764476,-0.01148335524
2025-05-14 15:35:06,Close short,USDT,PEPEUSDT,281000.0,1.41345e-05,3.9717945,0.0118301,0.0094470233,-0.0023830767
2025-05-14 15:17:24,Open short,USDT,PEPEUSDT,13885000.0,1.41766e-05,196.842091,0.0,0.0,-0.1181052546
2025-05-13 13:21:16,Close long,USDT,DOGEUSDT,437.0,0.2225,97.2325,0.10488,0.0465405,-0.0583395
2025-05-13 13:21:16,Close long,USDT,DOGEUSDT,44.0,0.22251,9.79044,0.011,0.005125736,-0.005874264
2025-05-13 13:21:16,Close long,USDT,DOGEUSDT,139.0,0.22251,30.92889,0.03475,0.016192666,-0.018557334
2025-05-13 12:32:36,Open long,USDT,DOGEUSDT,620.0,0.22226,137.8012,0.0,0.0,-0.08268072
2025-05-13 11:27:57,Close long,USDT,DOGEUSDT,21.0,0.21932,4.60572,-0.04767,-0.050433432,-0.002763432
2025-05-13 11:27:57,Close long,USDT,DOGEUSDT,663.0,0.21932,145.40916,-1.50501,-1.592255496,-0.087245496
2025-05-13 10:57:48,Open long,USDT,DOGEUSDT,684.0,0.22159,151.56756,0.0,0.0,-0.090940536
2025-05-13 10:55:21,Close short,USDT,DOGEUSDT,699.0,0.22131,154.69569,-0.577040000325,-0.669857414325,-0.092817414
2025-05-13 10:33:01,Open short,USDT,DOGEUSDT,340.0,0.22126,75.2284,0.0,0.0,-0.04513704
2025-05-13 10:22:14,Open short,USDT,DOGEUSDT,359.0,0.21975,78.89025,0.0,0.0,-0.04733415
2025-05-11 21:27:30,Close long,USDT,ETHUSDT,0.08,2505.08,200.4064,-1.3296,-1.44984384,-0.12024384
2025-05-11 20:40:02,Open long,USDT,ETHUSDT,0.08,2521.7,201.736,0.0,0.0,-0.0403472
2025-05-11 08:16:36,Close short,USDT,DOGEUSDT,504.0,0.25591,128.97864,0.77616,0.698772816,-0.077387184
2025-05-11 08:15:15,Open short,USDT,DOGEUSDT,504.0,0.25745,129.7548,0.0,0.0,-0.02595096
2025-05-10 20:03:38,Close short,USDT,DOGEUSDT,553.0,0.2239,123.8167,-0.39263,-0.46692002,-0.07429002
2025-05-10 19:41:57,Open short,USDT,DOGEUSDT,268.0,0.22319,59.81492,0.0,0.0,-0.011962984
2025-05-10 19:41:57,Open short,USDT,DOGEUSDT,285.0,0.22319,63.60915,0.0,0.0,-0.01272183
2025-05-10 17:10:08,Close short,USDT,ETHUSDT,0.12,2373.0,284.76,0.4992,0.442248,-0.056952
2025-05-10 16:58:11,Open short,USDT,ETHUSDT,0.12,2377.16,285.2592,0.0,0.0,-0.17115552
2025-05-10 16:50:24,Close long,USDT,ETHUSDT,0.3,2406.0,721.8,-3.396,-3.82908,-0.43308
2025-05-10 16:21:24,Open long,USDT,ETHUSDT,0.3,2417.32,725.196,0.0,0.0,-0.4351176
2025-05-09 17:07:55,Close long,USDT,ADAUSDT,371.0,0.7927,294.0917,0.5936,0.41714498,-0.17645502
2025-05-09 16:58:58,Open long,USDT,ADAUSDT,358.0,0.7911,283.2138,0.0,0.0,-0.05664276
2025-05-09 16:58:38,Open long,USDT,ADAUSDT,13.0,0.7911,10.2843,0.0,0.0,-0.00617058
2025-05-09 16:57:14,Close long,USDT,ADAUSDT,10.0,0.7867,7.867,-0.058,-0.0627202,-0.0047202
2025-05-09 16:57:14,Close long,USDT,ADAUSDT,360.0,0.7871,283.356,-1.944,-2.0006712,-0.0566712
2025-05-09 16:46:12,Open long,USDT,ADAUSDT,349.0,0.7925,276.5825,0.0,0.0,-0.0553165
2025-05-09 16:46:12,Open long,USDT,ADAUSDT,21.0,0.7925,16.6425,0.0,0.0,-0.0033285
2025-05-09 16:40:13,Close long,USDT,ADAUSDT,403.0,0.8057,324.6971,3.7479,3.55308174,-0.19481826
2025-05-09 16:40:13,Close long,USDT,ADAUSDT,88.0,0.8057,70.9016,0.8184,0.77585904,-0.04254096
2025-05-09 16:01:48,Open long,USDT,ADAUSDT,37.0,0.7964,29.4668,0.0,0.0,-0.00589336
2025-05-09 16:01:13,Open long,USDT,ADAUSDT,89.0,0.7964,70.8796,0.0,0.0,-0.01417592
2025-05-09 16:00:42,Open long,USDT,ADAUSDT,48.0,0.7964,38.2272,0.0,0.0,-0.02293632
2025-05-09 16:00:42,Open long,USDT,ADAUSDT,317.0,0.7964,252.4588,0.0,0.0,-0.15147528
2025-05-09 15:56:53,Close long,USDT,ADAUSDT,239.0,0.7908,189.0012,2.356115311818,2.318315071818,-0.03780024
2025-05-09 15:56:53,Close long,USDT,ADAUSDT,290.0,0.7908,229.332,2.85888468798,2.81301828798,-0.0458664
2025-05-09 15:18:37,Open long,USDT,ADAUSDT,125.0,0.7814,97.675,0.0,0.0,-0.058605
2025-05-09 15:18:04,Open long,USDT,ADAUSDT,404.0,0.7808,315.4432,0.0,0.0,-0.18926592
2025-05-09 15:15:53,Close long,USDT,ADAUSDT,216.0,0.7782,168.0912,3.8448,3.81118176,-0.03361824
2025-05-09 15:15:50,Close long,USDT,ADAUSDT,15.0,0.7782,11.673,0.267,0.2646654,-0.0023346
2025-05-09 15:15:44,Close long,USDT,ADAUSDT,8.0,0.7782,6.2256,0.1424,0.14115488,-0.00124512
2025-05-09 13:15:03,Open long,USDT,ADAUSDT,84.0,0.7604,63.8736,0.0,0.0,-0.01277472
2025-05-09 13:14:45,Open long,USDT,ADAUSDT,77.0,0.7604,58.5508,0.0,0.0,-0.03513048
2025-05-09 13:14:45,Open long,USDT,ADAUSDT,69.0,0.7604,52.4676,0.0,0.0,-0.03148056
2025-05-09 13:14:45,Open long,USDT,ADAUSDT,2.0,0.7604,1.5208,0.0,0.0,-0.00091248
2025-05-09 13:14:45,Open long,USDT,ADAUSDT,7.0,0.7604,5.3228,0.0,0.0,-0.00319368
2025-05-09 12:32:02,Close long,USDT,ADAUSDT,43.0,0.7582,32.6026,0.0129,-0.00666156,-0.01956156
2025-05-09 12:31:46,Open long,USDT,ADAUSDT,43.0,0.7579,32.5897,0.0,0.0,-0.01955382
2025-05-09 12:31:09,Close long,USDT,ADAUSDT,83.0,0.7577,62.8891,-0.0249,-0.06263346,-0.03773346
2025-05-09 12:31:09,Close long,USDT,ADAUSDT,3.0,0.7577,2.2731,-0.0009,-0.00226386,-0.00136386
2025-05-09 12:31:05,Open long,USDT,ADAUSDT,86.0,0.758,65.188,0.0,0.0,-0.0391128
2025-05-09 12:30:36,Close long,USDT,ADAUSDT,454.0,0.7581,344.1774,-0.419100000316,-0.625606440316,-0.20650644
2025-05-09 12:30:17,Open long,USDT,ADAUSDT,105.0,0.7591,79.7055,0.0,0.0,-0.0478233
2025-05-09 12:30:17,Open long,USDT,ADAUSDT,294.0,0.759,223.146,0.0,0.0,-0.1338876
2025-05-09 12:30:17,Open long,USDT,ADAUSDT,55.0,0.759,41.745,0.0,0.0,-0.025047
2025-03-31 23:26:00,Close long,USDT,XRPUSDT,9.0,2.1307,19.1763,0.3483,0.33679422,-0.01150578
2025-03-31 11:16:51,Open long,USDT,XRPUSDT,9.0,2.092,18.828,0.0,0.0,-0.0112968
2025-03-06 15:38:57,Close short,USDT,ETHUSDT,0.18,2293.4,412.812,0.9162,0.6685128,-0.2476872
2025-03-06 14:26:35,Open short,USDT,ETHUSDT,0.18,2298.49,413.7282,0.0,0.0,-0.24823692
2025-03-04 11:41:47,Close short,USDT,BTCUSDT,0.0007,84077.0,58.8539,-0.01652,-0.05183234,-0.03531234
2025-03-04 11:40:54,Open short,USDT,BTCUSDT,0.0007,84053.4,58.83738,0.0,0.0,-0.011767476
2025-03-04 11:39:19,Close short,USDT,BGBUSDT,4.0,4.167,16.668,-0.108,-0.1180008,-0.0100008
2025-03-04 10:21:00,Open short,USDT,BGBUSDT,4.0,4.14,16.56,0.0,0.0,-0.009936
2025-03-04 10:07:10,Close short,USDT,BTCUSDT,0.0075,82506.2,618.7965,1.2135,0.8422221,-0.3712779
2025-03-04 10:06:32,Open short,USDT,BTCUSDT,0.0075,82668.0,620.01,0.0,0.0,-0.372006
2025-03-04 10:01:51,Close short,USDT,BTCUSDT,0.0345,83356.9,2875.81305,6.79305,5.06756217,-1.72548783
2025-03-04 09:56:24,Open short,USDT,BTCUSDT,0.0345,83553.8,2882.6061,0.0,0.0,-1.72956366
2025-03-03 09:16:35,Close short,USDT,BTCUSDT,0.0069,92817.4,640.44006,5.6028,5.474711988,-0.128088012
2025-03-03 09:16:35,Close short,USDT,BTCUSDT,0.0004,92817.4,37.12696,0.3248,0.317374608,-0.007425392
2025-03-03 08:26:41,Open short,USDT,BTCUSDT,0.0073,93629.4,683.49462,0.0,0.0,-0.410096772
2025-03-02 23:52:19,Close long,USDT,BTCUSDT,0.0012,87385.8,104.86296,0.18456,0.121642224,-0.062917776
2025-03-02 23:51:49,Open long,USDT,BTCUSDT,0.0012,87232.0,104.6784,0.0,0.0,-0.06280704
2025-03-01 16:26:15,Close short,USDT,BTCUSDT,0.0001,85215.7,8.52157,-0.02796,-0.033072942,-0.005112942
2025-03-01 15:15:06,Open short,USDT,BTCUSDT,0.0001,84936.1,8.49361,0.0,0.0,-0.005096166
2025-02-28 22:34:44,Close short,USDT,BTCUSDT,0.0001,81094.7,8.10947,0.02345,0.018584318,-0.004865682
2025-02-28 22:32:02,Open short,USDT,BTCUSDT,0.0001,81329.2,8.13292,0.0,0.0,-0.004879752
2025-02-28 22:06:22,Close short,USDT,XRPUSDT,9.0,2.102,18.918,-0.8685,-0.8798508,-0.0113508
2025-02-28 15:40:33,Open short,USDT,XRPUSDT,9.0,2.0055,18.0495,0.0,0.0,-0.0108297
2025-02-25 22:47:43,Close short,USDT,BTCUSDT,0.0192,87700.4,1683.84768,2.97216,2.635390464,-0.336769536
2025-02-25 22:45:51,Open short,USDT,BTCUSDT,0.0192,87855.2,1686.81984,0.0,0.0,-0.337363968
2025-02-25 22:44:58,Close short,USDT,BTCUSDT,0.0038,87987.8,334.35364,0.57152,0.370907816,-0.200612184
2025-02-25 22:42:38,Open short,USDT,BTCUSDT,0.0018,88240.2,158.83236,0.0,0.0,-0.095299416
2025-02-25 22:41:27,Open short,USDT,BTCUSDT,0.002,88046.4,176.0928,0.0,0.0,-0.10565568
2025-02-25 22:39:05,Close short,USDT,BTCUSDT,0.0121,88400.3,1069.64363,5.481989999999,4.840203821999,-0.641786178
2025-02-25 21:49:39,Open short,USDT,BTCUSDT,0.0057,88785.9,506.07963,0.0,0.0,-0.303647778
2025-02-25 21:41:13,Open short,USDT,BTCUSDT,0.0038,88915.0,337.877,0.0,0.0,-0.2027262
2025-02-25 21:40:32,Open short,USDT,BTCUSDT,0.0017,88899.9,151.12983,0.0,0.0,-0.090677898
2025-02-25 21:34:52,Open short,USDT,BTCUSDT,0.0009,88932.4,80.03916,0.0,0.0,-0.016007832
2025-02-25 21:14:19,Close long,USDT,TRUMPUSDT,1.3,13.206,17.1678,-0.0117,-0.02200068,-0.01030068
2025-02-25 21:13:50,Open long,USDT,TRUMPUSDT,1.3,13.215,17.1795,0.0,0.0,-0.0103077
2025-02-25 19:25:22,Close short,USDT,BTCUSDT,0.0137,87750.2,1202.17774,4.525969999999,3.804663355999,-0.721306644
2025-02-25 19:14:21,Open short,USDT,BTCUSDT,0.0051,88126.2,449.44362,0.0,0.0,-0.269666172
2025-02-25 19:11:52,Open short,USDT,BTCUSDT,0.0001,88228.1,8.82281,0.0,0.0,-0.001764562
2025-02-25 19:11:52,Open short,USDT,BTCUSDT,0.0018,88228.1,158.81058,0.0,0.0,-0.031762116
2025-02-25 19:10:48,Open short,USDT,BTCUSDT,0.0001,88029.8,8.80298,0.0,0.0,-0.001760596
2025-02-25 19:10:48,Open short,USDT,BTCUSDT,0.002,88029.8,176.0596,0.0,0.0,-0.03521192
2025-02-25 19:09:09,Open short,USDT,BTCUSDT,0.0046,87992.2,404.76412,0.0,0.0,-0.242858472
2025-02-25 16:15:33,Close short,USDT,BTCUSDT,0.0326,89823.5,2928.2461,-37.82904,-39.58598766,-1.75694766
2025-02-25 15:42:04,Open short,USDT,BTCUSDT,0.0326,88663.1,2890.41706,0.0,0.0,-1.734250236
2025-02-25 15:35:49,Close short,USDT,BTCUSDT,0.0239,88220.1,2108.46039,19.004219999999,18.582527921999,-0.421692078
2025-02-25 15:29:15,Open short,USDT,BTCUSDT,0.0031,89453.1,277.30461,0.0,0.0,-0.055460922
2025-02-25 15:25:33,Open short,USDT,BTCUSDT,0.0018,88950.0,160.11,0.0,0.0,-0.032022
2025-02-25 15:25:33,Open short,USDT,BTCUSDT,0.0044,88950.0,391.38,0.0,0.0,-0.078276
2025-02-25 15:25:33,Open short,USDT,BTCUSDT,0.0146,88950.0,1298.67,0.0,0.0,-0.259734
2025-02-11 23:22:26,Close short,USDT,BERAUSDT,9.8,5.587,54.7526,-0.6076,-0.64045156,-0.03285156
2025-02-11 23:13:21,Open short,USDT,BERAUSDT,9.8,5.525,54.145,0.0,0.0,-0.032487
2025-02-11 23:09:25,Close short,USDT,BERAUSDT,9.6,5.47,52.512,0.3552,0.3236928,-0.0315072
2025-02-11 23:06:38,Open short,USDT,BERAUSDT,9.6,5.507,52.8672,0.0,0.0,-0.03172032
2025-02-11 20:58:18,Close long,USDT,BERAUSDT,74.4,5.622,418.2768,1.1904,1.10674464,-0.08365536
2025-02-11 20:58:18,Close long,USDT,BERAUSDT,63.5,5.622,356.997,1.016,0.9446006,-0.0713994
2025-02-11 20:49:36,Open long,USDT,BERAUSDT,137.9,5.606,773.0674,0.0,0.0,-0.15461348
2025-02-11 20:47:03,Close long,USDT,BERAUSDT,33.1,5.602,185.4262,0.0993,0.06221476,-0.03708524
2025-02-11 20:47:03,Close long,USDT,BERAUSDT,22.1,5.602,123.8042,0.0663,0.04153916,-0.02476084
2025-02-11 20:47:03,Close long,USDT,BERAUSDT,9.3,5.602,52.0986,0.0279,0.01748028,-0.01041972
2025-02-11 20:47:03,Close long,USDT,BERAUSDT,2.7,5.602,15.1254,0.0081,0.00507492,-0.00302508
2025-02-11 20:47:03,Close long,USDT,BERAUSDT,29.8,5.602,166.9396,0.0894,0.05601208,-0.03338792
2025-02-11 20:47:03,Close long,USDT,BERAUSDT,22.3,5.602,124.9246,0.0669,0.04191508,-0.02498492
2025-02-11 20:47:03,Close long,USDT,BERAUSDT,89.2,5.602,499.6984,0.2676,0.16766032,-0.09993968
2025-02-11 20:46:41,Open long,USDT,BERAUSDT,33.5,5.599,187.5665,0.0,0.0,-0.1125399
2025-02-11 20:46:41,Open long,USDT,BERAUSDT,175.0,5.599,979.825,0.0,0.0,-0.587895
2025-02-11 20:46:41,Close short,USDT,BERAUSDT,13.5,5.599,75.5865,-0.486,-0.5313519,-0.0453519
2025-02-11 20:46:41,Close short,USDT,BERAUSDT,91.6,5.598,512.7768,-3.206,-3.51366608,-0.30766608
2025-02-11 20:46:41,Close short,USDT,BERAUSDT,1.7,5.598,9.5166,-0.0595,-0.06520996,-0.00570996
2025-02-11 20:46:41,Close short,USDT,BERAUSDT,100.1,5.598,560.3598,-3.5035,-3.83971588,-0.33621588
2025-02-11 20:46:41,Close short,USDT,BERAUSDT,1.6,5.598,8.9568,-0.056,-0.06137408,-0.00537408
2025-02-11 20:31:41,Open short,USDT,BERAUSDT,208.5,5.563,1159.8855,0.0,0.0,-0.6959313
2025-02-11 20:26:59,Close short,USDT,BERAUSDT,69.1,5.592,386.4072,0.1382,-0.09364432,-0.23184432
2025-02-11 20:16:11,Open short,USDT,BERAUSDT,33.3,5.594,186.2802,0.0,0.0,-0.03725604
2025-02-11 20:16:11,Open short,USDT,BERAUSDT,35.8,5.594,200.2652,0.0,0.0,-0.04005304
2025-02-11 20:15:43,Close long,USDT,BERAUSDT,87.3,5.597,488.6181,-20.069600000087,-20.362770860087,-0.29317086
2025-02-11 17:38:52,Open long,USDT,BERAUSDT,16.8,5.797,97.3896,0.0,0.0,-0.05843376
2025-02-11 17:38:22,Open long,USDT,BERAUSDT,33.8,5.783,195.4654,0.0,0.0,-0.03909308
2025-02-11 17:38:09,Close short,USDT,BERAUSDT,33.7,5.786,194.9882,0.4044,0.28740708,-0.11699292
2025-02-11 17:37:59,Open short,USDT,BERAUSDT,33.7,5.798,195.3926,0.0,0.0,-0.11723556
2025-02-11 17:04:30,Open long,USDT,BERAUSDT,36.7,5.881,215.8327,0.0,0.0,-0.12949962
2025-02-11 17:03:32,Close short,USDT,TSTBSCUSDT,500.0,0.21548,107.74,0.56,0.495356,-0.064644
2025-02-11 17:03:08,Open short,USDT,TSTBSCUSDT,500.0,0.2166,108.3,0.0,0.0,-0.06498
2025-02-11 16:42:41,Close short,USDT,BTCUSDT,0.004,98271.8,393.0872,-0.6232,-0.85905232,-0.23585232
2025-02-11 16:11:19,Open short,USDT,BTCUSDT,0.004,98116.0,392.464,0.0,0.0,-0.2354784
2025-02-11 12:18:07,Close short,USDT,BERAUSDT,9.0,5.567,50.103,0.486,0.4559382,-0.0300618
2025-02-11 12:18:07,Close short,USDT,BERAUSDT,29.2,5.566,162.5272,1.606,1.50848368,-0.09751632
2025-02-11 12:07:40,Open short,USDT,BERAUSDT,38.2,5.621,214.7222,0.0,0.0,-0.12883332
2025-02-10 23:27:03,Close short,USDT,ETHUSDT,0.35,2644.25,925.4875,1.258099999999,0.702807499999,-0.5552925
2025-02-10 23:04:27,Open short,USDT,ETHUSDT,0.34,2647.84,900.2656,0.0,0.0,-0.54015936
2025-02-10 23:04:27,Open short,USDT,ETHUSDT,0.01,2648.0,26.48,0.0,0.0,-0.015888
2025-02-10 16:32:03,Close short,USDT,BERAUSDT,66.1,5.153,340.6133,0.945115219531,0.740747239531,-0.20436798
2025-02-10 16:32:03,Close short,USDT,BERAUSDT,12.6,5.152,64.9152,0.192758120515,0.153809000515,-0.03894912
2025-02-10 16:32:03,Close short,USDT,BERAUSDT,19.2,5.152,98.9184,0.293726659833,0.234375619833,-0.05935104
2025-02-10 16:18:43,Open short,USDT,BERAUSDT,18.8,5.202,97.7976,0.0,0.0,-0.05867856
2025-02-10 16:07:57,Open short,USDT,BERAUSDT,16.0,5.191,83.056,0.0,0.0,-0.0166112
2025-02-10 16:07:57,Open short,USDT,BERAUSDT,2.8,5.191,14.5348,0.0,0.0,-0.00290696
2025-02-10 16:06:17,Open short,USDT,BERAUSDT,18.9,5.169,97.6941,0.0,0.0,-0.01953882
2025-02-10 16:01:48,Open short,USDT,BERAUSDT,41.4,5.14,212.796,0.0,0.0,-0.1276776
2025-02-10 14:10:59,Close short,USDT,BERAUSDT,41.6,5.039,209.6224,1.211599999958,1.085826559958,-0.12577344
2025-02-10 14:03:12,Open short,USDT,BERAUSDT,3.8,5.068,19.2584,0.0,0.0,-0.00385168
2025-02-10 14:03:10,Open short,USDT,BERAUSDT,32.6,5.068,165.2168,0.0,0.0,-0.09913008
2025-02-10 14:03:10,Open short,USDT,BERAUSDT,5.2,5.069,26.3588,0.0,0.0,-0.01581528
2025-02-10 12:41:20,Close short,USDT,BERAUSDT,30.5,4.969,151.5545,0.9455,0.9151891,-0.0303109
2025-02-10 12:41:20,Close short,USDT,BERAUSDT,15.3,4.969,76.0257,0.4743,0.45909486,-0.01520514
2025-02-10 12:41:18,Close short,USDT,BERAUSDT,25.8,4.969,128.2002,0.7998,0.77415996,-0.02564004
2025-02-10 12:41:18,Close short,USDT,BERAUSDT,2.9,4.969,14.4101,0.0899,0.08701798,-0.00288202
2025-02-10 12:36:14,Open short,USDT,BERAUSDT,17.5,5.0,87.5,0.0,0.0,-0.0525
2025-02-10 12:36:14,Open short,USDT,BERAUSDT,57.0,5.0,285.0,0.0,0.0,-0.171
2025-02-10 11:57:48,Close short,USDT,BERAUSDT,81.7,4.985,407.2745,0.8987,0.8172451,-0.0814549
2025-02-10 11:49:34,Open short,USDT,BERAUSDT,81.7,4.996,408.1732,0.0,0.0,-0.24490392
2025-02-10 01:41:00,Close short,USDT,BERAUSDT,17.2,5.275,90.73,1.0148,0.960362,-0.054438
2025-02-10 01:23:39,Open short,USDT,BERAUSDT,17.2,5.334,91.7448,0.0,0.0,-0.05504688
2025-02-08 22:15:20,Close long,USDT,BTCUSDT,0.004,96120.0,384.48,0.9412,0.710512,-0.230688
2025-02-08 22:15:20,Close long,USDT,BTCUSDT,0.001,96120.0,96.12,0.2353,0.177628,-0.057672
2025-02-08 19:37:22,Open long,USDT,BTCUSDT,0.005,95884.7,479.4235,0.0,0.0,-0.2876541
2025-02-08 19:29:16,Close long,USDT,BTCUSDT,0.006,95838.8,575.0328,-1.9236,-2.26861968,-0.34501968
2025-02-08 16:31:14,Open long,USDT,BTCUSDT,0.006,96159.4,576.9564,0.0,0.0,-0.34617384
2025-02-08 16:23:04,Close long,USDT,UXLINKUSDT,128.8,0.7926,102.08688,0.23184,0.170587872,-0.061252128
2025-02-08 16:11:53,Open long,USDT,UXLINKUSDT,128.8,0.7908,101.85504,0.0,0.0,-0.061113024
2025-02-08 16:04:14,Close short,USDT,SUIUSDT,101.5,2.9653,300.97795,0.59885,0.41826323,-0.18058677
2025-02-08 16:02:29,Open short,USDT,SUIUSDT,101.5,2.9712,301.5768,0.0,0.0,-0.18094608
2025-02-08 16:01:32,Close short,USDT,SUIUSDT,43.3,2.9906,129.49298,-0.73177,-0.809465788,-0.077695788
2025-02-08 16:01:32,Close short,USDT,SUIUSDT,55.0,2.9906,164.483,-0.9295,-1.0281898,-0.0986898
2025-02-08 16:00:07,Close long,USDT,UXLINKUSDT,6.5,0.7828,5.0882,-0.17355,-0.17660292,-0.00305292
2025-02-08 15:52:22,Open short,USDT,SUIUSDT,98.3,2.9737,292.31471,0.0,0.0,-0.175388826
2025-02-08 15:51:01,Open long,USDT,UXLINKUSDT,6.5,0.8095,5.26175,0.0,0.0,-0.00105235
2025-02-07 23:34:01,Close short,USDT,ETHUSDT,0.19,2734.17,519.4923,1.0811,0.76940462,-0.31169538
2025-02-07 23:32:40,Open short,USDT,ETHUSDT,0.19,2739.86,520.5734,0.0,0.0,-0.31234404
2025-02-07 23:01:40,Close short,USDT,ETHUSDT,0.35,2759.46,965.811,6.9195,6.3400134,-0.5794866
2025-02-07 22:34:06,Open short,USDT,ETHUSDT,0.35,2779.23,972.7305,0.0,0.0,-0.5836383
2025-02-07 19:29:29,Close long,USDT,ETHUSDT,0.31,2754.58,853.9198,2.8303,2.31794812,-0.51235188
2025-02-07 18:41:07,Open long,USDT,ETHUSDT,0.31,2745.45,851.0895,0.0,0.0,-0.5106537
2025-02-07 14:45:51,Close long,USDT,ETHUSDT,0.28,2675.38,749.1064,-1.064,-1.51346384,-0.44946384
2025-02-07 14:34:49,Open long,USDT,ETHUSDT,0.28,2679.18,750.1704,0.0,0.0,-0.45010224
2025-02-07 14:07:37,Close long,USDT,ETHUSDT,0.19,2702.0,513.38,-4.2902,-4.598228,-0.308028
2025-02-07 12:19:35,Open long,USDT,ETHUSDT,0.19,2724.58,517.6702,0.0,0.0,-0.31060212
2025-02-07 01:33:31,Close short,USDT,BERAUSDT,5.8,8.757,50.7906,0.1682,0.13772564,-0.03047436
2025-02-07 01:33:14,Open short,USDT,BERAUSDT,5.8,8.786,50.9588,0.0,0.0,-0.01019176
2025-02-06 16:45:27,Close long,USDT,BTCUSDT,0.009,97978.0,881.802,-0.585,-1.1140812,-0.5290812
2025-02-06 16:39:30,Open long,USDT,BTCUSDT,0.009,98043.0,882.387,0.0,0.0,-0.1764774
2025-02-06 16:10:27,Close long,USDT,VINEUSDT,544.0,0.14975,81.464,0.99552,0.9466416,-0.0488784
2025-02-06 16:10:27,Close long,USDT,VINEUSDT,172.0,0.14977,25.76044,0.3182,0.302743736,-0.015456264
2025-02-06 16:04:10,Open long,USDT,VINEUSDT,716.0,0.14792,105.91072,0.0,0.0,-0.063546432
2025-02-06 15:44:52,Close short,USDT,BANUSDT,1859.0,0.0571,106.1489,-0.1859,-0.20712978,-0.02122978
2025-02-06 15:36:51,Open short,USDT,BANUSDT,285.0,0.057,16.245,0.0,0.0,-0.009747
2025-02-06 15:36:51,Open short,USDT,BANUSDT,516.0,0.057,29.412,0.0,0.0,-0.0176472
2025-02-06 15:36:51,Open short,USDT,BANUSDT,1058.0,0.057,60.306,0.0,0.0,-0.0361836
2025-02-06 15:35:28,Close long,USDT,BANUSDT,1861.0,0.0571,106.2631,-2.4193,-2.48305786,-0.06375786
2025-02-06 15:27:24,Open long,USDT,BANUSDT,1861.0,0.0584,108.6824,0.0,0.0,-0.06520944
2025-02-06 15:22:34,Close long,USDT,BANUSDT,1873.0,0.0581,108.8213,-0.5619,-0.62719278,-0.06529278
2025-02-06 15:19:11,Open long,USDT,BANUSDT,1873.0,0.0584,109.3832,0.0,0.0,-0.06562992
2025-02-06 11:35:26,Close short,USDT,BANUSDT,1331.0,0.0616,81.9896,0.6655,0.61630624,-0.04919376
2025-02-06 11:35:26,Close short,USDT,BANUSDT,415.0,0.0616,25.564,0.2075,0.1921616,-0.0153384
2025-02-06 11:33:54,Open short,USDT,BANUSDT,1746.0,0.0621,108.4266,0.0,0.0,-0.06505596
2025-02-05 13:31:27,Close long,USDT,BTCUSDT,0.006,97832.0,586.992,-1.5078,-1.8599952,-0.3521952
2025-02-05 12:55:16,Open long,USDT,BTCUSDT,0.006,98083.3,588.4998,0.0,0.0,-0.35309988
2025-02-04 12:43:28,Close short,USDT,BTCUSDT,0.001,100212.0,100.212,0.5942,0.5340728,-0.0601272
2025-02-04 11:16:45,Open short,USDT,BTCUSDT,0.001,100806.2,100.8062,0.0,0.0,-0.06048372
2025-02-03 23:00:19,Close long,USDT,BTCUSDT,0.002,96275.4,192.5508,-0.6182,-0.73373048,-0.11553048
2025-02-03 22:59:11,Open long,USDT,BTCUSDT,0.002,96584.5,193.169,0.0,0.0,-0.0386338
2025-02-03 22:48:31,Close long,USDT,BTCUSDT,0.002,95801.7,191.6034,-0.3704,-0.48536204,-0.11496204
2025-02-03 22:47:45,Open long,USDT,BTCUSDT,0.002,95986.9,191.9738,0.0,0.0,-0.03839476
2025-02-03 22:39:51,Close short,USDT,BTCUSDT,0.002,96350.0,192.7,-0.4266,-0.54222,-0.11562
2025-02-03 22:39:22,Open short,USDT,BTCUSDT,0.002,96136.7,192.2734,0.0,0.0,-0.03845468
2025-02-03 22:36:09,Close short,USDT,BTCUSDT,0.002,95567.7,191.1354,0.3958,0.28111876,-0.11468124
2025-02-03 22:35:47,Open short,USDT,BTCUSDT,0.002,95765.6,191.5312,0.0,0.0,-0.03830624
2025-02-03 22:27:07,Close short,USDT,BTCUSDT,0.002,94589.0,189.178,-0.633,-0.7465068,-0.1135068
2025-02-03 22:21:25,Open short,USDT,BTCUSDT,0.002,94272.5,188.545,0.0,0.0,-0.037709
2025-02-03 20:58:13,Close short,USDT,BTCUSDT,0.002,94769.1,189.5382,0.0626,-0.05112292,-0.11372292
2025-02-03 20:57:58,Open short,USDT,BTCUSDT,0.002,94800.4,189.6008,0.0,0.0,-0.03792016
2025-02-03 20:39:11,Close long,USDT,ETHUSDT,0.01,2611.15,26.1115,-0.0907,-0.1063669,-0.0156669
2025-02-03 20:39:11,Close long,USDT,ETHUSDT,0.01,2611.15,26.1115,-0.0907,-0.1063669,-0.0156669
2025-02-03 20:26:19,Open long,USDT,ETHUSDT,0.02,2620.22,52.4044,0.0,0.0,-0.03144264
2025-02-03 20:23:30,Close long,USDT,DFUSDT,663.0,0.09627,63.82701,-0.02652,-0.039285402,-0.012765402
2025-02-03 20:16:42,Open long,USDT,DFUSDT,663.0,0.09631,63.85353,0.0,0.0,-0.038312118
2025-02-03 20:14:20,Close long,USDT,XTERUSDT,128.0,0.4195,53.696,0.2816,0.2493824,-0.0322176
2025-02-03 20:12:09,Open long,USDT,XTERUSDT,128.0,0.4173,53.4144,0.0,0.0,-0.03204864
2025-02-03 20:08:31,Close long,USDT,FARTCOINUSDT,79.2,0.6738,53.36496,0.44352,0.411501024,-0.032018976
2025-02-03 20:06:46,Open long,USDT,FARTCOINUSDT,22.0,0.6682,14.7004,0.0,0.0,-0.00882024
2025-02-03 20:06:46,Open long,USDT,FARTCOINUSDT,57.2,0.6682,38.22104,0.0,0.0,-0.022932624
2025-02-03 17:27:24,Close short,USDT,VINEUSDT,406.0,0.13125,53.2875,-0.20706,-0.2390325,-0.0319725
2025-02-03 17:26:54,Open short,USDT,VINEUSDT,406.0,0.13074,53.08044,0.0,0.0,-0.010616088
2025-02-03 17:25:35,Close short,USDT,VINEUSDT,403.0,0.13096,52.77688,0.16926,0.137593872,-0.031666128
2025-02-03 17:22:32,Open short,USDT,VINEUSDT,403.0,0.13138,52.94614,0.0,0.0,-0.010589228
2025-02-03 16:36:12,Close long,USDT,ETHUSDT,0.03,2537.27,76.1181,-1.2075,-1.25317086,-0.04567086
2025-02-03 16:21:53,Open long,USDT,ETHUSDT,0.03,2577.52,77.3256,0.0,0.0,-0.04639536
2025-02-02 22:16:00,Close long,USDT,BTCUSDT,0.002,99106.1,198.2122,0.7386,0.61967268,-0.11892732
2025-02-02 21:27:46,Open long,USDT,BTCUSDT,0.002,98736.8,197.4736,0.0,0.0,-0.11848416
2025-02-02 20:20:53,Close long,USDT,BTCUSDT,0.002,98751.3,197.5026,-0.4974,-0.61590156,-0.11850156
2025-02-02 20:16:29,Open long,USDT,BTCUSDT,0.002,99000.0,198.0,0.0,0.0,-0.0396
2025-02-02 19:45:25,Close long,USDT,BTCUSDT,0.002,98774.3,197.5486,-0.4228,-0.54132916,-0.11852916
2025-02-02 19:39:33,Open long,USDT,BTCUSDT,0.002,98985.7,197.9714,0.0,0.0,-0.11878284
2025-02-02 18:18:42,Close long,USDT,VINEUSDT,232.0,0.16124,37.40768,-1.09504,-1.117484608,-0.022444608
2025-02-02 18:18:42,Close long,USDT,VINEUSDT,50.0,0.1613,8.065,-0.233,-0.237839,-0.004839
2025-02-02 18:18:42,Close long,USDT,VINEUSDT,13.0,0.1613,2.0969,-0.06058,-0.06183814,-0.00125814
2025-02-02 18:18:42,Close long,USDT,VINEUSDT,36.0,0.16133,5.80788,-0.16668,-0.170164728,-0.003484728
2025-02-02 18:08:20,Open long,USDT,VINEUSDT,331.0,0.16596,54.93276,0.0,0.0,-0.032959656
2025-02-02 17:38:30,Close long,USDT,BTCUSDT,0.002,99688.8,199.3776,0.4006,0.28097344,-0.11962656
2025-02-02 17:30:50,Open long,USDT,BTCUSDT,0.002,99488.5,198.977,0.0,0.0,-0.0397954
2025-02-02 17:11:25,Close short,USDT,VINEUSDT,343.0,0.16164,55.44252,-0.46648,-0.499745512,-0.033265512
2025-02-02 17:07:05,Open short,USDT,VINEUSDT,343.0,0.16028,54.97604,0.0,0.0,-0.032985624
2025-02-02 17:04:51,Close long,USDT,VINEUSDT,308.0,0.16187,49.85596,-0.44352,-0.473433576,-0.029913576
2025-02-02 17:04:51,Close long,USDT,VINEUSDT,30.0,0.16192,4.8576,-0.0417,-0.04461456,-0.00291456
2025-02-02 17:02:43,Open long,USDT,VINEUSDT,338.0,0.16331,55.19878,0.0,0.0,-0.033119268
2025-02-02 16:55:43,Close short,USDT,BTCUSDT,0.002,99659.0,199.318,0.0146,-0.1049908,-0.1195908
2025-02-02 16:55:16,Open short,USDT,BTCUSDT,0.002,99666.3,199.3326,0.0,0.0,-0.11959956
2025-02-02 16:55:16,Close long,USDT,BTCUSDT,0.002,99666.3,199.3326,-0.6212,-0.74079956,-0.11959956
2025-02-02 16:43:23,Open long,USDT,BTCUSDT,0.002,99976.9,199.9538,0.0,0.0,-0.11997228
2025-02-02 16:32:16,Close long,USDT,BTCUSDT,0.127,99944.1,12692.9007,18.2626,10.64685958,-7.61574042
2025-02-02 16:30:50,Open long,USDT,BTCUSDT,0.127,99800.3,12674.6381,0.0,0.0,-7.60478286
2025-02-02 16:25:31,Close long,USDT,VINEUSDT,338.0,0.16305,55.1109,1.52776,1.49469346,-0.03306654
2025-02-02 16:22:40,Open long,USDT,VINEUSDT,338.0,0.15853,53.58314,0.0,0.0,-0.032149884
2025-02-02 15:48:57,Close long,USDT,VINEUSDT,293.0,0.16465,48.24245,-1.35073,-1.37967547,-0.02894547
2025-02-02 15:26:27,Open long,USDT,VINEUSDT,293.0,0.16926,49.59318,0.0,0.0,-0.009918636
2025-02-02 15:25:22,Close long,USDT,VINEUSDT,286.0,0.1708,48.8488,-1.48434,-1.51364928,-0.02930928
2025-02-02 14:58:33,Open long,USDT,VINEUSDT,286.0,0.17599,50.33314,0.0,0.0,-0.010066628
2025-02-02 13:45:08,Close long,USDT,ETHUSDT,0.05,3114.84,155.742,0.6095,0.5160548,-0.0934452
2025-02-02 13:36:38,Close long,USDT,BTCUSDT,0.005,100064.2,500.321,1.806,1.5058074,-0.3001926
2025-02-02 12:47:41,Open long,USDT,ETHUSDT,0.05,3102.65,155.1325,0.0,0.0,-0.0930795
2025-02-02 12:46:35,Open long,USDT,BTCUSDT,0.005,99703.0,498.515,0.0,0.0,-0.299109
2025-02-02 02:35:49,Close short,USDT,ETHUSDT,0.02,3252.45,65.049,0.048,0.0089706,-0.0390294
2025-02-02 02:34:41,Open short,USDT,ETHUSDT,0.02,3254.85,65.097,0.0,0.0,-0.0130194
2025-02-01 23:46:35,Close long,USDT,ETHUSDT,0.17,3254.4,553.248,1.1356,0.8036512,-0.3319488
2025-02-01 23:32:37,Open long,USDT,ETHUSDT,0.01,3247.72,32.4772,0.0,0.0,-0.00649544
2025-02-01 23:32:37,Open long,USDT,ETHUSDT,0.08,3247.72,259.8176,0.0,0.0,-0.05196352
2025-02-01 23:32:37,Open long,USDT,ETHUSDT,0.08,3247.72,259.8176,0.0,0.0,-0.05196352
2025-01-31 23:40:17,Close short,USDT,VTHOUSDT,10000.0,0.005646,56.46,-0.54,-0.573876,-0.033876
2025-01-31 23:38:46,Open short,USDT,VTHOUSDT,10000.0,0.005592,55.92,0.0,0.0,-0.011184
2025-01-31 23:37:30,Close short,USDT,VTHOUSDT,10300.0,0.005592,57.5976,-0.9167,-0.95125856,-0.03455856
2025-01-31 23:19:15,Close long,USDT,BTCUSDT,0.003,104701.0,314.103,-0.1047,-0.2931618,-0.1884618
2025-01-31 23:18:49,Open long,USDT,BTCUSDT,0.003,104735.9,314.2077,0.0,0.0,-0.18852462
2025-01-31 23:16:40,Open short,USDT,VTHOUSDT,10300.0,0.005503,56.6809,0.0,0.0,-0.03400854
2025-01-31 23:14:21,Close long,USDT,ARCUSDT,354.0,0.28621,101.31834,-0.58764,-0.648431004,-0.060791004
2025-01-31 23:10:41,Close long,USDT,LDOUSDT,54.8,2.3525,128.917,0.20824,0.1308898,-0.0773502
2025-01-31 23:02:06,Open long,USDT,ARCUSDT,354.0,0.28787,101.90598,0.0,0.0,-0.061143588
2025-01-31 23:00:12,Close short,USDT,ETHUSDT,0.19,3351.64,636.8116,-2.7246,-3.10668696,-0.38208696
2025-01-31 22:50:42,Open short,USDT,ETHUSDT,0.04,3337.3,133.492,0.0,0.0,-0.0266984
2025-01-31 22:50:42,Open short,USDT,ETHUSDT,0.06,3337.3,200.238,0.0,0.0,-0.0400476
2025-01-31 22:50:42,Open short,USDT,ETHUSDT,0.03,3337.3,100.119,0.0,0.0,-0.0200238
2025-01-31 22:50:42,Open short,USDT,ETHUSDT,0.06,3337.3,200.238,0.0,0.0,-0.0400476
2025-01-31 22:47:03,Open long,USDT,LDOUSDT,12.2,2.3487,28.65414,0.0,0.0,-0.005730828
2025-01-31 22:47:03,Open long,USDT,LDOUSDT,42.6,2.3487,100.05462,0.0,0.0,-0.020010924
2025-01-31 22:46:42,Close long,USDT,ANIMEUSDT,1298.0,0.04667,60.57766,-0.35046,-0.386806596,-0.036346596
2025-01-31 22:46:42,Close long,USDT,ANIMEUSDT,215.0,0.04668,10.0362,-0.0559,-0.06192172,-0.00602172
2025-01-31 22:46:42,Close long,USDT,ANIMEUSDT,993.0,0.0467,46.3731,-0.23832,-0.26614386,-0.02782386
2025-01-31 22:40:53,Open long,USDT,ANIMEUSDT,2506.0,0.04694,117.63164,0.0,0.0,-0.070578984
2025-01-31 22:35:29,Close long,USDT,ANIMEUSDT,2385.0,0.04702,112.1427,-1.21635,-1.28363562,-0.06728562
2025-01-31 22:35:29,Close long,USDT,ANIMEUSDT,341.0,0.04705,16.04405,-0.16368,-0.17330643,-0.00962643
2025-01-31 22:31:12,Close long,USDT,JASMYUSDT,3729.0,0.031976,119.238504,-0.652575,-0.7241181024,-0.0715431024
2025-01-31 22:30:20,Open long,USDT,ANIMEUSDT,2726.0,0.04753,129.56678,0.0,0.0,-0.077740068
2025-01-31 22:17:27,Open long,USDT,JASMYUSDT,3729.0,0.032151,119.891079,0.0,0.0,-0.0239782158
2025-01-31 22:13:49,Close short,USDT,VINEUSDT,620.0,0.19474,120.7388,-0.3844,-0.45684328,-0.07244328
2025-01-31 22:10:17,Open short,USDT,VINEUSDT,120.0,0.19412,23.2944,0.0,0.0,-0.00465888
2025-01-31 22:10:17,Open short,USDT,VINEUSDT,500.0,0.19412,97.06,0.0,0.0,-0.019412
2025-01-31 22:07:15,Close short,USDT,VTHOUSDT,1100.0,0.005643,6.2073,0.0352,0.03147562,-0.00372438
2025-01-31 22:07:15,Close short,USDT,VTHOUSDT,9500.0,0.005643,53.6085,0.304,0.2718349,-0.0321651
2025-01-31 22:02:23,Open short,USDT,VTHOUSDT,10600.0,0.005675,60.155,0.0,0.0,-0.036093
2025-01-31 21:50:30,Close short,USDT,ANIMEUSDT,2517.0,0.04757,119.73369,0.22653,0.154689786,-0.071840214
2025-01-31 21:41:11,Open short,USDT,ANIMEUSDT,1026.0,0.04766,48.89916,0.0,0.0,-0.009779832
2025-01-31 21:40:53,Open short,USDT,ANIMEUSDT,1491.0,0.04766,71.06106,0.0,0.0,-0.014212212
2025-01-31 20:43:43,Close long,USDT,VTHOUSDT,20200.0,0.005949,120.1698,-0.808,-0.88010188,-0.07210188
2025-01-31 20:27:33,Open long,USDT,VTHOUSDT,6900.0,0.005989,41.3241,0.0,0.0,-0.00826482
2025-01-31 20:27:33,Open long,USDT,VTHOUSDT,13300.0,0.005989,79.6537,0.0,0.0,-0.01593074
2025-01-31 17:47:03,Close long,USDT,AIXBTUSDT,270.0,0.45766,123.5682,-2.3355,-2.40964092,-0.07414092
2025-01-31 17:47:00,Close long,USDT,VINEUSDT,315.0,0.18773,59.13495,-1.0017,-1.03718097,-0.03548097
2025-01-31 17:47:00,Close long,USDT,VINEUSDT,456.0,0.18774,85.60944,-1.44552,-1.496885664,-0.051365664
2025-01-31 17:09:42,Open long,USDT,VINEUSDT,771.0,0.19091,147.19161,0.0,0.0,-0.088314966
2025-01-31 16:34:01,Open long,USDT,AIXBTUSDT,270.0,0.46631,125.9037,0.0,0.0,-0.02518074
2025-01-31 16:00:25,Close long,USDT,JASMYUSDT,7924.0,0.031869,252.529956,-0.55468,-0.7061979736,-0.1515179736
2025-01-31 15:45:36,Open long,USDT,JASMYUSDT,6540.0,0.031939,208.88106,0.0,0.0,-0.041776212
2025-01-31 15:45:36,Open long,USDT,JASMYUSDT,1384.0,0.031939,44.203576,0.0,0.0,-0.0088407152
2025-01-31 15:20:39,Close long,USDT,JASMYUSDT,5889.0,0.031868,187.670652,1.389804,1.2772016088,-0.1126023912
2025-01-31 14:37:38,Close long,USDT,MOCAUSDT,1273.0,0.21668,275.83364,0.36917,0.203669816,-0.165500184
2025-01-31 14:32:00,Open long,USDT,MOCAUSDT,349.0,0.21639,75.52011,0.0,0.0,-0.015104022
2025-01-31 14:32:00,Open long,USDT,MOCAUSDT,924.0,0.21639,199.94436,0.0,0.0,-0.039988872
2025-01-31 14:29:56,Close long,USDT,MOCAUSDT,1174.0,0.21506,252.48044,-4.696,-4.847488264,-0.151488264
2025-01-31 14:17:22,Open long,USDT,MOCAUSDT,635.0,0.21906,139.1031,0.0,0.0,-0.02782062
2025-01-31 14:17:22,Open long,USDT,MOCAUSDT,453.0,0.21906,99.23418,0.0,0.0,-0.019846836
2025-01-31 14:17:22,Open long,USDT,MOCAUSDT,86.0,0.21906,18.83916,0.0,0.0,-0.003767832
2025-01-31 14:14:34,Open long,USDT,JASMYUSDT,5889.0,0.031632,186.280848,0.0,0.0,-0.0372561696
2025-01-30 22:07:36,Close long,USDT,VINEUSDT,519.0,0.25243,131.01117,2.32512,2.246513298,-0.078606702
2025-01-30 21:38:26,Close long,USDT,VINEUSDT,509.0,0.2499,127.1991,0.99255,0.91623054,-0.07631946
2025-01-30 21:18:30,Open long,USDT,VINEUSDT,1028.0,0.24795,254.8926,0.0,0.0,-0.15293556
2025-01-30 12:36:15,Close short,USDT,BTCUSDT,0.013,104829.6,1362.7848,1.7979,0.98022912,-0.81767088
2025-01-30 12:31:59,Open short,USDT,BTCUSDT,0.004,104967.9,419.8716,0.0,0.0,-0.25192296
2025-01-30 12:31:59,Open short,USDT,BTCUSDT,0.009,104967.9,944.7111,0.0,0.0,-0.56682666
2025-01-30 12:31:59,Close long,USDT,BTCUSDT,0.013,104967.9,1364.5827,-1.0361,-1.85484962,-0.81874962
2025-01-30 12:24:33,Open long,USDT,BTCUSDT,0.013,105047.6,1365.6188,0.0,0.0,-0.81937128
2025-01-29 18:40:34,Close short,USDT,SPELLUSDT,21830.0,0.0018267,39.876861,0.128797,0.1048708834,-0.0239261166
2025-01-29 18:40:15,Open short,USDT,SPELLUSDT,21830.0,0.0018326,40.005658,0.0,0.0,-0.0080011316
2025-01-29 18:29:40,Close long,USDT,SPELLUSDT,29761.0,0.0018405,54.7751205,-0.1666616,-0.1995266723,-0.0328650723
2025-01-29 18:29:40,Close long,USDT,SPELLUSDT,4386.0,0.0018405,8.072433,-0.0245616,-0.0294050598,-0.0048434598
2025-01-29 18:29:40,Close long,USDT,SPELLUSDT,50000.0,0.0018405,92.025,-0.28,-0.335215,-0.055215
2025-01-29 18:29:40,Close long,USDT,SPELLUSDT,130340.0,0.0018406,239.903804,-0.71687,-0.8608122824,-0.1439422824
2025-01-29 18:29:40,Close long,USDT,SPELLUSDT,156678.0,0.0018406,288.3815268,-0.861729,-1.03475791608,-0.17302891608
2025-01-29 18:28:51,Open long,USDT,SPELLUSDT,350571.0,0.0018461,647.1891231,0.0,0.0,-0.12943782462
2025-01-29 18:28:51,Open long,USDT,SPELLUSDT,20594.0,0.0018461,38.0185834,0.0,0.0,-0.00760371668
2025-01-29 18:28:20,Close long,USDT,SPELLUSDT,18332.0,0.0018434,33.7932088,-0.879936,-0.90021192528,-0.02027592528
2025-01-29 18:28:20,Close long,USDT,SPELLUSDT,229036.0,0.0018434,422.2049624,-10.993728,-11.24705097744,-0.25332297744
2025-01-29 18:28:20,Close long,USDT,SPELLUSDT,21699.0,0.0018434,39.9999366,-1.041552,-1.06555196196,-0.02399996196
2025-01-29 18:17:43,Open long,USDT,SPELLUSDT,78281.0,0.0018914,148.0606834,0.0,0.0,-0.02961213668
2025-01-29 18:17:29,Open long,USDT,SPELLUSDT,190786.0,0.0018914,360.8526404,0.0,0.0,-0.07217052808
2025-01-29 17:28:00,Close short,USDT,BTCUSDT,0.005,102381.0,511.905,0.4355,0.128357,-0.307143
2025-01-29 17:23:37,Open short,USDT,BTCUSDT,0.004,102468.1,409.8724,0.0,0.0,-0.08197448
2025-01-29 17:23:37,Open short,USDT,BTCUSDT,0.001,102468.1,102.4681,0.0,0.0,-0.02049362
2025-01-29 17:18:28,Close short,USDT,BTCUSDT,0.035,102484.5,3586.9575,8.897,6.7448255,-2.1521745
2025-01-29 16:50:45,Open short,USDT,BTCUSDT,0.035,102738.7,3595.8545,0.0,0.0,-2.1575127
2025-01-29 16:42:22,Close short,USDT,BTCUSDT,0.015,102791.4,1541.871,0.7845,-0.1406226,-0.9251226
2025-01-29 16:34:12,Open short,USDT,BTCUSDT,0.01,102843.7,1028.437,0.0,0.0,-0.2056874
2025-01-29 16:34:11,Open short,USDT,BTCUSDT,0.003,102843.7,308.5311,0.0,0.0,-0.06170622
2025-01-29 16:34:10,Open short,USDT,BTCUSDT,0.001,102843.7,102.8437,0.0,0.0,-0.02056874
2025-01-29 16:34:10,Open short,USDT,BTCUSDT,0.001,102843.7,102.8437,0.0,0.0,-0.02056874
2025-01-29 15:56:03,Close short,USDT,SPELLUSDT,91937.0,0.0018847,173.2736639,-0.844519859198,-0.948484057538,-0.10396419834
2025-01-29 15:56:03,Close short,USDT,SPELLUSDT,570835.0,0.0018846,1075.795641,-5.18652346809,-5.83200085269,-0.6454773846
2025-01-29 15:56:03,Close short,USDT,SPELLUSDT,2122.0,0.0018843,3.9984846,-0.018643582188,-0.021042672948,-0.00239909076
2025-01-29 15:55:46,Open short,USDT,SPELLUSDT,570835.0,0.0018755,1070.6010425,0.0,0.0,-0.6423606255
2025-01-29 15:55:46,Open short,USDT,SPELLUSDT,94059.0,0.0018756,176.4170604,0.0,0.0,-0.10585023624
2025-01-29 15:55:46,Close long,USDT,SPELLUSDT,45792.0,0.0018756,85.8874752,-0.2014848,-0.25301728512,-0.05153248512
2025-01-29 15:55:46,Close long,USDT,SPELLUSDT,77670.0,0.0018756,145.677852,-0.341748,-0.4291547112,-0.0874067112
2025-01-29 15:55:46,Close long,USDT,SPELLUSDT,77406.0,0.0018756,145.1826936,-0.3405864,-0.42769601616,-0.08710961616
2025-01-29 15:55:46,Close long,USDT,SPELLUSDT,128375.0,0.0018756,240.78015,-0.56485,-0.70931809,-0.14446809
2025-01-29 15:55:46,Close long,USDT,SPELLUSDT,140448.0,0.0018756,263.4242688,-0.6179712,-0.77602576128,-0.15805456128
2025-01-29 15:55:46,Close long,USDT,SPELLUSDT,59678.0,0.0018761,111.9618958,-0.2327442,-0.29992133748,-0.06717713748
2025-01-29 15:55:46,Close long,USDT,SPELLUSDT,72366.0,0.0018761,135.7658526,-0.2822274,-0.36368691156,-0.08145951156
2025-01-29 15:55:46,Close long,USDT,SPELLUSDT,63159.0,0.0018761,118.4925999,-0.2463201,-0.31741565994,-0.07109555994
2025-01-29 15:55:30,Open long,USDT,SPELLUSDT,1.0,0.00188,0.00188,0.0,0.0,-3.76e-07
2025-01-29 15:55:30,Open long,USDT,SPELLUSDT,136737.0,0.00188,257.06556,0.0,0.0,-0.051413112
2025-01-29 15:55:28,Open long,USDT,SPELLUSDT,81252.0,0.00188,152.75376,0.0,0.0,-0.030550752
2025-01-29 15:55:28,Open long,USDT,SPELLUSDT,358886.0,0.00188,674.70568,0.0,0.0,-0.134941136
2025-01-29 15:55:28,Open long,USDT,SPELLUSDT,88018.0,0.00188,165.47384,0.0,0.0,-0.033094768
2025-01-29 15:54:08,Close long,USDT,SPELLUSDT,378403.0,0.0018773,710.3759519,1.1730493,0.74682372886,-0.42622557114
2025-01-29 15:54:08,Close long,USDT,SPELLUSDT,582007.0,0.0018774,1092.6599418,1.8624224,1.20682643492,-0.65559596508
2025-01-29 15:53:44,Open long,USDT,SPELLUSDT,1.0,0.0018742,0.0018742,0.0,0.0,-3.7484e-07
2025-01-29 15:53:44,Open long,USDT,SPELLUSDT,960409.0,0.0018742,1799.9985478,0.0,0.0,-0.35999970956
2025-01-29 15:52:58,Close short,USDT,SPELLUSDT,58029.0,0.001862,108.049998,-0.116058,-0.1808879988,-0.0648299988
2025-01-29 15:52:58,Close short,USDT,SPELLUSDT,67087.0,0.001862,124.915994,-0.134174,-0.2091235964,-0.0749495964
2025-01-29 15:52:58,Close short,USDT,SPELLUSDT,53217.0,0.0018619,99.0847323,-0.1011123,-0.16056313938,-0.05945083938
2025-01-29 15:52:58,Close short,USDT,SPELLUSDT,64871.0,0.0018619,120.7833149,-0.1232549,-0.19572488894,-0.07246998894
2025-01-29 15:52:58,Close short,USDT,SPELLUSDT,52747.0,0.0018619,98.2096393,-0.1002193,-0.15914508358,-0.05892578358
2025-01-29 15:52:58,Close short,USDT,SPELLUSDT,45300.0,0.0018619,84.34407,-0.08607,-0.136676442,-0.050606442
2025-01-29 15:52:58,Close short,USDT,SPELLUSDT,75699.0,0.0018619,140.9439681,-0.1438281,-0.22839448086,-0.08456638086
2025-01-29 15:52:58,Close short,USDT,SPELLUSDT,48125.0,0.0018618,89.599125,-0.086625,-0.140384475,-0.053759475
2025-01-29 15:52:58,Close short,USDT,SPELLUSDT,40650.0,0.0018614,75.66591,-0.05691,-0.102309546,-0.045399546
2025-01-29 15:52:58,Close short,USDT,SPELLUSDT,53954.0,0.0018612,100.4191848,-0.0647448,-0.12499631088,-0.06025151088
2025-01-29 15:52:58,Close short,USDT,SPELLUSDT,80270.0,0.0018611,149.390497,-0.088297,-0.1779312982,-0.0896342982
2025-01-29 15:52:58,Close short,USDT,SPELLUSDT,25193.0,0.001861,46.884173,-0.025193,-0.0533235038,-0.0281305038
2025-01-29 15:52:53,Open short,USDT,SPELLUSDT,113642.0,0.00186,211.37412,0.0,0.0,-0.126824472
2025-01-29 15:52:53,Open short,USDT,SPELLUSDT,253597.0,0.00186,471.69042,0.0,0.0,-0.283014252
2025-01-29 15:52:53,Open short,USDT,SPELLUSDT,73073.0,0.00186,135.91578,0.0,0.0,-0.081549468
2025-01-29 15:52:53,Open short,USDT,SPELLUSDT,200000.0,0.00186,372.0,0.0,0.0,-0.2232
2025-01-29 15:52:53,Open short,USDT,SPELLUSDT,24830.0,0.00186,46.1838,0.0,0.0,-0.02771028
2025-01-29 15:52:53,Close long,USDT,SPELLUSDT,584768.0,0.0018601,1087.7269568,-10.857271087168,-11.509907261248,-0.65263617408
2025-01-29 15:52:53,Close long,USDT,SPELLUSDT,80374.0,0.0018608,149.5599392,-1.436026263574,-1.525762227094,-0.08973596352
2025-01-29 15:52:28,Open long,USDT,SPELLUSDT,33585.0,0.0018788,63.099498,0.0,0.0,-0.0378596988
2025-01-29 15:52:28,Open long,USDT,SPELLUSDT,25137.0,0.0018788,47.2273956,0.0,0.0,-0.02833643736
2025-01-29 15:52:28,Open long,USDT,SPELLUSDT,163434.0,0.0018788,307.0597992,0.0,0.0,-0.18423587952
2025-01-29 15:52:28,Open long,USDT,SPELLUSDT,393117.0,0.0018786,738.5095962,0.0,0.0,-0.44310575772
2025-01-29 15:52:28,Open long,USDT,SPELLUSDT,49869.0,0.0018786,93.6839034,0.0,0.0,-0.05621034204
2025-01-29 15:48:16,Close long,USDT,SPELLUSDT,191608.0,0.0019102,366.0096016,1.2646128,1.04500703904,-0.21960576096
2025-01-29 15:47:40,Open long,USDT,SPELLUSDT,150946.0,0.0019036,287.3408056,0.0,0.0,-0.17240448336
2025-01-29 15:47:40,Open long,USDT,SPELLUSDT,40662.0,0.0019036,77.4041832,0.0,0.0,-0.04644250992
2025-01-29 15:41:43,Close long,USDT,SPELLUSDT,1475.0,0.0018583,2.7409925,0.0066447039,0.0050001084,-0.0016445955
2025-01-29 15:41:43,Close long,USDT,SPELLUSDT,175794.0,0.0018584,326.6955696,0.809510977896,0.613493636136,-0.19601734176
2025-01-29 15:41:43,Close long,USDT,SPELLUSDT,196214.0,0.0018584,364.6440976,0.903542709176,0.684756250616,-0.21878645856
2025-01-29 15:41:43,Close long,USDT,SPELLUSDT,200000.0,0.0018585,371.7,0.9409768,0.7179568,-0.22302
2025-01-29 15:41:43,Close long,USDT,SPELLUSDT,148375.0,0.0018586,275.769775,0.7129246635,0.5474627985,-0.165461865
2025-01-29 15:41:43,Close long,USDT,SPELLUSDT,187136.0,0.0018587,347.8296832,0.917880372224,0.709182562304,-0.20869780992
2025-01-29 15:41:33,Open long,USDT,SPELLUSDT,532881.0,0.0018538,987.8547978,0.0,0.0,-0.59271287868
2025-01-29 15:41:33,Open long,USDT,SPELLUSDT,181801.0,0.0018538,337.0226938,0.0,0.0,-0.20221361628
2025-01-29 15:41:33,Open long,USDT,SPELLUSDT,149912.0,0.0018538,277.9068656,0.0,0.0,-0.16674411936
2025-01-29 15:41:33,Open long,USDT,SPELLUSDT,44400.0,0.0018537,82.30428,0.0,0.0,-0.049382568
2025-01-29 15:40:26,Close long,USDT,SPELLUSDT,49281.0,0.0018623,91.7760063,0.2809017,0.22583609622,-0.05506560378
2025-01-29 15:40:26,Close long,USDT,SPELLUSDT,105378.0,0.0018624,196.2559872,0.6111924,0.49343880768,-0.11775359232
2025-01-29 15:40:26,Close long,USDT,SPELLUSDT,168710.0,0.0018625,314.222375,0.995389,0.806855575,-0.188533425
2025-01-29 15:40:26,Close long,USDT,SPELLUSDT,56598.0,0.0018626,105.4194348,0.339588,0.27633633912,-0.06325166088
2025-01-29 15:40:26,Close long,USDT,SPELLUSDT,32788.0,0.0018628,61.0774864,0.2032856,0.16663910816,-0.03664649184
2025-01-29 15:40:26,Close long,USDT,SPELLUSDT,162211.0,0.0018631,302.2153141,1.0543715,0.87304231154,-0.18132918846
2025-01-29 15:40:00,Open long,USDT,SPELLUSDT,23775.0,0.0018566,44.140665,0.0,0.0,-0.008828133
2025-01-29 15:40:00,Open long,USDT,SPELLUSDT,70029.0,0.0018566,130.0158414,0.0,0.0,-0.02600316828
2025-01-29 15:40:00,Open long,USDT,SPELLUSDT,70040.0,0.0018566,130.036264,0.0,0.0,-0.0260072528
2025-01-29 15:40:00,Open long,USDT,SPELLUSDT,70021.0,0.0018566,130.0009886,0.0,0.0,-0.02600019772
2025-01-29 15:40:00,Open long,USDT,SPELLUSDT,29667.0,0.0018566,55.0797522,0.0,0.0,-0.01101595044
2025-01-29 15:39:50,Open long,USDT,SPELLUSDT,82119.0,0.0018566,152.4621354,0.0,0.0,-0.03049242708
2025-01-29 15:39:50,Open long,USDT,SPELLUSDT,96021.0,0.0018566,178.2725886,0.0,0.0,-0.03565451772
2025-01-29 15:39:49,Open long,USDT,SPELLUSDT,75669.0,0.0018566,140.4870654,0.0,0.0,-0.02809741308
2025-01-29 15:39:49,Open long,USDT,SPELLUSDT,57625.0,0.0018566,106.986575,0.0,0.0,-0.021397315
2025-01-29 15:37:09,Close long,USDT,BTCUSDT,0.022,102544.1,2255.9702,1.5576,0.20401788,-1.35358212
2025-01-29 15:19:07,Open long,USDT,BTCUSDT,0.008,102473.3,819.7864,0.0,0.0,-0.16395728
2025-01-29 15:19:04,Open long,USDT,BTCUSDT,0.014,102473.3,1434.6262,0.0,0.0,-0.28692524
2025-01-29 15:15:37,Close short,USDT,SPELLUSDT,55717.0,0.0017586,97.9839162,0.7521795,0.69338915028,-0.05879034972
2025-01-29 15:15:37,Close short,USDT,SPELLUSDT,143208.0,0.0017585,251.831268,1.9476288,1.7965300392,-0.1510987608
2025-01-29 15:15:37,Close short,USDT,SPELLUSDT,171544.0,0.0017584,301.6429696,2.3501528,2.16916701824,-0.18098578176
2025-01-29 15:15:37,Close short,USDT,SPELLUSDT,248119.0,0.0017584,436.2924496,3.3992303,3.13745483024,-0.26177546976
2025-01-29 15:15:37,Close short,USDT,SPELLUSDT,105525.0,0.0017583,185.5446075,1.456245,1.3449182355,-0.1113267645
2025-01-29 15:14:45,Open short,USDT,SPELLUSDT,658473.0,0.0017721,1166.8800033,0.0,0.0,-0.70012800198
2025-01-29 15:14:45,Open short,USDT,SPELLUSDT,65640.0,0.0017721,116.320644,0.0,0.0,-0.0697923864
2025-01-29 15:14:45,Close long,USDT,SPELLUSDT,285716.0,0.0017711,506.0316076,-6.841739050188,-7.145358014748,-0.30361896456
2025-01-29 15:14:45,Close long,USDT,SPELLUSDT,38397.0,0.0017714,68.0164458,-0.907933273371,-0.948743140851,-0.04080986748
2025-01-29 15:14:45,Close long,USDT,SPELLUSDT,200000.0,0.0017715,354.3,-4.7091886,-4.9217686,-0.21258
2025-01-29 15:14:45,Close long,USDT,SPELLUSDT,200000.0,0.0017716,354.32,-4.6891886,-4.9017806,-0.212592
2025-01-29 15:11:06,Open long,USDT,SPELLUSDT,75584.0,0.0017953,135.6959552,0.0,0.0,-0.08141757312
2025-01-29 15:11:06,Open long,USDT,SPELLUSDT,105924.0,0.0017951,190.1441724,0.0,0.0,-0.11408650344
2025-01-29 15:11:06,Open long,USDT,SPELLUSDT,139121.0,0.001795,249.722195,0.0,0.0,-0.149833317
2025-01-29 15:11:06,Open long,USDT,SPELLUSDT,403484.0,0.001795,724.25378,0.0,0.0,-0.434552268
2025-01-29 15:06:51,Close short,USDT,BTCUSDT,0.03,102560.5,3076.815,5.982,4.135911,-1.846089
2025-01-29 15:00:35,Open short,USDT,BTCUSDT,0.03,102759.9,3082.797,0.0,0.0,-1.8496782
2025-01-29 00:03:37,Close short,USDT,SPELLUSDT,200450.0,0.0017258,345.93661,0.3854801833,0.1779182173,-0.207561966
2025-01-29 00:03:37,Close short,USDT,SPELLUSDT,869162.0,0.0017258,1499.9997796,1.671462843988,0.771462976228,-0.89999986776
2025-01-29 00:01:34,Open short,USDT,SPELLUSDT,195655.0,0.0017275,337.9940125,0.0,0.0,-0.2027964075
2025-01-29 00:01:34,Open short,USDT,SPELLUSDT,322114.0,0.0017276,556.4841464,0.0,0.0,-0.33389048784
2025-01-29 00:01:34,Open short,USDT,SPELLUSDT,44628.0,0.0017276,77.0993328,0.0,0.0,-0.04625959968
2025-01-29 00:01:34,Open short,USDT,SPELLUSDT,200000.0,0.0017276,345.52,0.0,0.0,-0.207312
2025-01-29 00:01:34,Open short,USDT,SPELLUSDT,66241.0,0.0017277,114.4445757,0.0,0.0,-0.06866674542
2025-01-29 00:01:34,Open short,USDT,SPELLUSDT,240974.0,0.0017282,416.4512668,0.0,0.0,-0.24987076008
2025-01-29 00:00:54,Close short,USDT,SPELLUSDT,14429.0,0.0017364,25.0545156,0.0851311,0.07009839064,-0.01503270936
2025-01-29 00:00:54,Close short,USDT,SPELLUSDT,33897.0,0.0017364,58.8587508,0.1999923,0.16467704952,-0.03531525048
2025-01-29 00:00:54,Close short,USDT,SPELLUSDT,5761.0,0.0017361,10.0016721,0.0357182,0.02971719674,-0.00600100326
2025-01-29 00:00:54,Close short,USDT,SPELLUSDT,85724.0,0.0017362,148.8340088,0.5229164,0.43361599472,-0.08930040528
2025-01-29 00:00:54,Close short,USDT,SPELLUSDT,23999.0,0.0017359,41.6598641,0.1535936,0.12859768154,-0.02499591846
2025-01-29 00:00:54,Close short,USDT,SPELLUSDT,864205.0,0.0017357,1500.0006185,5.703753,4.8037526289,-0.9000003711
2025-01-29 00:00:53,Close short,USDT,SPELLUSDT,9042.0,0.0017362,15.6987204,0.0551562,0.04573696776,-0.00941923224
2025-01-29 00:00:53,Close short,USDT,SPELLUSDT,24299.0,0.0017359,42.1806341,0.1555136,0.13020521954,-0.02530838046
2025-01-29 00:00:53,Close short,USDT,SPELLUSDT,38986.0,0.0017365,67.699189,0.2261188,0.1854992866,-0.0406195134
2025-01-29 00:00:53,Close short,USDT,SPELLUSDT,14100.0,0.0017362,24.48042,0.08601,0.071321748,-0.014688252
2025-01-29 00:00:53,Close short,USDT,SPELLUSDT,11273.0,0.0017363,19.5733099,0.067638,0.05589401406,-0.01174398594
2025-01-29 00:00:53,Close short,USDT,SPELLUSDT,19880.0,0.001736,34.51168,0.125244,0.104536992,-0.020707008
2025-01-29 00:00:53,Close short,USDT,SPELLUSDT,30336.0,0.0017358,52.6572288,0.197184,0.16558966272,-0.03159433728
2025-01-29 00:00:39,Open short,USDT,SPELLUSDT,1175931.0,0.0017423,2048.8245813,0.0,0.0,-1.22929474878
2025-01-28 23:57:13,Close long,USDT,SPELLUSDT,37703.0,0.0017688,66.6890664,0.188515,0.14850156016,-0.04001343984
2025-01-28 23:57:13,Close long,USDT,SPELLUSDT,282645.0,0.001769,499.999005,1.469754,1.169754597,-0.299999403
2025-01-28 23:57:13,Close long,USDT,SPELLUSDT,47962.0,0.001769,84.844778,0.2494024,0.1984955332,-0.0509068668
2025-01-28 23:57:13,Close long,USDT,SPELLUSDT,30836.0,0.0017691,54.5519676,0.1634308,0.13069961944,-0.03273118056
2025-01-28 23:57:13,Close long,USDT,SPELLUSDT,47962.0,0.0017691,84.8495742,0.2541986,0.20328885548,-0.05090974452
2025-01-28 23:57:13,Close long,USDT,SPELLUSDT,64306.0,0.0017694,113.7830364,0.3601136,0.29184377816,-0.06826982184
2025-01-28 23:57:13,Close long,USDT,SPELLUSDT,509110.0,0.00177,901.1247,3.156482,2.61580718,-0.54067482
2025-01-28 23:54:05,Open long,USDT,SPELLUSDT,1020524.0,0.0017638,1800.0002312,0.0,0.0,-0.36000004624
2025-01-28 23:48:53,Close long,USDT,SPELLUSDT,167233.0,0.001739,290.818187,-11.85441656179,-12.02890747399,-0.1744909122
2025-01-28 23:48:53,Close long,USDT,SPELLUSDT,354942.0,0.001739,617.244138,-25.16028728346,-25.53063376626,-0.3703464828
2025-01-28 23:48:53,Close long,USDT,SPELLUSDT,72316.0,0.0017391,125.7647556,-5.11893361908,-5.19439247244,-0.07545885336
2025-01-28 23:48:53,Close long,USDT,SPELLUSDT,56363.0,0.0017392,98.0265296,-3.98405416369,-4.04287008145,-0.05881591776
2025-01-28 23:48:53,Close long,USDT,SPELLUSDT,38041.0,0.0017392,66.1609072,-2.68895205083,-2.72864859515,-0.03969654432
2025-01-28 23:45:52,Close long,USDT,BTCUSDT,0.028,102797.7,2878.3356,-10.0212,-11.74820136,-1.72700136
2025-01-28 23:42:44,Open long,USDT,BTCUSDT,0.011,103155.6,1134.7116,0.0,0.0,-0.22694232
2025-01-28 23:42:44,Open long,USDT,BTCUSDT,0.017,103155.6,1753.6452,0.0,0.0,-0.35072904
2025-01-28 23:18:12,Open long,USDT,SPELLUSDT,187757.0,0.001811,340.027927,0.0,0.0,-0.2040167562
2025-01-28 23:18:12,Open long,USDT,SPELLUSDT,84379.0,0.0018097,152.7006763,0.0,0.0,-0.09162040578
2025-01-28 23:18:12,Open long,USDT,SPELLUSDT,44110.0,0.0018096,79.821456,0.0,0.0,-0.0478928736
2025-01-28 23:18:12,Open long,USDT,SPELLUSDT,195546.0,0.0018094,353.8209324,0.0,0.0,-0.21229255944
2025-01-28 23:18:12,Open long,USDT,SPELLUSDT,177103.0,0.0018094,320.4501682,0.0,0.0,-0.19227010092
2025-01-28 22:46:44,Close short,USDT,BTCUSDT,0.012,102188.8,1226.2656,2.6232,1.88744064,-0.73575936
2025-01-28 22:46:21,Open short,USDT,BTCUSDT,0.012,102407.4,1228.8888,0.0,0.0,-0.24577776
2025-01-28 22:45:22,Close short,USDT,BTCUSDT,0.011,102310.5,1125.4155,-1.2166,-1.8918493,-0.6752493
2025-01-28 22:45:01,Open short,USDT,BTCUSDT,0.011,102199.9,1124.1989,0.0,0.0,-0.67451934
2025-01-28 21:48:13,Close long,USDT,SPELLUSDT,25051.0,0.001689,42.311139,0.2630355,0.2376488166,-0.0253866834
2025-01-28 21:48:13,Close long,USDT,SPELLUSDT,301991.0,0.0016893,510.1533963,3.2615028,2.95541076222,-0.30609203778
2025-01-28 21:48:13,Close long,USDT,SPELLUSDT,174255.0,0.0016894,294.386397,1.8993795,1.7227476618,-0.1766318382
2025-01-28 21:48:13,Close long,USDT,SPELLUSDT,11835.0,0.0016899,19.9999665,0.134919,0.1229190201,-0.0119999799
2025-01-28 21:48:13,Close long,USDT,SPELLUSDT,4084.0,0.0016899,6.9015516,0.0465576,0.04241666904,-0.00414093096
2025-01-28 21:46:24,Open long,USDT,SPELLUSDT,256239.0,0.0016785,430.0971615,0.0,0.0,-0.0860194323
2025-01-28 21:46:24,Open long,USDT,SPELLUSDT,260977.0,0.0016785,438.0498945,0.0,0.0,-0.0876099789
2025-01-28 21:45:53,Close long,USDT,SPELLUSDT,137451.0,0.0016771,230.5190721,2.2816866,2.14337515674,-0.13831144326
2025-01-28 21:45:53,Close long,USDT,SPELLUSDT,11925.0,0.0016771,19.9994175,0.197955,0.1859553495,-0.0119996505
2025-01-28 21:45:53,Close long,USDT,SPELLUSDT,4115.0,0.0016771,6.9012665,0.068309,0.0641682401,-0.0041407599
2025-01-28 21:45:53,Close long,USDT,SPELLUSDT,194969.0,0.0016771,326.9825099,3.2364854,3.04029589406,-0.19618950594
2025-01-28 21:45:53,Close long,USDT,SPELLUSDT,131548.0,0.0016773,220.6454604,2.2100064,2.07761912376,-0.13238727624
2025-01-28 21:44:58,Open long,USDT,SPELLUSDT,105856.0,0.0016605,175.773888,0.0,0.0,-0.0351547776
2025-01-28 21:44:58,Open long,USDT,SPELLUSDT,253706.0,0.0016605,421.278813,0.0,0.0,-0.0842557626
2025-01-28 21:44:58,Open long,USDT,SPELLUSDT,120446.0,0.0016605,200.000583,0.0,0.0,-0.0400001166
2025-01-28 13:58:35,Close short,USDT,BTCUSDT,0.016,102941.6,1647.0656,-0.8576,-1.84583936,-0.98823936
2025-01-28 13:57:34,Open short,USDT,BTCUSDT,0.013,102888.0,1337.544,0.0,0.0,-0.8025264
2025-01-28 13:57:34,Open short,USDT,BTCUSDT,0.003,102888.0,308.664,0.0,0.0,-0.1851984
2025-01-28 13:57:34,Close long,USDT,BTCUSDT,0.016,102888.0,1646.208,-4.8336,-5.8213248,-0.9877248
2025-01-28 13:37:56,Open long,USDT,BTCUSDT,0.015,103190.1,1547.8515,0.0,0.0,-0.3095703
2025-01-28 13:37:56,Open long,USDT,BTCUSDT,0.001,103190.1,103.1901,0.0,0.0,-0.02063802
2025-01-28 13:15:23,Close long,USDT,BTCUSDT,0.018,102903.4,1852.2612,-3.087,-4.19835672,-1.11135672
2025-01-28 13:10:36,Open long,USDT,BTCUSDT,0.018,103074.9,1855.3482,0.0,0.0,-0.37106964
2025-01-28 13:05:17,Close short,USDT,BTCUSDT,0.012,103030.2,1236.3624,-1.7028,-2.44461744,-0.74181744
2025-01-28 12:53:57,Open short,USDT,BTCUSDT,0.011,102888.3,1131.7713,0.0,0.0,-0.22635426
2025-01-28 12:53:56,Open short,USDT,BTCUSDT,0.001,102888.3,102.8883,0.0,0.0,-0.02057766
2025-01-28 00:10:32,Close short,USDT,BTCUSDT,0.03,101060.1,3031.803,-6.33,-8.1490818,-1.8190818
2025-01-28 00:09:45,Open short,USDT,BTCUSDT,0.001,100849.1,100.8491,0.0,0.0,-0.02016982
2025-01-28 00:09:45,Open short,USDT,BTCUSDT,0.001,100849.1,100.8491,0.0,0.0,-0.02016982
2025-01-28 00:09:45,Open short,USDT,BTCUSDT,0.001,100849.1,100.8491,0.0,0.0,-0.02016982
2025-01-28 00:09:45,Open short,USDT,BTCUSDT,0.001,100849.1,100.8491,0.0,0.0,-0.02016982
2025-01-28 00:09:45,Open short,USDT,BTCUSDT,0.001,100849.1,100.8491,0.0,0.0,-0.02016982
2025-01-28 00:09:45,Open short,USDT,BTCUSDT,0.001,100849.1,100.8491,0.0,0.0,-0.02016982
2025-01-28 00:09:45,Open short,USDT,BTCUSDT,0.001,100849.1,100.8491,0.0,0.0,-0.02016982
2025-01-28 00:09:45,Open short,USDT,BTCUSDT,0.001,100849.1,100.8491,0.0,0.0,-0.02016982
2025-01-28 00:09:45,Open short,USDT,BTCUSDT,0.001,100849.1,100.8491,0.0,0.0,-0.02016982
2025-01-28 00:09:45,Open short,USDT,BTCUSDT,0.001,100849.1,100.8491,0.0,0.0,-0.02016982
2025-01-28 00:09:45,Open short,USDT,BTCUSDT,0.01,100849.1,1008.491,0.0,0.0,-0.2016982
2025-01-28 00:09:43,Open short,USDT,BTCUSDT,0.009,100849.1,907.6419,0.0,0.0,-0.18152838
2025-01-28 00:09:42,Open short,USDT,BTCUSDT,0.001,100849.1,100.8491,0.0,0.0,-0.02016982
2025-01-27 23:48:19,Close long,USDT,BTCUSDT,0.043,101283.4,4355.1862,-9.3181,-11.93121172,-2.61311172
2025-01-27 23:38:34,Open long,USDT,BTCUSDT,0.043,101500.1,4364.5043,0.0,0.0,-0.87290086
2025-01-27 23:37:52,Close short,USDT,BTCUSDT,0.03,101505.9,3045.177,3.216,1.3888938,-1.8271062
2025-01-27 23:37:26,Open short,USDT,BTCUSDT,0.03,101613.1,3048.393,0.0,0.0,-1.8290358
2025-01-27 22:58:35,Close long,USDT,BTCUSDT,0.03,102176.0,3065.28,6.87,5.030832,-1.839168
2025-01-27 22:54:35,Open long,USDT,BTCUSDT,0.03,101947.0,3058.41,0.0,0.0,-1.835046
2025-01-27 22:50:34,Close long,USDT,BTCUSDT,0.025,101903.2,2547.58,5.8275,4.298952,-1.528548
2025-01-27 22:48:48,Open long,USDT,BTCUSDT,0.025,101670.1,2541.7525,0.0,0.0,-1.5250515
2025-01-27 22:46:53,Close long,USDT,BTCUSDT,0.025,101286.8,2532.17,6.54,5.020698,-1.519302
2025-01-27 22:38:56,Open long,USDT,BTCUSDT,0.025,101025.2,2525.63,0.0,0.0,-1.515378
2025-01-27 22:38:56,Close short,USDT,BTCUSDT,0.025,101025.2,2525.63,-12.07,-13.585378,-1.515378
2025-01-27 22:30:11,Open short,USDT,BTCUSDT,0.025,100542.4,2513.56,0.0,0.0,-0.502712
2025-01-27 16:51:14,Close short,USDT,VINEUSDT,608.0,0.28473,173.11584,0.47424,0.370370496,-0.103869504
2025-01-27 16:51:14,Close short,USDT,VINEUSDT,445.0,0.28472,126.7004,0.35155,0.27552976,-0.07602024
2025-01-27 16:51:14,Close short,USDT,VINEUSDT,1011.0,0.28472,287.85192,0.79869,0.625978848,-0.172711152
2025-01-27 16:51:14,Close short,USDT,VINEUSDT,735.0,0.28471,209.26185,0.588,0.46244289,-0.12555711
2025-01-27 16:51:14,Close short,USDT,VINEUSDT,871.0,0.2847,247.9737,0.70551,0.55672578,-0.14878422
2025-01-27 16:36:55,Open short,USDT,VINEUSDT,3670.0,0.28551,1047.8217,0.0,0.0,-0.20956434
2025-01-27 16:29:38,Close short,USDT,VINEUSDT,514.0,0.29235,150.2679,-4.64460558953,-4.73476632953,-0.09016074
2025-01-27 16:29:38,Close short,USDT,VINEUSDT,289.0,0.29234,84.48626,-2.608571119405,-2.659262875405,-0.050691756
2025-01-27 16:29:38,Close short,USDT,VINEUSDT,41.0,0.29233,11.98553,-0.369664103445,-0.376855421445,-0.007191318
2025-01-27 16:29:38,Close short,USDT,VINEUSDT,555.0,0.29232,162.2376,-4.998439692975,-5.095782252975,-0.09734256
2025-01-27 16:29:38,Close short,USDT,VINEUSDT,129.0,0.29227,37.70283,-1.155349496205,-1.177971194205,-0.022621698
2025-01-27 16:13:42,Open short,USDT,VINEUSDT,547.0,0.28327,154.94869,0.0,0.0,-0.092969214
2025-01-27 16:13:42,Open short,USDT,VINEUSDT,231.0,0.2833,65.4423,0.0,0.0,-0.03926538
2025-01-27 16:13:42,Open short,USDT,VINEUSDT,750.0,0.28335,212.5125,0.0,0.0,-0.1275075
2025-01-27 14:31:12,Close short,USDT,BTCUSDT,0.022,99668.0,2192.696,5.7024,4.3867824,-1.3156176
2025-01-27 14:28:17,Open short,USDT,BTCUSDT,0.022,99927.2,2198.3984,0.0,0.0,-0.43967968
2025-01-27 14:23:13,Close short,USDT,BTCUSDT,0.022,99722.1,2193.8862,3.2054,1.88906828,-1.31633172
2025-01-27 14:20:56,Open short,USDT,BTCUSDT,0.022,99867.8,2197.0916,0.0,0.0,-1.31825496
2025-01-27 14:15:09,Close long,USDT,BTCUSDT,0.023,100135.9,2303.1257,-6.2675,-7.64937542,-1.38187542
2025-01-27 14:08:10,Open long,USDT,BTCUSDT,0.007,100408.4,702.8588,0.0,0.0,-0.14057176
2025-01-27 14:08:10,Open long,USDT,BTCUSDT,0.016,100408.4,1606.5344,0.0,0.0,-0.32130688
2025-01-27 14:05:45,Close long,USDT,VINEUSDT,322.0,0.29871,96.18462,0.276393266926,0.218682494926,-0.057710772
2025-01-27 14:05:45,Close long,USDT,VINEUSDT,1112.0,0.29871,332.16552,0.954500971496,0.755201659496,-0.199299312
2025-01-27 14:05:45,Close long,USDT,VINEUSDT,889.0,0.29871,265.55319,0.763085758687,0.603753844687,-0.159331914
2025-01-27 13:59:59,Open long,USDT,VINEUSDT,1283.0,0.29791,382.21853,0.0,0.0,-0.229331118
2025-01-27 13:59:59,Open long,USDT,VINEUSDT,34.0,0.29791,10.12894,0.0,0.0,-0.006077364
2025-01-27 13:59:59,Open long,USDT,VINEUSDT,160.0,0.29789,47.6624,0.0,0.0,-0.02859744
2025-01-27 13:59:59,Open long,USDT,VINEUSDT,34.0,0.29787,10.12758,0.0,0.0,-0.006076548
2025-01-27 13:59:59,Open long,USDT,VINEUSDT,319.0,0.29784,95.01096,0.0,0.0,-0.057006576
2025-01-27 13:59:59,Open long,USDT,VINEUSDT,359.0,0.29782,106.91738,0.0,0.0,-0.064150428
2025-01-27 13:59:59,Open long,USDT,VINEUSDT,134.0,0.29734,39.84356,0.0,0.0,-0.023906136
2025-01-27 13:52:58,Close short,USDT,VINEUSDT,367.0,0.28949,106.24283,0.231620278842,0.167874580842,-0.063745698
2025-01-27 13:52:58,Close short,USDT,VINEUSDT,583.0,0.28948,168.76684,0.373771750858,0.272511646858,-0.101260104
2025-01-27 13:52:58,Close short,USDT,VINEUSDT,378.0,0.28944,109.40832,0.257462576028,0.191817584028,-0.065644992
2025-01-27 13:52:58,Close short,USDT,VINEUSDT,1606.0,0.28942,464.80852,1.125995389156,0.847110277156,-0.278885112
2025-01-27 13:51:12,Open short,USDT,VINEUSDT,101.0,0.2901,29.3001,0.0,0.0,-0.01758006
2025-01-27 13:51:12,Open short,USDT,VINEUSDT,546.0,0.29011,158.40006,0.0,0.0,-0.095040036
2025-01-27 13:51:12,Open short,USDT,VINEUSDT,152.0,0.29011,44.09672,0.0,0.0,-0.026458032
2025-01-27 13:51:12,Open short,USDT,VINEUSDT,1173.0,0.29012,340.31076,0.0,0.0,-0.204186456
2025-01-27 13:51:12,Open short,USDT,VINEUSDT,348.0,0.29012,100.96176,0.0,0.0,-0.060577056
2025-01-27 13:51:12,Open short,USDT,VINEUSDT,614.0,0.29014,178.14596,0.0,0.0,-0.106887576
2025-01-27 13:51:12,Close long,USDT,VINEUSDT,2934.0,0.2901,851.1534,-17.4627700029,-17.9734620429,-0.51069204
2025-01-27 13:45:36,Open long,USDT,VINEUSDT,547.0,0.29606,161.94482,0.0,0.0,-0.097166892
2025-01-27 13:45:36,Open long,USDT,VINEUSDT,220.0,0.29605,65.131,0.0,0.0,-0.0390786
2025-01-27 13:45:36,Open long,USDT,VINEUSDT,462.0,0.29605,136.7751,0.0,0.0,-0.08206506
2025-01-27 13:45:36,Open long,USDT,VINEUSDT,1092.0,0.29605,323.2866,0.0,0.0,-0.19397196
2025-01-27 13:45:36,Open long,USDT,VINEUSDT,613.0,0.29605,181.47865,0.0,0.0,-0.10888719
2025-01-27 13:36:50,Close long,USDT,SPELLUSDT,111124.0,0.0014883,165.3858492,-1.7001972,-1.79942870952,-0.09923150952
2025-01-27 13:36:50,Close long,USDT,SPELLUSDT,1198573.0,0.0014884,1783.9560532,-18.2183096,-19.28868323192,-1.07037363192
2025-01-27 13:31:46,Open long,USDT,SPELLUSDT,1309697.0,0.0015036,1969.2604092,0.0,0.0,-0.39385208184
2025-01-26 20:01:08,Close short,USDT,TRUMPUSDT,3.3,29.923,98.7459,-0.9801,-1.03934754,-0.05924754
2025-01-26 19:58:20,Open short,USDT,TRUMPUSDT,3.3,29.626,97.7658,0.0,0.0,-0.05865948
2025-01-26 19:03:05,Close short,USDT,VINEUSDT,1323.0,0.40335,533.63205,3.607247602539,3.287068372539,-0.32017923
2025-01-26 19:03:05,Close short,USDT,VINEUSDT,4.0,0.40333,1.61332,0.010986266372,0.010018274372,-0.000967992
2025-01-26 19:03:05,Close short,USDT,VINEUSDT,242.0,0.4033,97.5986,0.671929115506,0.613369955506,-0.05855916
2025-01-26 19:03:05,Close short,USDT,VINEUSDT,17.0,0.40324,6.85508,0.048221632081,0.044108584081,-0.004113048
2025-01-26 19:03:05,Close short,USDT,VINEUSDT,4.0,0.40309,1.61236,0.011946266372,0.010978850372,-0.000967416
2025-01-26 19:03:05,Close short,USDT,VINEUSDT,242.0,0.40309,97.54778,0.722749115506,0.664220447506,-0.058528668
2025-01-26 18:55:11,Open short,USDT,VINEUSDT,480.0,0.40606,194.9088,0.0,0.0,-0.11694528
2025-01-26 18:55:11,Open short,USDT,VINEUSDT,791.0,0.40607,321.20137,0.0,0.0,-0.192720822
2025-01-26 18:55:11,Open short,USDT,VINEUSDT,561.0,0.4061,227.8221,0.0,0.0,-0.13669326
2025-01-26 18:30:13,Close short,USDT,VINEUSDT,938.0,0.42021,394.15698,-3.381120000272,-3.617614188272,-0.236494188
2025-01-26 18:25:10,Open short,USDT,VINEUSDT,216.0,0.41659,89.98344,0.0,0.0,-0.053990064
2025-01-26 18:25:10,Open short,USDT,VINEUSDT,722.0,0.41661,300.79242,0.0,0.0,-0.180475452
2025-01-26 09:37:47,Close long,USDT,JUPUSDT,1282.0,0.9367,1200.8494,-9.82654765955,-10.54705729955,-0.72050964
2025-01-26 09:37:47,Close long,USDT,JUPUSDT,423.0,0.9367,396.2241,-3.242300826825,-3.480035286825,-0.23773446
2025-01-26 09:37:47,Close long,USDT,JUPUSDT,877.0,0.9367,821.4859,-6.722217080675,-7.215108620675,-0.49289154
2025-01-26 09:37:47,Close long,USDT,JUPUSDT,2500.0,0.9368,2342.0,-18.9125344375,-20.3177344375,-1.4052
2025-01-26 09:27:48,Open long,USDT,JUPUSDT,402.0,0.9445,379.689,0.0,0.0,-0.2278134
2025-01-26 09:27:48,Open long,USDT,JUPUSDT,2500.0,0.9444,2361.0,0.0,0.0,-1.4166
2025-01-26 09:27:48,Open long,USDT,JUPUSDT,129.0,0.9443,121.8147,0.0,0.0,-0.07308882
2025-01-26 09:27:48,Open long,USDT,JUPUSDT,1176.0,0.9443,1110.4968,0.0,0.0,-0.66629808
2025-01-26 09:27:48,Open long,USDT,JUPUSDT,875.0,0.9443,826.2625,0.0,0.0,-0.4957575
2025-01-26 09:17:57,Close long,USDT,JUPUSDT,941.0,0.9377,882.3757,-6.1165,-6.64592542,-0.52942542
2025-01-26 09:17:57,Close long,USDT,JUPUSDT,489.0,0.9377,458.5353,-3.1785,-3.45362118,-0.27512118
2025-01-26 09:17:57,Close long,USDT,JUPUSDT,350.0,0.9377,328.195,-2.275,-2.471917,-0.196917
2025-01-26 09:17:57,Close long,USDT,JUPUSDT,1083.0,0.9377,1015.5291,-7.0395,-7.64881746,-0.60931746
2025-01-26 09:17:57,Close long,USDT,JUPUSDT,338.0,0.9378,316.9764,-2.1632,-2.35338584,-0.19018584
2025-01-26 09:17:57,Close long,USDT,JUPUSDT,468.0,0.9378,438.8904,-2.9952,-3.25853424,-0.26333424
2025-01-26 09:17:57,Close long,USDT,JUPUSDT,550.0,0.9378,515.79,-3.52,-3.829474,-0.309474
2025-01-26 09:17:57,Close long,USDT,JUPUSDT,422.0,0.9378,395.7516,-2.7008,-2.93825096,-0.23745096
2025-01-26 09:17:57,Close long,USDT,JUPUSDT,60.0,0.9378,56.268,-0.384,-0.4177608,-0.0337608
2025-01-26 09:17:57,Close long,USDT,JUPUSDT,19.0,0.9379,17.8201,-0.1197,-0.13039206,-0.01069206
2025-01-26 09:17:57,Close long,USDT,JUPUSDT,1000.0,0.938,938.0,-6.2,-6.7628,-0.5628
2025-01-26 09:17:57,Close long,USDT,JUPUSDT,39.0,0.938,36.582,-0.2418,-0.2637492,-0.0219492
2025-01-26 09:08:56,Open long,USDT,JUPUSDT,1139.0,0.9442,1075.4438,0.0,0.0,-0.21508876
2025-01-26 09:08:56,Open long,USDT,JUPUSDT,4000.0,0.9442,3776.8,0.0,0.0,-0.75536
2025-01-26 09:08:56,Open long,USDT,JUPUSDT,79.0,0.9442,74.5918,0.0,0.0,-0.01491836
2025-01-26 09:08:56,Open long,USDT,JUPUSDT,117.0,0.9442,110.4714,0.0,0.0,-0.02209428
2025-01-26 09:08:56,Open long,USDT,JUPUSDT,424.0,0.9442,400.3408,0.0,0.0,-0.08006816
2025-01-23 12:56:51,Close long,USDT,BTCUSDT,0.004,102056.1,408.2244,0.3352,0.09026536,-0.24493464
2025-01-23 12:36:27,Open long,USDT,BTCUSDT,0.004,101972.3,407.8892,0.0,0.0,-0.08157784
2025-01-23 12:21:14,Close long,USDT,BTCUSDT,0.004,101855.1,407.4204,-1.6744,-1.91885224,-0.24445224
2025-01-23 12:06:39,Open long,USDT,BTCUSDT,0.004,102273.7,409.0948,0.0,0.0,-0.24545688
2025-01-23 11:07:21,Close long,USDT,SOLUSDT,0.8,249.497,199.5976,0.5864,0.46664144,-0.11975856
2025-01-23 10:26:16,Open long,USDT,SOLUSDT,0.8,248.764,199.0112,0.0,0.0,-0.11940672
2025-01-21 22:48:40,Close long,USDT,BTCUSDT,0.004,104133.0,416.532,1.4912,1.2412808,-0.2499192
2025-01-21 22:45:24,Open long,USDT,BTCUSDT,0.004,103760.2,415.0408,0.0,0.0,-0.24902448
2025-01-21 22:40:48,Close long,USDT,BTCUSDT,0.006,103280.8,619.6848,-1.959,-2.33081088,-0.37181088
2025-01-21 22:39:05,Open long,USDT,BTCUSDT,0.006,103607.3,621.6438,0.0,0.0,-0.37298628
2025-01-21 22:26:47,Close long,USDT,MELANIAUSDT,11.8,4.204,49.6072,0.236,0.20623568,-0.02976432
2025-01-21 22:22:26,Open long,USDT,MELANIAUSDT,11.8,4.184,49.3712,0.0,0.0,-0.00987424
2025-01-21 21:57:19,Close long,USDT,DOGEUSDT,524.0,0.3688,193.2512,0.11528,-0.00067072,-0.11595072
2025-01-21 21:57:19,Close long,USDT,DOGEUSDT,413.0,0.36885,152.33505,0.11151,0.02010897,-0.09140103
2025-01-21 21:46:56,Open long,USDT,DOGEUSDT,937.0,0.36858,345.35946,0.0,0.0,-0.069071892
2025-01-21 21:18:14,Close short,USDT,BTCUSDT,0.003,104900.0,314.7,-1.4241,-1.61292,-0.18882
2025-01-21 20:43:03,Open short,USDT,BTCUSDT,0.003,104425.3,313.2759,0.0,0.0,-0.18796554
2025-01-21 00:59:29,Close long,USDT,MELANIAUSDT,5.3,7.992,42.3576,0.288799999996,0.263385439996,-0.02541456
2025-01-21 00:50:46,Open long,USDT,MELANIAUSDT,2.2,7.94,17.468,0.0,0.0,-0.0104808
2025-01-21 00:50:46,Open long,USDT,MELANIAUSDT,1.8,7.937,14.2866,0.0,0.0,-0.00857196
2025-01-21 00:50:46,Open long,USDT,MELANIAUSDT,1.3,7.934,10.3142,0.0,0.0,-0.00618852
2025-01-21 00:41:47,Close long,USDT,MELANIAUSDT,5.2,8.043,41.8236,0.488599999997,0.463505839997,-0.02509416
2025-01-21 00:38:00,Open long,USDT,MELANIAUSDT,0.2,7.95,1.59,0.0,0.0,-0.000954
2025-01-21 00:38:00,Open long,USDT,MELANIAUSDT,5.0,7.949,39.745,0.0,0.0,-0.023847
2025-01-20 23:25:55,Close long,USDT,BTCUSDT,0.005,106759.2,533.796,0.7505,0.4302224,-0.3202776
2025-01-20 23:21:09,Open long,USDT,BTCUSDT,0.002,106609.1,213.2182,0.0,0.0,-0.04264364
2025-01-20 23:21:09,Open long,USDT,BTCUSDT,0.003,106609.1,319.8273,0.0,0.0,-0.06396546
2025-01-20 19:55:23,Close long,USDT,ETHUSDT,0.06,3374.01,202.4406,0.1878,0.06633564,-0.12146436
2025-01-20 19:22:49,Open long,USDT,ETHUSDT,0.06,3370.88,202.2528,0.0,0.0,-0.12135168
2025-01-20 19:02:28,Close long,USDT,BTCUSDT,0.004,108094.8,432.3792,0.696,0.43657248,-0.25942752
2025-01-20 18:59:14,Open long,USDT,BTCUSDT,0.004,107920.8,431.6832,0.0,0.0,-0.25900992
2025-01-20 17:48:31,Close long,USDT,BTCUSDT,0.004,108024.8,432.0992,-0.2072,-0.46645952,-0.25925952
2025-01-20 17:47:47,Open long,USDT,BTCUSDT,0.001,108076.6,108.0766,0.0,0.0,-0.02161532
2025-01-20 17:47:47,Open long,USDT,BTCUSDT,0.002,108076.6,216.1532,0.0,0.0,-0.04323064
2025-01-20 17:47:47,Open long,USDT,BTCUSDT,0.001,108076.6,108.0766,0.0,0.0,-0.02161532
2025-01-20 17:03:21,Close long,USDT,MELANIAUSDT,4.0,11.225,44.9,0.708,0.68106,-0.02694
2025-01-20 16:59:46,Open long,USDT,MELANIAUSDT,4.0,11.048,44.192,0.0,0.0,-0.0088384
2025-01-20 16:51:00,Close short,USDT,MELANIAUSDT,2.8,11.586,32.4408,-0.171400000002,-0.190864480002,-0.01946448
2025-01-20 16:49:13,Open short,USDT,MELANIAUSDT,1.7,11.524,19.5908,0.0,0.0,-0.01175448
2025-01-20 16:49:13,Open short,USDT,MELANIAUSDT,1.1,11.526,12.6786,0.0,0.0,-0.00760716
2025-01-20 16:49:13,Close long,USDT,MELANIAUSDT,2.8,11.537,32.3036,-0.9352,-0.95458216,-0.01938216
2025-01-20 16:25:02,Open long,USDT,MELANIAUSDT,2.8,11.871,33.2388,0.0,0.0,-0.01994328
2025-01-20 16:18:07,Close long,USDT,MELANIAUSDT,3.3,12.084,39.8772,-1.5279,-1.55182632,-0.02392632
2025-01-20 16:00:26,Open long,USDT,MELANIAUSDT,3.3,12.547,41.4051,0.0,0.0,-0.00828102
2025-01-20 15:54:27,Close long,USDT,MELANIAUSDT,2.5,12.225,30.5625,0.361399999997,0.343062499997,-0.0183375
2025-01-20 15:12:49,Open long,USDT,MELANIAUSDT,0.8,12.082,9.6656,0.0,0.0,-0.00579936
2025-01-20 15:12:49,Open long,USDT,MELANIAUSDT,0.9,12.08,10.872,0.0,0.0,-0.0065232
2025-01-20 15:12:49,Open long,USDT,MELANIAUSDT,0.1,12.08,1.208,0.0,0.0,-0.0007248
2025-01-20 15:12:49,Open long,USDT,MELANIAUSDT,0.2,12.08,2.416,0.0,0.0,-0.0014496
2025-01-20 15:12:49,Open long,USDT,MELANIAUSDT,0.5,12.079,6.0395,0.0,0.0,-0.0036237
2025-01-20 15:11:04,Close long,USDT,MELANIAUSDT,3.7,11.232,41.5584,-1.7797,-1.80463504,-0.02493504
2025-01-20 15:10:18,Open long,USDT,MELANIAUSDT,3.7,11.713,43.3381,0.0,0.0,-0.00866762
2025-01-20 15:06:32,Close long,USDT,MELANIAUSDT,3.6,11.28,40.608,2.6064,2.5820352,-0.0243648
2025-01-20 13:21:49,Open long,USDT,MELANIAUSDT,3.6,10.556,38.0016,0.0,0.0,-0.02280096
2025-01-20 11:10:00,Close long,USDT,SOLUSDT,0.7,235.412,164.7884,1.398699999999,1.299826959999,-0.09887304
2025-01-20 11:05:24,Open long,USDT,SOLUSDT,0.6,233.415,140.049,0.0,0.0,-0.0840294
2025-01-20 11:05:24,Open long,USDT,SOLUSDT,0.1,233.407,23.3407,0.0,0.0,-0.01400442
2025-01-19 23:12:29,Close long,USDT,SOLUSDT,0.4,267.693,107.0772,0.2336,0.16935368,-0.06424632
2025-01-19 23:06:26,Open long,USDT,SOLUSDT,0.4,267.109,106.8436,0.0,0.0,-0.06410616
2025-01-19 19:07:08,Liquidation for short,USDT,SOLUSDT,1.1,291.478,320.6258,-4.9775,-5.16987548,-0.19237548
2025-01-19 18:52:07,Open short,USDT,SOLUSDT,1.1,286.953,315.6483,0.0,0.0,-0.18938898
2025-01-19 17:24:55,Close long,USDT,TRUMPUSDT,0.9,76.86,69.174,-0.2817,-0.3232044,-0.0415044
2025-01-19 17:24:20,Open long,USDT,TRUMPUSDT,0.9,77.173,69.4557,0.0,0.0,-0.04167342
2025-01-19 17:24:03,Liquidation for long,USDT,TRUMPUSDT,2.3,72.504,166.7592,-25.0838,-25.18385552,-0.10005552
2025-01-19 17:16:15,Open long,USDT,TRUMPUSDT,2.3,83.41,191.843,0.0,0.0,-0.1151058
2025-01-19 17:12:14,Close long,USDT,TRUMPUSDT,2.4,70.071,168.1704,4.48607999998,4.38517775998,-0.10090224
2025-01-19 17:12:14,Close long,USDT,TRUMPUSDT,0.1,70.076,7.0076,0.187419999999,0.183215439999,-0.00420456
2025-01-19 17:09:07,Open long,USDT,TRUMPUSDT,0.1,68.229,6.8229,0.0,0.0,-0.00409374
2025-01-19 17:09:07,Open long,USDT,TRUMPUSDT,0.1,68.228,6.8228,0.0,0.0,-0.00409368
2025-01-19 17:09:07,Open long,USDT,TRUMPUSDT,0.1,68.225,6.8225,0.0,0.0,-0.0040935
2025-01-19 17:09:07,Open long,USDT,TRUMPUSDT,0.1,68.225,6.8225,0.0,0.0,-0.0040935
2025-01-19 17:09:07,Open long,USDT,TRUMPUSDT,0.1,68.214,6.8214,0.0,0.0,-0.00409284
2025-01-19 17:09:07,Open long,USDT,TRUMPUSDT,0.1,68.209,6.8209,0.0,0.0,-0.00409254
2025-01-19 17:09:07,Open long,USDT,TRUMPUSDT,0.1,68.205,6.8205,0.0,0.0,-0.0040923
2025-01-19 17:09:07,Open long,USDT,TRUMPUSDT,0.1,68.203,6.8203,0.0,0.0,-0.00409218
2025-01-19 17:09:07,Open long,USDT,TRUMPUSDT,0.1,68.202,6.8202,0.0,0.0,-0.00409212
2025-01-19 17:09:07,Open long,USDT,TRUMPUSDT,0.1,68.202,6.8202,0.0,0.0,-0.00409212
2025-01-19 17:09:07,Open long,USDT,TRUMPUSDT,0.1,68.201,6.8201,0.0,0.0,-0.00409206
2025-01-19 17:09:07,Open long,USDT,TRUMPUSDT,0.1,68.2,6.82,0.0,0.0,-0.004092
2025-01-19 17:09:07,Open long,USDT,TRUMPUSDT,0.1,68.2,6.82,0.0,0.0,-0.004092
2025-01-19 17:09:07,Open long,USDT,TRUMPUSDT,0.1,68.2,6.82,0.0,0.0,-0.004092
2025-01-19 17:09:07,Open long,USDT,TRUMPUSDT,0.1,68.199,6.8199,0.0,0.0,-0.00409194
2025-01-19 17:09:07,Open long,USDT,TRUMPUSDT,0.1,68.194,6.8194,0.0,0.0,-0.00409164
2025-01-19 17:09:07,Open long,USDT,TRUMPUSDT,0.1,68.194,6.8194,0.0,0.0,-0.00409164
2025-01-19 17:09:07,Open long,USDT,TRUMPUSDT,0.1,68.193,6.8193,0.0,0.0,-0.00409158
2025-01-19 17:09:07,Open long,USDT,TRUMPUSDT,0.1,68.192,6.8192,0.0,0.0,-0.00409152
2025-01-19 17:09:07,Open long,USDT,TRUMPUSDT,0.1,68.192,6.8192,0.0,0.0,-0.00409152
2025-01-19 17:09:07,Open long,USDT,TRUMPUSDT,0.1,68.19,6.819,0.0,0.0,-0.0040914
2025-01-19 17:09:07,Open long,USDT,TRUMPUSDT,0.1,68.188,6.8188,0.0,0.0,-0.00409128
2025-01-19 17:09:07,Open long,USDT,TRUMPUSDT,0.1,68.187,6.8187,0.0,0.0,-0.00409122
2025-01-19 17:09:07,Open long,USDT,TRUMPUSDT,0.1,68.187,6.8187,0.0,0.0,-0.00409122
2025-01-19 17:09:07,Open long,USDT,TRUMPUSDT,0.1,68.186,6.8186,0.0,0.0,-0.00409116
2025-01-19 16:59:18,Close long,USDT,TRUMPUSDT,4.4,60.611,266.6884,3.1504,2.99038696,-0.16001304
2025-01-19 16:58:38,Open long,USDT,TRUMPUSDT,4.4,59.895,263.538,0.0,0.0,-0.1581228
2025-01-19 16:58:06,Close long,USDT,TRUMPUSDT,4.4,57.688,253.8272,-23.5928,-23.74509632,-0.15229632
2025-01-19 16:56:08,Open long,USDT,TRUMPUSDT,4.4,63.05,277.42,0.0,0.0,-0.166452
2025-01-19 16:50:21,Close long,USDT,TRUMPUSDT,2.1,68.587,144.0327,8.3559,8.26948038,-0.08641962
2025-01-19 16:48:56,Open long,USDT,TRUMPUSDT,2.1,64.608,135.6768,0.0,0.0,-0.08140608
2025-01-19 15:31:07,Close short,USDT,BTCUSDT,0.009,105215.4,946.9386,1.4751,0.90693684,-0.56816316
2025-01-19 14:50:16,Open short,USDT,BTCUSDT,0.009,105379.3,948.4137,0.0,0.0,-0.56904822
2025-01-19 13:16:12,Close short,USDT,SOLUSDT,0.9,268.547,241.6923,-0.291112941177,-0.436128321177,-0.14501538
2025-01-19 13:16:12,Close short,USDT,SOLUSDT,2.5,268.547,671.3675,-0.808647058825,-1.211467558825,-0.4028205
2025-01-19 13:16:12,Close short,USDT,SOLUSDT,0.1,268.547,26.8547,-0.032345882353,-0.048458702353,-0.01611282
2025-01-19 13:16:12,Close short,USDT,SOLUSDT,0.1,268.545,26.8545,-0.032145882353,-0.048258582353,-0.0161127
2025-01-19 13:16:12,Close short,USDT,SOLUSDT,2.8,268.544,751.9232,-0.897284705884,-1.348438625884,-0.45115392
2025-01-19 13:16:12,Close short,USDT,SOLUSDT,2.1,268.543,563.9403,-0.670863529413,-1.009227709413,-0.33836418
2025-01-19 13:16:00,Open short,USDT,SOLUSDT,1.3,268.221,348.6873,0.0,0.0,-0.20921238
2025-01-19 13:16:00,Open short,USDT,SOLUSDT,7.2,268.224,1931.2128,0.0,0.0,-1.15872768
2025-01-19 11:21:01,Close long,USDT,SOLUSDT,1.2,254.21,305.052,1.12908679245,0.94605559245,-0.1830312
2025-01-19 11:21:01,Close long,USDT,SOLUSDT,4.1,254.223,1042.3143,3.911013207537,3.285624627537,-0.62538858
2025-01-19 11:15:01,Open long,USDT,SOLUSDT,1.3,253.286,329.2718,0.0,0.0,-0.19756308
2025-01-19 11:15:01,Open long,USDT,SOLUSDT,0.6,253.285,151.971,0.0,0.0,-0.0911826
2025-01-19 11:15:01,Open long,USDT,SOLUSDT,0.1,253.278,25.3278,0.0,0.0,-0.01519668
2025-01-19 11:15:01,Open long,USDT,SOLUSDT,0.1,253.268,25.3268,0.0,0.0,-0.01519608
2025-01-19 11:15:01,Open long,USDT,SOLUSDT,0.1,253.259,25.3259,0.0,0.0,-0.01519554
2025-01-19 11:15:01,Open long,USDT,SOLUSDT,3.1,253.259,785.1029,0.0,0.0,-0.47106174
2025-01-19 10:44:25,Close long,USDT,SOLUSDT,9.5,257.602,2447.219,-1.947100000011,-3.415431400011,-1.4683314
2025-01-19 10:44:07,Open long,USDT,SOLUSDT,0.3,257.811,77.3433,0.0,0.0,-0.04640598
2025-01-19 10:44:07,Open long,USDT,SOLUSDT,5.2,257.809,1340.6068,0.0,0.0,-0.80436408
2025-01-19 10:44:07,Open long,USDT,SOLUSDT,1.8,257.804,464.0472,0.0,0.0,-0.27842832
2025-01-19 10:44:07,Open long,USDT,SOLUSDT,2.2,257.804,567.1688,0.0,0.0,-0.34030128
2025-01-19 10:36:30,Close long,USDT,SOLUSDT,0.2,256.791,51.3582,-0.202776271187,-0.233591191187,-0.03081492
2025-01-19 10:36:30,Close long,USDT,SOLUSDT,2.9,256.791,744.6939,-2.940255932206,-3.387072272206,-0.44681634
2025-01-19 10:36:30,Close long,USDT,SOLUSDT,0.9,256.791,231.1119,-0.91249322034,-1.05116036034,-0.13866714
2025-01-19 10:36:30,Close long,USDT,SOLUSDT,1.9,256.791,487.9029,-1.926374576273,-2.219116316273,-0.29274174
2025-01-19 10:14:11,Open long,USDT,SOLUSDT,3.6,257.808,928.1088,0.0,0.0,-0.55686528
2025-01-19 10:14:11,Open long,USDT,SOLUSDT,0.1,257.8,25.78,0.0,0.0,-0.015468
2025-01-19 10:14:11,Open long,USDT,SOLUSDT,0.5,257.8,128.9,0.0,0.0,-0.07734
2025-01-19 10:14:11,Open long,USDT,SOLUSDT,0.1,257.8,25.78,0.0,0.0,-0.015468
2025-01-19 10:14:11,Open long,USDT,SOLUSDT,1.5,257.8,386.7,0.0,0.0,-0.23202
2025-01-19 10:14:11,Open long,USDT,SOLUSDT,0.1,257.8,25.78,0.0,0.0,-0.015468
2025-01-19 01:31:23,Close long,USDT,TRUMPUSDT,1.8,27.203,48.9654,-1.134,-1.16337924,-0.02937924
2025-01-19 01:31:23,Close long,USDT,TRUMPUSDT,3.7,27.203,100.6511,-2.331,-2.39139066,-0.06039066
2025-01-19 01:27:08,Open long,USDT,TRUMPUSDT,4.5,27.833,125.2485,0.0,0.0,-0.0751491
2025-01-19 01:27:08,Open long,USDT,TRUMPUSDT,0.1,27.833,2.7833,0.0,0.0,-0.00166998
2025-01-19 01:27:08,Open long,USDT,TRUMPUSDT,0.1,27.833,2.7833,0.0,0.0,-0.00166998
2025-01-19 01:27:08,Open long,USDT,TRUMPUSDT,0.1,27.833,2.7833,0.0,0.0,-0.00166998
2025-01-19 01:27:08,Open long,USDT,TRUMPUSDT,0.1,27.833,2.7833,0.0,0.0,-0.00166998
2025-01-19 01:27:08,Open long,USDT,TRUMPUSDT,0.6,27.833,16.6998,0.0,0.0,-0.01001988
2025-01-19 01:23:30,Close short,USDT,TRUMPUSDT,5.8,28.523,165.4334,-1.7284,-1.82766004,-0.09926004
2025-01-19 01:20:17,Open short,USDT,TRUMPUSDT,5.8,28.225,163.705,0.0,0.0,-0.098223
2025-01-19 01:08:35,Close short,USDT,TRUMPUSDT,5.3,26.531,140.6143,5.763599999998,5.679231419998,-0.08436858
2025-01-19 01:07:13,Open short,USDT,TRUMPUSDT,4.8,27.618,132.5664,0.0,0.0,-0.07953984
2025-01-19 01:07:13,Open short,USDT,TRUMPUSDT,0.5,27.623,13.8115,0.0,0.0,-0.0082869
2025-01-19 01:02:58,Close short,USDT,TRUMPUSDT,1.6,27.107,43.3712,-0.4976,-0.52362272,-0.02602272
2025-01-19 01:02:58,Close short,USDT,TRUMPUSDT,1.1,27.107,29.8177,-0.3421,-0.35999062,-0.01789062
2025-01-19 01:02:58,Close short,USDT,TRUMPUSDT,0.4,27.091,10.8364,-0.118,-0.12450184,-0.00650184
2025-01-19 01:02:58,Close short,USDT,TRUMPUSDT,0.7,27.088,18.9616,-0.2044,-0.21577696,-0.01137696
2025-01-19 01:02:58,Close short,USDT,TRUMPUSDT,0.7,27.079,18.9553,-0.1981,-0.20947318,-0.01137318
2025-01-19 01:01:17,Open short,USDT,TRUMPUSDT,4.5,26.796,120.582,0.0,0.0,-0.0723492
2025-01-18 21:56:48,Close long,USDT,XRPUSDT,274.0,3.2338,886.0612,3.9182,3.38656328,-0.53163672
2025-01-18 21:36:13,Open long,USDT,XRPUSDT,274.0,3.2195,882.143,0.0,0.0,-0.5292858
2025-01-18 18:48:43,Close short,USDT,SOLUSDT,2.4,239.699,575.2776,4.7904,4.44523344,-0.34516656
2025-01-18 18:48:43,Close short,USDT,SOLUSDT,1.8,239.685,431.433,3.618,3.3591402,-0.2588598
2025-01-18 18:45:54,Open short,USDT,SOLUSDT,4.2,241.695,1015.119,0.0,0.0,-0.6090714
